1 100
6
100 6 6 6
1 1 2 PWPWDP
2 2 3 PPDPPP
3 1 4 PPWDWP
4 2 5 WPPDWP
5 2 6 PWDWPW
6 4 5 DWPWWP
200 7 5 6 WPWPDW
400 1 6 4 WPDPWP
200 8 1 5 WPWPWD
300 5
400 1 6 3 WPDPWP
30
100 10 6 10
310639707 8 9 WDPPWW
401969155 9 3 WPPDPP
56698210 8 4 WWPWDP
880901723 6 2 DWWWPP
929709333 4 3 WWPDWW
835295856 8 6 PPPDWP
506209222 1 9 PDPPWW
70148918 7 3 WPDPPW
640508042 3 10 WDWWPW
948096174 5 10 WPWDWP
200 469540276 10 8 PWWWWD
200 424959308 1 8 WPPPDW
200 383217389 4 2 WWDWPW
200 485597122 7 2 PDWPWP
200 838868988 1 7 DPWWWW
200 608267882 1 3 DPWWPW
300 56698210
300 469540276
200 416569117 7 10 PWPWDP
400 2 7 1 PWDPWP
200 71923914 3 6 PPDPWP
200 400490172 4 1 PPPWPD
200 653535483 4 10 PPWDPW
400 9 2 8 PWDWPW
200 965759446 9 7 WPPDWW
200 990790536 5 7 WPDWWP
200 6718217 4 7 WDWWWP
200 64627264 10 9 PWPPWD
200 328211639 5 9 PPPPDW
200 608055613 6 4 PWPDWW
300 70148918
200 657926739 3 2 WPWWPD
200 472056909 8 3 WPPWDW
200 606309530 8 7 WWDPWW
300 64627264
400 3 8 1 PDPWWP
200 705992340 6 10 PWWPDP
400 9 10 4 WPWDPW
400 9 5 1 WWWDPW
31
100 10 10 30
710943829 10 8 PPPDWWPPWP
963523670 6 5 WWPWPWWDPW
132863546 2 9 WDWWWPWPWP
61831236 9 1 PPWPPPPPDW
690259544 9 7 PWWWPWDWPW
946223054 9 10 DWPWPPPWPW
1937501 5 9 PWDWPPWPPP
547027100 4 2 WWDWWPWWWW
10999097 1 7 WPWPWDWWPP
616925609 1 4 WPPDPWWWWP
628411812 9 8 WPDPPWPWWP
548482754 4 8 DWWPPPWWWP
968697244 7 5 WWWDWWWPWW
553468905 2 6 WWPPWWWWPD
130939653 1 8 WPWPWWDPWW
223605224 7 3 WWDWWPWPWP
492508384 4 6 PPWWWPWWWD
424850371 1 5 WWDWWPPWWW
973874173 9 6 PDWWPPPPPW
155105689 5 10 PPPWPDPPWP
665751682 1 10 WPWWPPWDWP
118786504 5 3 WWWPPWWPPD
405606117 9 3 PWWWWWWPDP
845453981 6 1 PPPWPWWPPD
138907525 4 10 PDPPWPPPWP
588546062 7 4 WPWWPPPDWW
359611385 2 5 WWPPDPPPWW
78594069 6 3 WPPPPDWWWW
828687375 3 2 PPWDWPWWPP
894469258 8 7 DWPWPWWWWW
200 660766389 2 1 WDWWWPWPPP
200 449089237 2 10 WDWPWPWWPP
400 7 4 1 PPPPWWDWPW
400 7 5 1 WDPPWPWPPW
300 78594069
200 652579482 2 8 PWWPPWPPWD
200 791567091 6 10 PDWWPWWPPW
200 879911325 3 10 WDPPPWWPPW
300 690259544
300 492508384
400 5 2 1 WWWWWWPPWD
200 103998332 10 7 WPWDPWWPPW
200 21579025 2 7 PPWPWWPPDW
200 502420692 7 6 PPPDPPWPPP
200 154026527 3 8 PPPPDWPWWW
200 36292271 9 7 WPPWWPWDWP
200 526332608 8 6 WWWWWWDPWW
200 935040629 6 3 PWPWWPDWWP
200 359031584 9 4 DPPPPWWPWP
200 272820340 5 8 PPPWWWDWPW
300 1937501
200 719192931 5 4 PWWDWWWPPW
200 787549024 1 3 PPPWWPPDPW
300 616925609
200 557893842 4 3 WPPPWWDWWW
400 8 9 1 WPDPWWPPWW
200 489774263 5 9 PWWWPDPPWP
200 475424252 4 6 PPPDWWPPWP
200 438266245 1 4 PPWPWWWWDP
400 7 10 1 WWWPWWWDPP
41
100 20 10 40
571407604 18 14 WWDWPPWPWW
150575089 13 7 DWWPWWWPWW
548691031 11 16 PPPDWPWWWP
467676653 18 5 WWWWPWDWWW
799083648 14 9 PDPPWWWPPP
584607251 13 12 PWPDWWPWPW
194498046 20 14 WPPPWPWDWP
455926142 11 14 PDWWPWPWWW
581095003 3 8 WWWWPWDWPP
876453951 12 4 DPPPPWWPWP
738133466 4 14 WPPPWWDPPP
939564083 14 6 PWWWPWPDWW
132599217 13 11 WPWPWWWWDP
32016849 3 19 PDWPWWPWWP
69522326 10 16 WWDPPWWWWW
366330094 1 10 WPPPWPWDWW
876672227 15 13 WWPPWDPWPP
437077492 13 20 DPPPWWPWWW
410722063 5 11 PDWWWWWPPP
34171960 17 5 WWWPPDPWWW
485145383 2 7 PPWDPWPPWW
446677282 6 11 DWWPPPWWPP
484848948 20 8 WDWPWWWWPW
738821491 17 9 WWPPWPWPDP
769446278 18 12 WPDPPWPPPP
341940946 17 12 WWWWWPDWWW
256618633 18 2 WPPWPPDPWW
520463476 10 18 PWPWDPPPWP
391011132 19 4 WWPPDPPWPP
471198457 5 15 WWWPWWDWPW
364122623 6 2 PWPWWWWDWW
5857108 2 19 PPPDPPWWPW
591008231 17 8 PWPPWPDPWP
538923085 14 1 WPDPPPWWPP
184382223 16 5 PPPPPWPPWD
764068127 6 10 PPPPWPPPWD
536164929 9 19 PWPPDPPWWP
964907981 10 4 WPWWPDWPPP
813925618 17 20 PPPWWPPDWW
761729147 10 14 WPDWPWWWPP
200 268440909 4 11 PWWPWWWDWW
200 806743617 6 18 WWWPWWPPWD
200 728204189 11 9 PWWPPWDPPP
200 260311350 20 1 PWPWWWWPPD
200 326765140 11 18 PWWDWPPWPP
200 753793475 11 2 PWWWWPWPDP
400 9 14 1 PPWWWWWPDP
200 925355185 20 11 WPPWWWPWWD
200 525436852 19 10 WPWPPDWPPW
200 591457029 14 13 PPPWWDPPPW
200 351514982 5 19 PWDPPPPPWP
200 19115005 8 4 PWWPPPPDWP
200 811382114 8 14 DWPPPPPWPW
200 231698532 3 11 DPWWWPPPWW
200 64337931 7 12 PDPWPPPPPW
200 685822620 3 1 PWWWWPWWDW
300 150575089
200 516989993 7 19 WPPWDWPPWP
200 311376076 17 2 WPWPPDWPPP
300 485145383
200 891421200 5 7 PWWWPPWWDP
200 727047925 7 18 PWWPWPWDPP
200 156650468 6 17 WPPWWDWWWW
200 54763893 11 17 PPWDWPWWWW
200 747626246 5 12 PPPPPPPWDW
200 78433130 2 13 WDPWPPPPPP
300 455926142
200 239507817 11 7 WDPWPPWWWW
200 294992516 8 12 WPPWPPDPWP
200 17024037 9 12 PWPWWWDWWW
200 716651814 1 11 PPPWPPPDPP
300 351514982
300 538923085
400 3 19 1 DWPPPWWWWP
200 729670905 14 1 WPPDPWPWPW
200 849488835 12 14 DPPWPPWPWW
400 5 3 6 PPPPWDWWPP
200 888089490 14 16 PPPWWWPDPP
400 2 9 6 WPWPWPPWDP
400 12 1 7 PWPDWPPWPP
51
100 30 10 50
494040673 4 9 WWWWPWPDPP
358383380 4 1 WWPPDPWPWP
714823865 8 23 PWWWWWWDPP
247544321 22 23 WPWWPPWPDP
805423492 5 26 PWDWWWPWWW
494277791 8 27 WDPWPPWPWW
320860972 5 24 WPWPDPWPWW
11205639 3 22 WPWPWPWPDW
527990940 2 4 WPWDWPPWPP
382221242 12 24 PPPPPPPWDW
867031762 13 11 WPWWPPDPPP
318557326 4 27 DPWWPPWPPW
347499753 6 10 WWPPPPPWDW
471376680 26 20 WWWPPPPDWW
436609746 3 28 WPWDPWWWPP
194063263 30 22 PWWWPDPWPW
486569275 30 14 WWPWWDPWWW
958378773 25 29 PPWPPWDPWP
36157266 17 16 PPWWPPDWWP
518500718 25 30 PPPPDPPPPP
343504227 7 16 WWWPDPWPPW
860173422 14 1 PDWPWPPWPW
326243207 11 17 WPWPDWPWPW
335997146 6 3 WDPPWWWPPW
13760475 9 10 PPPWWPWPDP
970398080 26 6 PPPPPPPWDP
386180090 23 19 PDPWWWPPWW
878517290 5 18 WWPWDWWWPW
506494297 6 24 WPWPDWPPWP
177448817 5 2 PPPWPPWDWW
394181216 15 16 PDPWWPPPWW
887753513 23 21 WPPWDPPPPW
267753570 18 23 DPPWPWPPWP
851131396 24 3 PWWPDWWPPP
125800823 19 20 WPWDPPPWPW
306076513 20 22 PWWPWWDWWP
170189670 7 6 DPWPPWWPWW
85598200 19 28 DWPPPWWWPW
63155913 21 18 PDWPPPPPPW
52136009 9 8 PWWWPPPPWD
306067484 10 22 WPPWPPWWDW
26148837 13 14 PPWPWDPWWP
807342865 29 28 WPWWWWDPPW
51025319 28 22 PPPPWPPDWW
603634382 22 6 PWPPWDPWWW
465142890 29 19 PDPPPPPPWP
426782009 20 12 WDPPWWWPWW
556523259 28 13 WWDWPWWPWW
382379039 10 16 WWWWDWWWWW
628159254 26 15 PWDWPPWWWW
300 26148837
200 896523190 1 11 PWWWPPDWWW
400 23 21 1 DWPWPWWWWW
200 221891103 6 12 WDWWPPPWPW
200 33355013 21 19 WWPDPPPWWW
200 426575214 14 11 WPPPWPWDPW
200 776877886 3 9 PWPPDPWPWP
200 80223316 2 27 WWPPPPWPDW
200 954022400 15 27 PPPDWWWPPP
300 11205639
200 450338301 18 16 WPWWPWDPPW
200 865599693 28 7 WWWPWPWWDP
200 454017171 5 12 WWWDPWPWWW
200 682007193 3 23 WPWPDPWWWP
400 22 5 9 DWPPPPWPPP
200 594857503 15 1 PPWPWPPWDW
200 66336959 20 27 PWWPPWPWDW
200 428874927 4 23 WPWPWPWPWD
200 178027999 12 28 PPWWWPDPWP
200 52330367 6 29 WPPWWPWDPW
300 247544321
400 5 14 15 WWDPWWPPWP
200 571666435 12 7 DWWPWWWPPP
200 214235108 6 28 PWPPDPPWWW
200 908637293 21 3 PWPWPWWPDP
200 888423567 4 11 PPWWDWPPPW
200 702060254 7 30 WWDWWWWPWP
200 691026755 8 19 PWWWPPPDPW
200 723810818 14 5 WWWPDWWWPW
200 939137961 16 14 DPWPWWPWPP
200 243715356 21 7 WWDWWWPPPP
200 368132423 25 3 WWWWPDWWWW
200 45668709 6 17 WWWWWPPDWP
200 24075441 21 14 PPPPPDPWWP
200 607929233 22 7 DPWWWWWWPW
200 795062975 9 12 PWDWWPPPPW
300 306067484
200 491979964 7 11 WPPPPWWPDW
200 257469945 23 15 PPWPPDPWPP
200 118589967 19 11 WPPPDPPWWP
200 342084095 20 1 WPPWPPDWWP
200 849970215 25 11 WPPWWWWWWD
200 776406335 13 15 DWWPWWPPWW
200 112148564 2 11 PWWDWPPPPP
300 45668709
400 13 10 8 WWPWWPWPDW
200 615427500 4 21 PWDPWPWWPP
200 667342812 30 5 WPPPPDPPPW
200 38547768 14 8 PDWPWPPWPW
400 14 17 6 WWWWWWPDPW
71
100 30 10 50
33754655 15 8 WWPPDPWPPP
314270870 13 18 PPWPPPPDWP
972944604 29 30 PPWWPPDWWP
488550260 14 7 PWPPPWWPDP
967273831 28 26 WPWPPPDWPP
990917796 28 24 WWPPWPPDWP
100698420 25 6 DPWPPPPWPW
21705469 10 22 WWWPPWPDPW
638706395 8 29 PPPWPWWPWD
122129284 18 6 DPPPWPPPWW
493227784 9 8 PWPDPPWPWP
809945249 4 2 WWPPPDPPPW
440382733 11 23 PPPWDWPWPP
976299688 20 27 WDWPWPWPWW
453810625 28 12 WPPWWPPDWW
733526819 11 15 PWPWWPWDPP
953700987 24 13 WPWDPWWPPW
571911338 14 29 PPPWWDPPWP
542730046 17 6 PPPWPPPDPW
137338665 17 11 PWDPPWWWPW
920466035 20 16 DWWPWPWWPP
467015898 24 14 PWPPWPPPPD
197120757 30 9 WDPWPPPPPW
392259103 3 5 PPPWDWWPWP
643955699 18 19 DPWPPPPWWP
128471739 4 29 WPDWWWWWPP
409531538 14 28 PWWPWDPWPP
71862081 18 1 PPPDWPWWPP
879688586 9 2 WPDPPWWWWW
111351375 1 4 WPPPDWPWWP
479164531 9 22 WPDWWWPWPW
467180439 17 22 DWWWPPWWPW
781260380 27 10 WPPPPPWDWW
546573483 1 15 PDPWWWWWPW
953387258 16 3 WWWWPDWWWW
90816721 22 24 PPDWPPPWWW
752119562 26 24 WWDWPPWPWP
212971415 12 9 PDWWPPPPWP
36122778 13 30 PDWPWPWWPP
230158580 27 8 WWWWPPDPWP
109195552 3 19 PWPWPPWWDW
756829628 23 3 WPDPPWWPWW
336287352 5 18 PPDPPPWWPP
352831582 19 21 DWWPPWWWPP
470090940 1 14 WWPWWDWPPW
801415792 1 13 PPPWPPPDWP
780661264 24 4 PDPPPPWPPW
475252554 19 25 WWPPWWPDWP
877417211 14 13 PPDPPWWPPW
393806568 30 17 WWPWPPPPWD
200 604288169 5 2 PWPPPWWWWD
200 306488785 3 24 PPWPPDPPPP
200 578567581 8 16 WDPWWWWPWP
200 31702905 9 10 DPPPPWWWWW
200 453775231 27 12 WPWWPPDPWP
200 370227494 14 2 WPPPPPWWPD
200 98619112 7 5 WWWPWWDPPW
200 361376462 3 21 WWWPWWWWWD
400 3 21 1 WPWPDWWWPW
200 122483357 25 9 WWWPPPPDWP
200 687468693 11 24 DWPWPWPWPW
200 140072754 16 27 WWWDWWPPWW
200 488723665 25 27 PPDWWWWWPP
200 155946925 17 24 WWPPWWPDWW
200 599976118 20 1 WWWDWWWWWP
200 157752801 14 26 WWDPWPPWPW
200 428336720 21 28 WWWWDWWPPW
200 76497156 1 12 PWPPDPWWPW
400 4 20 6 PPWWPPDPWP
200 973044721 6 13 DWPWPWPWPW
400 26 9 9 WWWPWDWPPW
200 290704119 13 15 WWWWPWWWDW
200 1225584 21 26 WPDPWWPPPW
200 598614707 12 8 PWDPWPPPPW
200 916821773 9 4 WWPDPPPPWP
300 973044721
200 655655247 13 27 PPWWWWPDPW
200 961182877 11 18 DWWPWWWPWW
200 957715930 29 12 DWWPWPPWPW
200 828561264 29 5 WWWDPPPWWP
300 212971415
200 623086799 12 13 PWPPWPDWPW
200 482322457 22 1 PWDWPWWPPP
200 184920525 21 2 PWDWWPWPPP
300 98619112
300 36122778
200 860751058 13 23 WPPPDWWPWP
200 811309156 8 20 PPWPDPWWWP
300 90816721
200 116224757 28 23 PPDPWPPPWP
400 17 14 5 DWPWWWPPWP
200 374745233 13 28 WPPPWDWPWP
200 779170948 18 22 PPPPPPPPDW
200 236169508 29 23 PPPPWDPPPP
300 976299688
200 560060611 14 30 PPWPPWDWPW
200 277613359 22 3 PWPPWDWWPW
200 369818342 26 8 WPPWDPWWPP
200 826110048 15 12 DPWWWPWPPP
200 370398967 2 10 WPPPWDPPPP
400 1 12 1 PPPDPWPPPW
200 413473353 17 1 WWPDWPWWPP
300 623086799
200 789066849 13 6 WWPDPPPPWW
200 50544932 18 29 WPWDPWWWWW
300 860751058
400 21 22 6 WPPPPWWDPP
300 578567581
200 394848738 20 6 PWWWWPWWDW
200 176612830 16 22 DPWPWWPWPW
200 43105361 16 11 WWWPPPPDWP
400 28 9 11 WWPWPDWWWW
400 16 23 4 PWWWPPWWDW
200 103416873 23 14 PWPDPWPWPW
200 884923154 6 26 PWWWPPPWDP
200 469691782 19 16 WPDWPWPWWP
400 18 9 6 PPWPDPWPWP
300 779170948
200 630738639 10 13 WPWPWDPWPW
400 24 12 5 WDWPWPWPPP
81
100 30 10 50
60814785 5 7 DWWWWWPWWW
29135458 23 16 PPWPPDWPPW
513578888 27 23 PPPDPWWWPW
324109546 2 19 PPWWPWDWWP
82394725 16 27 WWWPPDWPPP
899378507 29 20 WPWWPPDPPW
127050411 30 3 PPPWWPDPPP
745315712 2 9 PWWWPPPWDP
968414723 10 16 PWDWWWPPPW
289293711 27 26 PPWDWWWPPP
818575705 15 29 DWPWPPPWPP
201487422 16 11 WWWDPPWWWW
977223262 13 29 WWWPDPWWPW
360417604 14 24 PDWPPPPPPW
398950413 3 7 PPPPPWDPWW
995742941 2 10 PPDPWWPPWP
636953077 8 13 DWPWPPPPWW
272105930 30 26 WPWDPWPWPW
604579899 30 24 DWWPPPWWWW
36561240 4 19 PPWWDPWWWP
512995592 6 9 PWPWPPPPWD
921539088 9 5 PWWPWPWWWD
191927255 30 14 PDPPPWPWWW
425759825 4 8 PPWWWPWPPD
891515614 9 15 PWDPPPWPPP
157248777 8 19 PPDWWWPPPW
213812856 29 7 WPPDWPPPWP
209205772 9 27 PWWPPWPPPD
709882209 17 12 PWWPPWDPWW
851713844 8 21 PPDPPPPPPW
568575391 8 18 WPWWDWWWPP
833604058 14 19 PPPDPPPWPW
887219579 7 14 WWWWWWDPWP
605192719 28 29 PWDWPPPWPP
56133889 21 10 PWPWDWPPWW
16080464 26 4 WPWDPPWPPW
618933188 21 13 PPWDPPWWWW
384066626 13 7 WWWPDPWWWW
521225172 28 18 PDPWWPPPWP
584203532 19 16 PWWDWPPPPW
560697894 5 14 WWWPWWPDWP
894834758 30 10 PPWWWDWWWP
616723985 15 23 PWDWPPPPPP
267168232 12 3 WWWWWWDPPW
952601854 8 28 PWWWWWWPDW
512384617 28 14 PWPDPWWWPW
361028479 24 15 PPWWWWPPDW
73099995 28 24 WPWWPPWPWD
346711167 1 25 PPWWWWPDWW
391689415 26 11 WWWWPPPWDW
200 63837604 27 19 PDPPPWPPWW
200 18228218 27 8 DWWWPPPPWW
300 818575705
200 690324887 21 23 PWPWPPWPPD
200 773176744 24 18 WPPWWDPWWP
300 745315712
200 186947546 25 11 PPDWWWWPPP
200 717296907 11 30 PWPWWDWPWW
200 813157291 15 29 WWPWWPDPPW
200 38238948 20 6 PPPPDWPPWP
400 11 16 1 WPPWDPPWPW
200 119355638 23 19 PPPPPWWPDP
200 15432494 9 11 DWPWWPPWWW
200 55704526 11 10 WPWPPDWWPP
200 259375409 1 3 WWPWPWDPPW
200 991489643 19 18 PPWPWWWWWD
300 568575391
200 24649034 10 20 WPDPWPPWWW
200 253861451 4 14 DWPWPWWPPP
200 249885353 12 26 WWDWPWWPPW
200 346780068 25 26 DWPWWWPPWW
200 262528586 23 30 WPWWDPPPWW
200 267519134 2 27 PPWWWPWWPD
200 712521698 24 11 PPDPPWWWPW
200 745820260 24 5 WPPPWPWPWD
200 132755249 15 19 PWWPPWDWPP
200 844072792 3 18 DPPPWPPWPW
200 776060485 20 17 PWWWWDPPWW
200 282039950 30 9 PWWPDPWWPW
200 999748769 18 16 WPPDWWPPPW
200 634798683 13 9 WPWPPPPWWD
200 36568124 27 13 PWWDWPWWWP
200 757517660 16 8 PWPDWWWWPP
300 605192719
400 19 24 4 PDWPWWWWPP
200 928931442 18 27 WWWDWWPWWP
300 899378507
200 45077649 28 30 PWPPPWPDWP
200 34510167 11 3 PPDWPWWWWP
200 634571584 10 13 WPPWWDPWPW
200 379779837 30 18 WWWWPDWWWP
200 924529205 26 7 PPPDPPPWWW
200 732351929 23 13 WWPWPWDPPP
200 561510562 22 30 WDWWWWPWPP
200 704846058 17 8 PPPPWPPWDP
200 84901857 10 25 PWPPWDPWWW
200 455499634 10 6 WWDPWWWPWP
400 3 5 7 WPPWDWWPPP
400 3 7 1 PPDWWWPWPW
200 496620158 24 7 DPPPWWPPWP
200 723581432 28 7 PWWWDWPWWP
300 267519134
200 334030041 29 8 WWPWDWPWWP
200 875255112 26 20 WWPPDWWPPW
200 224520241 23 9 WPWWPWDPWP
200 934794212 3 2 PPPDPPPPWW
200 326122909 12 1 WPPWWWWWDW
200 928693766 13 1 WPWWPDWPWP
200 473106149 9 19 PPWWPDWPPW
300 249885353
300 921539088
200 866611638 14 12 PWPWPPWDPW
200 843616988 28 16 WPPWDWPPWW
200 821727061 14 2 PPWWPPPWPD
200 759667569 21 15 WWWPWWWWDW
200 525445293 15 30 WPWPDWWPWW
300 513578888
200 893825493 26 9 WWWWWWWPDW
200 828375259 27 22 PPDPWWPPPW
200 411861927 7 17 WWPPWWWWPD
400 27 25 5 PPPWPWWPPD
200 408021753 13 26 PPPWWWWPPD
400 28 26 6 DWPPPPPWPW
300 525445293
400 8 29 1 PWPPPDWPWP
400 9 29 5 PDWPPPWWWP
200 601077212 5 30 WDWWPPPPPW
200 809140931 16 7 WPPPPWWWDP
400 18 22 6 PDPWWPWWWW
400 20 18 10 PDPPWWPWWP
91
100 30 10 50
948991971 6 8 PPPPWWPWWD
609645320 29 21 PPPPPPPDWW
191530606 30 26 WWDPWWPPPP
862601852 3 21 WWWPDPWWPW
248555923 29 20 PPDPWWPWPP
660861155 5 7 PPPWPPDPPW
522341981 28 22 WPDPPPWPWP
195754378 25 18 WDWPWWPWWW
853286561 20 6 WWPWWWWPDP
5843496 14 16 PWDPWWPWWP
641683907 21 19 WPPDPWWPWW
408997439 14 17 PWDWPWPPPP
352820714 11 29 WWWPDWPWPW
205739470 27 29 PDPWPPWWWW
322581707 9 18 PWWWDPWPWP
901193905 25 24 PDWWPPPPWW
760067916 13 3 PPPPWDPPWW
324031245 9 19 PDWPWWPPWW
531510984 28 24 WWPWWWWWPD
209968413 28 8 WPWPPWWDWP
338205283 17 8 WWWPWWPPDW
526673931 12 19 PWPPPDPPWW
21661871 8 9 PPWDPWWPPP
615137680 11 23 WPPPWWWDPP
282342269 1 30 WWPPPDPPWP
421373999 15 4 PWPWWPWWDW
56865049 25 30 PPPWWPPDWP
108802178 26 4 WPWWDWWPPW
717002383 16 5 PWWPPWWWDW
625779479 13 4 WPDPWWPPWP
192468813 22 18 WPDWWPWWPP
940406260 5 1 WWPWWWPDPP
722574822 27 4 WPDPWPWPWP
862229358 15 24 WWWPPWWDWW
593903644 6 7 PDWPPPWWWW
833693230 13 19 PWPWWDWPPP
903772629 7 27 DWPWWWPWPW
907572157 13 27 WWWPDWWPPP
957682285 10 8 PWDPWWWPPW
634001054 28 26 WPWPWWDWPP
371688356 16 11 WPDWWWPPWW
837657643 1 11 WPPPDPWWPW
746151669 28 14 WPWWWWWPDW
26426713 1 27 PPDPPWWPWP
662384377 17 5 PPPDWWPWPP
266629223 5 21 WPDWPWWWWP
688016516 11 26 PWPWWPPPWD
313592442 11 20 DPPPWWPPPW
187980415 14 6 WWWPPWPWDW
796506170 4 11 WPDPPWWWPW
200 14835786 12 23 PPWPWPDPWW
200 336152647 8 7 DPWPPPWWWP
200 980002697 15 6 PDPWWWWWPW
200 67988058 29 16 WPWWWWWPWD
200 982731633 4 10 PPDPWPPWWW
200 69387970 21 2 PPDPWWWWPW
200 338646647 10 23 WPPPPWPPDW
200 323886689 10 22 PWWPWWWWPD
200 743589931 18 23 WWWDPPWPWW
200 106732876 12 24 WWWDWPWPWW
200 903811355 16 13 PPPPDPPPWW
200 757618849 7 13 WWPPPPPDPW
200 657631070 22 6 WPWDWPWPPP
200 411355123 24 22 PWPPPWWPDW
200 137229697 25 28 WWDPWPPPWW
400 25 30 1 WDWPWPPWPW
200 156575240 13 6 WDPPWWPWWW
300 266629223
200 502479954 6 24 PDWPWPPWWW
300 837657643
200 125156004 5 13 PDPPWWPPWW
200 781979174 25 26 PPWDPWPPWP
300 5843496
400 12 25 5 PWPWWPWPWD
200 507861156 25 22 PWWPDPPWPW
200 124496820 2 3 WPPWPDWPPP
200 282535115 29 3 WPWPWPDPWP
200 696857282 30 4 WPDPPPPWWP
200 594947870 1 7 WWPPWPDPPW
200 791750927 9 14 PWWWWDPPWW
200 518756235 19 3 WWPDPPPPWP
200 398647879 28 12 WPWPPDWPWW
200 696860961 3 12 WPWPPWDWPP
200 20913129 7 9 PWPWDWWWWW
200 654453066 10 15 WWWWDWPWWP
200 340243164 6 19 WWPDPWWWPP
300 654453066
200 485146371 25 19 PWPWPWPDWW
200 900387144 21 24 WWPWDPPWWW
200 548266945 23 28 WPPWPWDWPP
200 594893821 26 14 PPPPWDWWPP
200 364603026 12 21 PWWPDPWWWW
200 380635119 7 22 WPDPPWPWPW
200 6783471 21 6 PDWWPWWWWP
200 411952095 14 13 WDPPPWPWPP
200 391947289 25 17 WWDPPPPWWP
200 71969296 29 9 WWPDWWPWPP
200 801317646 2 23 PWWPPDWPWW
200 491227644 19 26 DWWPWWWWPW
200 906643349 11 28 PWWWWWWWDW
200 160103389 18 8 WWPWPPPDWW
200 882199224 25 2 WWWWPPPDWP
200 494257438 17 3 PWPWWPWDWW
300 907572157
200 59832893 11 24 PWPWPPWWDW
400 7 4 7 WWWPPWWWDP
200 111000720 20 27 PDWWWPWPPP
200 509961109 13 18 PPWDWWPPWW
200 855331232 6 9 PPDWPWWWWP
200 298806933 22 19 WWWPWWWDPW
200 243327092 4 5 WWPWDPWWWW
200 91282509 18 28 DWPWPPWWWW
400 21 4 8 DWWWPWWPWW
200 443219752 8 11 PPWWWDPPPP
200 400971088 29 4 DWPWWWPWWP
200 59983014 20 23 WPWPWPPDPP
200 554144071 8 27 WWPPWWDWPW
200 281580724 6 30 WPPPPPPPDW
300 957682285
300 760067916
300 322581707
200 23918758 20 5 PWWWDWPPWW
200 754122 20 17 WPWPWWPPPD
200 715016637 17 11 PPPWWPWPDW
200 513014375 24 23 PPPWDPPWWW
200 923793566 27 11 PDWPPWWPWW
200 65675433 19 8 PWPWWPDWWW
400 30 20 8 PWPPWWWWWD
300 6783471
200 394505325 26 29 WPDPWPWPWP
200 58624667 5 30 WPWPDPPPWP
300 940406260
200 232847933 2 12 PPPWDPPPPW
400 17 2 4 DPPWPWPPPW
400 8 28 1 WPPWWPPWDW
200 298475025 23 4 DWPWPPWWPP
400 15 20 5 PPPPWWDPPW
200 171479404 19 28 PWDPPWPWWW
400 5 21 10 DWPWPPPPWP
400 24 1 9 WPWPWPPDPW
101
100 30 10 50
245752080 6 13 WPWPPPPWDW
179046209 16 29 WWWPPPDPWW
166530041 7 25 PWPPPPPDWW
5728934 21 4 WDWPPPWPPP
124827263 12 29 PWWWWDWPPP
538455260 26 5 PWWWDPPPWW
505979943 17 25 WPPPPDPPPP
66742051 28 21 PPPPPWDWPW
930254099 9 30 DPPPWWPWPP
394208806 6 14 PPPWWWPWDP
913087659 17 5 WDWWPPPPPW
852226526 2 6 WPDWWWPWPW
505992371 8 13 DWPPPPWWWW
765184150 19 28 PPPPWDPPWW
310877111 25 6 WWWWPWPPDW
516724155 19 20 PWWWPPPPPD
518928266 6 10 WWWPDWWPWP
877298160 17 7 PPWWWPPPWD
584324535 3 20 PPWWWPDPPW
62446203 27 28 PPDWPWPWPP
67236185 18 23 PWPWWPDPPP
231559831 6 7 WWWPWDWPWW
803244631 10 11 WWPWWPWDWP
138129988 18 21 WPWWPPWWPD
182661383 15 18 WPWWDWWPPW
909423342 3 8 PWPDPPWPPP
463327417 20 28 WPPWPDPWWW
206853881 15 30 PPWDWPPWWP
670132393 10 8 PPPDPPWWPP
62541659 8 1 PPWPWPWDPW
132835348 20 2 PPWWDWWWWW
76405061 16 1 PWPWDWPPWP
76758743 17 19 PWPWPPDPPW
811408716 2 3 PPWPPDPWWW
323707931 19 26 WPDWWPPWPW
763399302 24 1 PPWWDWWWPW
883477133 2 27 PWWPDWWPWP
209884047 16 5 WPWWWPPWWD
230800857 28 29 DPPWWPWPPP
113704063 27 22 WWPDWWWWPW
335939418 8 23 WPDWPPWWPP
505565228 7 26 PPWWWDWWPW
339740734 11 14 WWWDPWPPWW
761316436 11 30 DWPPPWWPWW
214287761 23 20 PWWWPWPPDW
922982274 26 29 WPPDWWPPWW
42745578 4 28 WWWPWDPPPW
510293192 9 2 PPPPPWWPPD
434987698 19 25 PPWWDWWWWP
857204028 25 13 WPPPPWDWWP
200 228145742 27 12 PWWWPWPDWW
200 338864940 1 11 PPPWWWWWPD
200 321479225 29 14 PPWPDPWWPP
400 28 29 1 WPWWPPDPPW
200 44514641 7 29 PWPWPPWPDW
200 37732640 3 29 WPWPWPWDPP
200 782375543 23 19 WWDWPWPWPW
200 956642853 3 15 WWWPWDPWWW
200 458687597 10 14 PPPWWWPDPP
200 918518936 20 27 WPPWDWPWPW
300 518928266
300 209884047
200 582112203 29 5 WWPWWPPDWP
200 402019517 21 20 PWWDWWWWWP
300 763399302
200 952187819 29 15 WWPDPWPWWP
200 62719615 5 20 WPWWWPPWDW
200 373765098 8 22 DWWWPPPWWW
200 953376787 17 11 WPWWWWWDWP
200 70569844 8 2 WWPPPWPWDW
200 436998321 30 28 PWWWWWPPWD
200 184030582 15 6 WDPWPWWWPP
200 800875507 1 10 PPPPWPDPWW
200 434219410 20 8 DPWWWPPPPP
200 491126543 14 15 WWPWDPWWPW
300 70569844
200 103771465 17 16 PPPPPWDWWP
200 542863496 17 29 WWWWWWWWWD
200 330746083 2 28 WWPWWDWWWW
200 146141606 29 22 WPPDPWWWPP
300 44514641
300 67236185
200 361318798 17 6 WPPPWPWWPD
400 18 20 7 PPDWWPWPWP
200 594980480 26 9 WWPPWPPPWD
200 15351682 8 9 WDWWPPWWWW
200 115183284 15 7 PWWWWDWWPP
200 454957505 27 3 WPWPWWDWPW
200 958237770 18 22 WPWWPPDWWW
200 17209200 7 22 WWWWPWWWDW
200 924895172 22 9 PPWPPWWDWP
200 301672784 5 7 PDWWWWWPPP
200 957605071 28 10 PWPWPWPDWW
200 217985065 10 9 PDPWPPPWPW
200 334927725 12 30 WWDPWWPWPW
200 396873677 7 13 WPDPWWPWPW
400 17 1 6 WWPPDPWWPP
200 242383494 29 2 DPWWWPWPPW
300 463327417
200 12298665 10 30 PWWDPWPWPP
200 553884540 26 10 PWPPDPWWWW
200 999569682 16 27 DWPWWWWWPW
200 452055795 29 1 PPWWWWPPPD
200 110291683 7 11 PPWPWWDWWP
200 314858603 24 6 PPWPPWDWWP
200 327092178 14 26 WWPPDWPPPP
200 482238212 6 23 PWPDPPWPPP
200 574030369 7 20 PPWDPWPPPW
200 340992783 4 27 WWWWDWPWWW
200 816667219 1 12 PDWWWPPWPP
200 746525376 14 16 PWPPDWWWPW
200 644728290 13 11 DWWPWWWWWW
200 809805753 23 1 PWWDWWWWWP
200 311508141 17 27 WDWWPWPPWP
200 588917115 21 22 WDWPPWPWWW
200 800583336 8 12 WPPDPWWPPW
200 728101165 26 22 WWPPPPWPWD
200 373890693 16 13 PPWPWPPWDP
200 61601160 22 5 PPPDWPPPPP
200 907831383 28 8 PWDPWWWWWP
200 963448815 24 3 PWWWPDPPWP
200 699412731 20 15 DPPWPPPPWW
200 64854601 4 11 WPWWDPWPWP
400 6 11 5 DPWPWPWWWW
400 8 6 6 PPWPWDPPPW
200 423609044 20 28 WWPPDPWWPW
200 31454604 9 23 PPWPWPPDWP
400 24 6 1 PPWPPPPWDW
200 465505933 11 29 WWPDWPWPWW
200 175738333 29 4 WWPWDPWWPP
200 341492285 20 13 WWDPPWWWWP
300 166530041
300 800583336
200 75915139 8 19 WPPWPPPDPP
200 72825003 25 7 PWDPWPPPWP
200 265683552 23 13 WWWWWPPDPW
200 451595563 9 4 PWWWWPDPPP
300 402019517
200 31242079 12 11 WPWWPWWPDP
200 662476569 10 12 PPWPWWPDPP
200 948630607 4 24 WWWPPPWWPD
200 827651089 22 13 WPPDWWPWPW
200 500936678 22 28 PPPWPDPWWW
400 1 7 6 WPDWPPPPWP
400 17 14 6 PWWPDPPWWW
400 1 8 1 PPWWWDPPPW
200 961977494 18 25 PWWWPPWDPW
200 709095352 4 3 WWPWDPPPPW
200 678192117 28 23 WPPWPWPPDP
400 11 24 6 WPPDPPPPPP
111
100 30 10 50
690242304 26 15 WWWPPWDWPP
59980683 6 8 PWWPPDPWWP
282204770 13 9 PDWWWPPWPW
960965531 14 29 WWPWWDPWWW
66107402 22 8 PWPWDWPWWW
306679983 22 24 WPWPWPWPWD
480473757 17 1 PWWWPDPPPW
246658064 6 13 WWWPPWDWWP
283548939 2 9 PPPWWWDWWW
506774379 23 26 PDPWWPWPPW
16194660 30 10 PWDPPPPWPW
65716816 27 21 PWWPWWPDWW
886306801 1 6 PWPPWPWWPD
629776583 14 26 PPPWWDPPWW
3865497 4 26 PWPPDWWWWW
61187601 20 1 PWPWPPPPPD
251067389 27 26 WPPWWWWDWP
771435684 18 27 WPPPPWWPDW
1763028 8 14 WPPWWWPDPW
172006148 19 14 WPWWWPWDWW
74627936 10 2 WPPWWWDWWW
91261197 17 26 PPWWPPDPWW
604405795 13 10 DWPPPWPPWW
404551616 8 25 PDWWWWPPWP
124912149 22 17 WWPPPWPWPD
716657088 29 19 PPDPPWPWPP
104413959 29 8 PPDPWPWWWW
868118767 16 2 WPPPPDWWWW
704991231 15 28 PWWPPDPWWW
981302278 4 18 PWDPPPPPWW
506866243 15 11 WPWPWWPWDW
381192649 23 12 PWWWPPPDWP
532694809 27 14 PPWWDWWWPW
831869727 6 22 WWPPWPPPDW
985288629 28 8 WWDPWWPWWP
51581186 14 4 PWWPDPPWPW
970460123 11 22 PPDPWPWWPP
398871704 30 29 PWWDPPPPPP
810329516 19 4 PWDPPWPPWW
547606939 17 23 PWDPPWWPWP
879537907 22 2 PPPDWPPWWP
977592955 21 1 PWWPDWWPWW
877004073 5 26 PDWWPWPWPP
294600538 17 9 DWPPPPWWWP
912731418 12 8 WWWWDPWWPP
436073432 11 24 WWWPPWWDPW
58141993 16 17 PWPWDPPWPW
338965956 28 20 PWWDPWWPPP
420410045 28 6 PWWWPWDPPW
888715838 16 10 PWWPDPPPWW
200 774620486 23 20 WWWPWPWWDP
200 57289942 19 9 WWWWDWWPPW
200 976310276 12 20 PWWPWWDPPP
200 473784487 9 26 WWWPWDWWPP
200 953611975 12 2 PPPPWDWPWP
200 449041313 8 17 WWDPPWWPWW
200 204441449 28 16 DPPPPWWWPW
200 643897981 4 12 PDPPWPPWPP
200 128324977 5 6 PWPDPWWWWW
200 614232196 3 17 PPPPWDWPPW
200 720536341 11 5 WWWPWDPPPP
200 273870179 10 5 PWPPWPWWDW
200 242020884 18 28 WPWPPPWDPP
200 892779932 7 1 WPPDPWPPPP
200 919686170 19 10 WWWWDWWWWP
200 963592038 22 15 WPPPWPWDPP
200 568140923 16 3 WDWPPPPWWW
200 692079891 11 20 DPWWWWWPWW
200 233158555 21 18 PPPPPPWDWW
200 673138529 19 11 PPPDPPPPWP
300 919686170
200 176042637 16 7 WWPWPWPWDP
300 282204770
200 508490657 23 19 PPWPPWDPPP
300 643897981
300 58141993
200 341054088 6 25 PDWWWWPWPW
200 966677498 6 10 WPPWPWPWDW
200 52359930 5 8 WWPPPDWPPW
200 494391172 3 15 WPWWPPDPPW
400 8 14 1 PDWPPPPPPP
200 799887222 13 24 WPWWPWWDWW
200 8712284 21 24 DWWWPWPPWW
200 719698489 8 13 PDWPPWWWWW
200 804091075 24 18 WDWPPPWWWP
400 3 15 1 PPPDPPPPPW
200 913386041 17 28 PWPPWWWWDP
200 297974300 27 7 DPWPWPPPPP
200 6690230 11 12 PPWWPPDWWP
200 563423329 10 29 PPPPWWPDPP
200 861547642 23 22 PWPWWWPDWW
200 10623283 6 12 PWPPPWPWDW
200 484119040 8 4 WWWPPPWWDW
200 397293785 11 4 WWPWWPPPPD
200 843426615 13 15 WPPWDPPWPW
200 810138164 7 29 WWWPPWPWWD
200 990363410 11 29 WPPPPWWPPD
200 369197894 13 19 PWPWPWPWPD
200 341496479 6 29 WPWWWWWPWD
200 223727 18 16 WWPPPPWPDP
200 452968036 5 25 WDPPWPPWPW
200 33155140 5 18 DPWPWPWPWP
200 739018031 27 17 WWPWPDWWPW
200 347306303 9 1 PPWWDWWPWP
200 360562525 5 30 WDWPWWPWWW
200 253872860 29 28 DWWWPPWPPW
200 334203712 21 12 WPWWDPPWPW
200 684009678 29 27 PDPWWWPPPW
400 16 28 1 WPWWPDWWWW
200 944652251 8 7 PPDWPWWPWP
200 692794856 20 17 WPPPWDPWPW
200 614452535 25 27 PDWWPWPWWP
200 598176481 23 11 PWWWDWPWPP
200 687126011 21 5 WWPDPPWWWW
200 976377973 22 21 WDPPWPPPPP
200 605992471 24 3 WWWDWPPPPW
300 251067389
300 568140923
200 840401850 5 15 WWDWWPWPPW
200 34413801 26 13 PWWWWWWDPP
200 634058334 12 14 WPDWWWPWWW
200 303048257 19 7 WPDWWWPWWW
300 369197894
200 310239954 26 24 WWWDPPWWPW
200 125385994 5 3 PPWWPWWDPP
200 239877368 9 4 DPWWPWWPPW
200 785123820 30 12 DWPWWPWWPP
200 59854810 18 26 PPPWWPPDWW
200 521275473 28 11 WPPPPWWPDP
400 5 25 1 DWPPPPWPWP
200 276548493 25 29 WWWWPDPWWW
200 312940057 21 19 PDWPWPWWPP
200 387852607 27 13 PWWPWPPPDW
200 44942423 9 23 WPPWWPDWPP
200 970672766 6 26 PPWPPDWWWW
200 866617158 2 1 WWPPWWDWPW
200 529836120 13 14 WWWWPPPPDP
200 731636607 26 25 PPWWDPPWPP
200 724916808 4 27 PPPWPWWDPW
200 374587345 11 10 PPPWPPPPWD
300 634058334
200 729970466 27 6 WDWPPPWWPP
200 16083429 22 13 PPPDPWPPWW
400 11 5 1 WPPDWWWWWW
200 909212851 19 28 PPPPWPWPPD
200 162281537 21 3 WWPPWWDWPP
200 915951291 9 5 DPPWPPWPPW
300 771435684
200 957716782 30 14 PPWPPWPWWD
200 219597893 7 4 PPWWWPDPPW
400 25 7 4 WPPPWDPWWW
200 336759119 29 17 WPWWWWPWDP
400 9 6 6 PDPWWPWWWP
400 12 2 1 WWPWWWDWWP
200 494511553 17 30 PWWWPPPDPP
200 786825258 3 30 PPWPWPWWPD
200 335494188 2 3 DWWWPPWWPP
400 17 25 6 PPWPWWWPDW
300 16083429
400 20 18 6 PDPWWPPWWW
146
100 30 10 50
457760591 22 15 PPPPPWPWWD
26744887 7 15 PWWDWWWPPP
112448482 24 2 PPDPPWPPPP
241038144 22 27 WWPPWWWDPP
7277740 29 10 WPWPDPPPPW
698602121 7 16 PPPWDWWPPP
949756165 10 19 DWPPWWPWWW
78643023 15 3 PWWPWWWDPW
491137289 29 7 DWPWWPPWWW
553208043 20 25 WWPWPPDPPW
425966379 11 26 PPWPWPPWWD
697720323 27 2 WPPPWDPPPW
72998931 23 9 WWPWDWPPPW
480928079 20 30 WPPDPPWWWP
157889158 2 10 WDWPPWPWWP
327542386 14 3 WDPPWWWPPW
47762243 4 20 PWWPPWPDPP
423157323 11 18 PPWPDPPPWP
775018056 11 10 PWWDWPPPPW
224571284 15 10 PDWWWPPWPP
825504761 12 28 WPWPWWDWWW
965544505 20 24 PWWPWPDWPP
51357280 26 13 PPWWPWDPWP
817928449 28 29 WPWDWPWWWW
90720435 8 2 WDWPPWWPPW
510716288 30 17 PPDWPPPWWP
956227776 21 24 WPWDPWWPPW
422737108 6 14 WDWWWWWPPP
12559736 8 25 WPDPWPPPPW
32548074 18 27 WWWWWWDWWP
181936278 20 2 WPPPWPDWWP
315970422 13 25 WPPDPWPPPW
6863380 6 8 PWPWWWDPPP
60015664 6 10 WWDPWWWPPP
383301084 18 14 DWWPWWWPPP
53321380 24 23 PWPPPPWWPD
34197843 30 22 PDWPWWPWPP
242677818 22 20 PPWPPPDWWW
518753560 7 19 PDWPPPWPWW
306035055 21 6 WPWPPWWPPD
732339181 19 9 PPWPWWDPPW
231151191 6 2 DWWPWPWWWP
313335075 22 7 DWWWWWPPPW
3875844 4 15 PWWWDWWPWP
412684509 4 25 WWWPDWWWPW
711249326 30 12 WWPWWDPPPW
745341188 22 12 PWWWWPDWPW
28033965 1 30 WDPWWWPPWW
117586889 30 8 PWWDPPPWWW
393416092 18 3 WPPWPDPWPW
400 11 26 1 PWWPWPDPPP
200 100054509 8 13 PPWPWWPDWW
300 697720323
200 713104443 3 12 PDPWPPPWPW
200 637071437 8 19 WPWPWPPDWW
200 735309609 21 14 DWPWWPWWPW
300 3875844
200 616948078 17 14 PPWPWPDWPW
200 987345871 16 20 PPWWWPPDPP
300 745341188
200 796777131 19 24 DWWPPWWPPW
200 370080198 28 23 PPPWWWPPWD
200 698165225 16 18 PWPPWDPPWW
400 13 15 14 WWWWWPPPDP
300 327542386
400 1 4 11 PPPWWWPPWD
200 82384530 18 4 PWDWWPPPWP
300 32548074
200 643484814 7 12 WPPPWDWWWW
200 181040193 28 16 PPPWWWDPWW
300 510716288
200 2277916 24 18 PPPWDPWPPP
200 929815814 1 21 WWWWPWWDWP
200 123033019 10 18 PPDWWWWWWP
200 832016113 7 28 WPWWWPWDWW
300 457760591
200 613466808 1 14 PWPPWPPPDW
300 832016113
200 505565484 22 26 WPPWPDWWWW
200 535896200 3 19 WDPWPPWPWW
200 375777047 23 25 PPPPWPDPWP
200 252426060 11 8 WWDPPPPPPW
200 41895008 17 25 PPWWPPWWWD
400 30 19 6 PDPWWPWWWP
400 26 7 6 DWWWWPWWWW
200 836547162 13 6 WPWPWWWDPW
200 735936430 7 6 WWPPPWWPDW
200 97806713 12 14 PPPPPWDWPP
200 64509339 11 13 WPWPDPPPWP
200 35452997 30 4 WWWDPPPWWW
200 709004156 17 26 WPPWWWWDPW
200 412108099 24 1 PDPPPPWWWW
200 666083164 24 12 WPPPWPPPDP
200 147493950 21 23 WWWPPWPDWW
200 591419432 24 14 PWPPPPPWPD
200 647699521 25 22 PPPPWWDWPP
200 33597207 24 10 WPDPWWWWPW
300 147493950
200 20614629 18 1 WWWWDPPWPW
200 828898322 15 11 PPPWPPDPWP
200 368255969 23 7 PWPWPWWDPW
400 19 14 7 WPWWWWWDWP
200 303168706 21 3 WDWWWPPWPP
200 184327693 1 12 WWPWPPPWDW
200 96431483 25 7 PPWPPPPDPW
200 696421182 28 7 WPDWWWPPPP
300 60015664
300 231151191
200 150432662 30 18 PWPWWPPWDW
200 433609294 26 2 PWWWDPPPWW
200 54670957 5 9 DPPPWPWPWP
300 51357280
200 352684704 25 10 PWPWPDWWWW
200 45049948 29 14 WPDPWPWWPW
300 518753560
400 20 21 7 PPWWPWWDPP
200 38077296 20 14 PPPWWWDWWP
200 665350457 9 17 WWPDPPWWPP
400 11 8 1 PDWWPPWWWW
200 124970499 5 30 WWPWWWWWDW
200 489506558 12 25 PPPWPWPPDP
400 19 3 1 PWPPDPPWPW
200 649258906 29 2 WDWWWPWWWW
200 830147017 5 1 WPDPPWWPPW
300 184327693
200 47325415 4 16 WWDWPPPWWP
200 410041722 7 4 PWWWPDWPPP
200 531711626 27 8 PWWPWPPWPD
200 583486182 3 23 PWDPWWWPWW
200 227047163 21 13 DWPWWWWWPP
300 252426060
200 901502291 23 19 PPDPWWPPWW
300 20614629
200 21084910 6 24 WWDWPPWWPP
200 102478140 12 1 PWPWWWDPPP
200 483335603 3 13 DWPWPWWPWP
200 103312043 7 30 PPPWPWPPDW
200 850143167 18 2 PPWPPWPPDP
200 274784403 2 6 PWWPWPDWWP
200 53873231 10 3 DWWWWPWPWW
200 886906947 10 13 WPWDPPWWWW
200 915411374 21 10 WDPPWWPWWW
200 507919269 18 19 PPPPWDPPWW
200 33575534 30 24 PWPPWWWWDW
200 840215699 21 22 WWDPWPWWPP
200 820165716 7 26 PWPWPDWPPP
200 66859869 1 25 WPWDWWWWPW
200 892278226 16 11 PPWDPWWPWP
200 38664913 22 2 PPPWWPWDPW
200 545040139 9 14 WWWWDWPWPP
200 61716411 8 22 WWPWPWPDPP
300 713104443
300 796777131
200 867149713 27 26 WWWPPDWPPP
200 249954245 20 23 PWWPWWDPWW
200 241186554 29 19 WPPWDPWWPW
200 916518627 11 9 PDPWPPWWPP
200 205516477 28 14 WPPDWWPWPP
300 90720435
200 352132229 10 16 PPWWWPWWPD
200 389301481 27 1 PPWWWDWPPP
200 175160495 4 23 PWPWDWWPPW
200 122506262 16 1 PDWPWPPPWP
200 920364188 13 5 PWDPWPPPPW
300 47762243
200 368863183 27 13 PPWWWPDPPW
200 728758102 9 3 PPWPPPPWWD
400 12 9 6 PWWPWWPDPP
300 956227776
400 11 29 5 WPWPWDWWWP
200 72511749 9 26 PDPPWWWPPP
200 872272310 14 2 WPWPWPWDWP
300 949756165
200 12858810 9 15 WPWDWWPWPP
400 26 22 1 PWPDWWWPWW
200 196944722 10 1 PPWPPWDWWW
200 986414147 8 9 PPWWWWDWPP
200 910171575 11 4 WPDPWPPPWP
400 5 3 5 WWPWWDPPPW
400 29 12 4 PPWDWWPPPW
400 25 27 5 PDPWPPWWWW
400 26 30 6 PWWWWWPPWD
400 2 9 5 WPDPWWPPWP
200 851081719 22 6 PPWPDPWPPP
300 850143167
400 18 27 8 WPWWPDWWWP
200 718694159 2 8 WWPPPPWPWD
200 596643011 28 26 DWPWPWWWPW
200 754804506 8 17 PWPPWWDPPW
200 502136288 18 17 PPPWWDPPPP
300 596643011
200 244628007 19 27 DPWWPPWPPW
300 38664913
400 4 17 5 WPPPPDPWPW
400 3 10 1 WDPWPPPWPW
151
100 30 10 60
21998943 13 7 PPWWWWWDWW
5710551 24 13 PWWPPWDWPW
855001163 26 21 PPWDWWPWWP
763503593 26 19 WPWPDWWPPP
475408335 17 2 PPWWPPDWPW
725223437 16 8 PPPWDWPPPP
319237948 25 13 PWDPPPPWPW
563570918 15 13 WWWPPWWPWD
234451057 13 14 PPDPWPPPWW
910274972 26 27 WWWDPWPPPW
419060017 2 18 WPWPWPWWDP
544502176 25 27 WWPWPDPPPW
699850013 8 23 PPWDWPWPPP
825372174 6 18 PWDWWWWPWP
895551214 9 5 PPPPPPDWWW
599919331 15 8 PPPPDWWWWP
55574224 22 19 PWWWWPDWWP
151942568 24 30 WWWWPDPPWW
300344558 7 26 PPDWWWWPPP
77753762 19 14 PPWPDPWWWP
247191243 12 17 WDWWWWPWWW
388615060 9 26 WPPWPPDWPW
402348796 23 29 WWWWWPWDWW
846551397 21 2 WPPWPDWWPP
805651041 28 23 WWPPWWPDPP
412139120 16 3 PWPWPDWWWP
789810934 27 30 PPPWPPWPPD
570534063 16 24 PWWDPPWWPP
972815521 2 22 DWWWPPPWPP
122903498 26 14 WWPWDPPPPP
285584404 11 24 WWWPWDWPWP
676363708 17 1 WPDPWWPWWW
147246338 30 20 WPWWWWPDWW
926436434 13 28 WDWPWWPWPW
3495780 7 10 PPWPWWDPPW
445891354 11 12 PPPDWWWPPW
63805995 10 21 DWPWWPWWPW
895306240 10 15 PWPPPDWWPP
57393166 16 23 PWWWPPPWDP
19901607 12 10 WWPWWPDPWW
257228094 27 17 WDWPPWWWPP
730418762 23 3 PPPWPDPWWP
183781996 10 1 PPPPPWWWDW
489009038 15 27 WPPWWWPWPD
560411277 4 5 PWDPPWPWWW
57775474 21 25 WDPPPPPPWP
325106183 14 18 PWWPWWDPPP
446229840 12 3 WWPWWPWDWW
98526107 9 11 PPPDPPWWPW
838700042 5 11 PDWPWPWWWP
376524970 8 20 PPWWPDWWWW
939353567 10 24 PWWPPWWDWW
971307504 9 17 PDWWWPWWPW
949177887 9 8 PWPPPWWDWW
495174086 27 11 PWPWWPWPWD
601391179 24 8 WPWPDWPWPW
28295502 4 11 DWWPPWWWPW
238430500 29 30 DPPWWWPPPW
313751385 8 3 PWWPPWWPPD
847073876 4 14 WPWPWPPWPD
300 151942568
200 240436153 3 4 PWWWPWWDWW
200 14014998 14 22 PDPWPPPWPW
200 387618166 7 16 WWWWPWPPWD
300 419060017
400 16 23 1 WWWWWWDPWP
200 613837183 3 10 WPWWWDWWWP
200 273952439 6 23 WPPWDWWWPW
200 716371101 26 6 WWPWPPPPDP
300 939353567
300 77753762
400 11 23 10 WDWPPPPWPP
200 815702487 8 4 WWPWWWDWPW
200 205711957 21 20 WPWWPPPWPD
200 497064590 5 26 WWWPPDPWWW
200 691952499 28 5 WPPWDWPPPP
300 699850013
300 3495780
200 49932495 22 10 PWDPWWWWWP
300 28295502
200 347576952 25 8 PPPPPDPPWW
200 584705822 4 18 WWWPWDWWWP
200 957715589 22 9 PPPWPPDPPP
300 388615060
300 446229840
200 866470906 6 19 WPWWPWPWDP
200 155393049 18 2 PWPDWPPPPP
200 444225790 5 14 WPPWPWPWPD
200 140743556 6 11 WWWPWWPPDW
200 90485866 25 24 PWWPWDWPPP
200 350479975 2 10 PPDWPPPWPW
300 847073876
200 304651640 24 7 WPWWDPWPWW
200 372553811 17 11 DWPWPWPPPP
400 14 4 6 PWPPPPWWDP
200 949767407 25 7 WWWPWWWPPD
400 2 28 13 WPPDPPWPPP
200 656539582 11 1 PPWPWPWPDP
200 817892822 18 20 WPWWWPDPWW
200 498429794 3 5 PWPPPDPWPP
200 224902984 28 11 WPWDWWWWPP
200 933050866 28 14 WDWWWWPPWP
200 756230667 24 10 WPPWPPPPPD
200 42180063 11 22 DPPPPWWWWW
200 604780255 7 9 WWWPDWWPWW
200 843592918 15 24 PPDPPWWPWP
200 146578168 24 12 WWWWPPWWPD
200 752548347 28 27 WWPWWPWDWP
200 831442007 24 20 PPPWPDWPWW
200 408568383 6 7 PPWWPPPWDP
200 14556721 22 7 DPWPPWPWPP
200 509060779 7 19 PPWDPWPWPP
400 25 9 4 PPWWDPPWWW
200 38064064 11 19 PWWWWPWDWP
300 49932495
200 56570398 7 3 PPWWWWWPPD
400 21 2 1 PPWWWPPDPW
400 15 8 1 PPPWWDPWWP
200 874886743 26 11 PWWWPWWWDW
200 161324397 11 25 WDPPPWPWWP
300 895306240
200 823518843 11 4 WWWWPWDWPW
200 472059586 18 30 WDPPWPPWPW
400 24 6 5 WPPWPWWDWP
200 54679176 12 29 WWWDPPPWWW
200 269994044 4 19 PPWPDPWWPP
200 421454574 10 19 PPWWDWWWWW
400 14 19 7 PWPPPWWPDW
400 7 4 4 DPPWWWWPPP
200 626883007 29 19 WDPPWWPWPW
200 251497958 15 23 DPWWWPPPWP
200 474430961 8 29 WDPPPPWPPW
400 4 2 7 WPWWPPPWWD
200 545561547 13 30 PPPWWPDPWP
200 382172300 6 3 WPWPDPPPPP
200 767972276 14 8 WDWPWWWPWP
300 866470906
300 817892822
200 87609774 20 29 WPWWPWWDPP
200 968310423 4 26 DWPPPPPPPW
200 640857518 4 22 DPPPWWWWWW
300 90485866
200 424678319 22 3 DWPWPWPPWP
200 471381713 10 30 DWPWPPWPWW
300 475408335
200 171584183 2 1 DPPWPPPPWW
200 709901668 17 6 PWWWWWWPDW
200 990931851 14 3 WDPPPWWWPW
300 147246338
200 353845353 1 27 WDWPWWWPPP
200 317776591 14 16 WPPPWWPDPW
200 405695688 8 30 PPWWPPPWWD
200 759706288 12 22 WWWWWPPWDW
200 539798639 25 15 PPPPWPWPDW
200 525764301 22 20 PWPPPWDPWW
200 459153545 2 14 WPPPDWWWWW
200 509651583 16 15 PPWWDWPPPW
200 746723794 8 17 PPPPPWWPDP
300 257228094
200 902945612 1 24 PWWWWWPWWD
200 535715565 7 17 WDPPPWPPPP
300 238430500
200 297954757 18 13 DPPWPWPWWW
200 830617126 20 13 DWWPPPPWPP
300 752548347
200 811033165 19 1 WDPWWWWWWW
200 32210489 30 19 DPPWPWWPWP
200 39681409 20 26 PPWPWPPPWD
200 182754274 29 5 WPWWWWWWPD
400 5 22 5 PWWWPWDPPW
200 276866409 12 2 WWWWPWPPDW
200 842126544 2 25 PWPPWPDPPW
200 820248153 15 30 WWPWDWPPWP
200 185506448 4 7 WPPPDWPPPW
200 17719112 7 18 WWPWWWWDWW
200 479909010 6 14 WPPWWPDPPP
400 1 13 6 PPPWWDPPPW
300 251497958
300 509651583
300 746723794
300 990931851
200 871324962 2 6 WWPWWWWWDW
200 494260090 13 16 PPPPWPDPWW
400 22 26 5 WDPPPPPPWW
300 613837183
300 535715565
200 65682739 20 23 WWWPPWDPPP
200 806347704 30 22 WPWWDWPWPW
200 371250605 23 30 WPWPPWPWDP
200 973651221 22 23 PDWWPPWWPW
200 786989740 24 9 PPPPPDWWPP
200 52716607 8 27 PWWWPWPPPD
200 303944076 5 6 DPPWPPPPWP
300 297954757
200 983067394 10 23 DWWWWPPPWW
200 991788199 9 3 WPWPDPPWWP
200 872881775 24 18 PWPPPWWWWD
300 42180063
200 912729698 5 16 WWPPPWWWWD
200 125956575 19 3 WPPWWPWPPD
400 17 15 11 WPPWWPPPDW
400 14 20 4 PPWDWWWPWP
400 5 24 5 WWWWDPWPPW
200 388275416 11 16 PWPPDPPPWW
400 14 17 7 WWPPWWDWWW
400 14 20 4 PWPWPPDPPW
200 988679540 12 18 WPWDPWWPWW
300 972815521
300 273952439
400 7 20 5 WWPPPDPWWP
156
100 30 10 70
928232119 9 11 WWPPPWDWPW
917136935 1 6 WWWDWPPPPW
950421207 1 13 DPWPPPWPWP
159144472 18 10 WWPWPPPDPP
955274220 13 2 WPWWPWPWWD
858472257 23 4 PWWDWPWPPP
766772775 2 6 WWWDPWPWWW
62813533 16 27 PWPWDPWPPW
424176993 30 10 WWWWWWPWWD
336842348 3 12 WPPWPPWPWD
670111344 9 19 WWPDPPPWPP
174258092 24 30 PWWWWDWPWW
565978353 20 19 WWWDPPPPWW
866011591 28 30 PPPPPPPWPD
722506137 29 26 PWWPDWPPPW
519188624 23 19 PDPWPPPWPP
467390762 14 23 WWPPPDWPWP
766236642 25 9 PWWPPDPWWW
915457692 29 15 PWWWPPDWPP
413439612 12 18 DPPPWPWWWP
393318171 5 23 PPPWWDPWWW
825469176 19 3 PWWDPWWWWW
868685151 5 9 PWWPPWWDWP
210462565 22 24 WWWWWWDPPW
251022309 20 13 PPWDWPPPWW
60633778 13 28 PWPPWPPPDP
165880826 22 1 WDWWWPWPWP
213068510 7 22 WPPPWPDPPW
530898599 18 16 PWPDWPWPWP
428073526 24 16 DWPPWWWWWP
429654026 12 1 PPPPPPDWWW
201628434 23 28 PPDPPWPPWW
40679100 6 3 PPPDPPWPPW
175071789 13 14 DPWWWPPPPW
206905957 27 12 WPWDWPPPPW
735168698 12 30 PPWWWPPPDW
444661408 5 7 WPWWDPPWWP
557016766 20 5 WWPPWDPPWP
101771679 20 6 WPPWWPWDWW
749588198 13 29 DPPPPPPPWW
695964628 1 2 WPWWDWWPPW
890904479 30 16 WPWWDPPPWP
157260177 29 16 WWPPPDWPPW
127859536 18 20 WPPPPWPPPD
524519586 5 15 WPPDWWPWWW
136383910 29 20 PPWPPPDPWP
436442138 25 21 PWPPPDPWPP
164052356 15 14 WWWDPPWWPP
331918533 25 12 WWPPPDPWPW
642674288 29 4 PWWWDPPPWP
48428796 21 6 PPPDWPPPPP
521458247 5 24 PPDPPWWPWW
930741733 24 18 DWPWWWWWWP
77801326 9 24 PDPPPWWPPP
868210467 11 24 WPPPPDPWPP
12193736 14 3 PDPPPWPWPP
705010937 27 9 WPPWWDWPWP
897370621 13 27 PWPPDPPWPW
337670630 24 20 PDPWPWPWWP
810849600 17 15 WWWWWWWPPD
584207974 29 21 WWPPWWDPPW
77071107 2 10 WWPPDPWPWP
595779991 19 11 PWDWWPPPPP
786455089 3 4 PPPWPPPPPD
959023557 10 6 WDPWWWPWWW
967427045 12 10 PDWWPWPWWW
549584750 10 3 PDPWPWPWPW
9544475 21 17 PWPDPPWWPP
303769204 1 21 WWPPPPDPWW
199254496 7 25 PPWWWPDWWP
200 933782924 18 17 PWWWPWWDWP
200 722108882 10 25 WPPWWDWWWP
300 722506137
400 16 27 1 PWWDWWWWPW
200 673369925 22 18 PPPPDWWWPP
300 519188624
200 408935806 25 11 PPWPDPPPWW
300 206905957
300 436442138
200 43935864 23 17 WWDWPPPPWW
300 157260177
200 663091430 22 17 PWWPDWWPWW
200 553580770 30 11 DWPWPPPPPW
200 551441462 15 18 PPPDPWPPPW
200 547454612 14 7 PPWWPWDPWP
200 852647316 7 2 PWDPWWPWPW
400 11 27 6 WPPPWPDPPW
200 535336942 28 22 WPPPDWWPPW
200 144464040 8 14 PWWPWWDPWW
200 791749100 4 7 PDPPWPWWPP
300 408935806
200 977774643 6 12 WWPDPWPWWP
300 48428796
200 602960557 10 7 WDWWPPPPPW
400 17 8 11 DPPPPWWPPP
400 7 16 9 WPPWDPWPPW
200 668211570 16 9 PPPPWWDPWW
200 328073214 11 16 PWWWWPDWWP
200 767329842 16 8 DPWWWPWPWW
300 868210467
200 177956203 5 11 PWWPDWWPPP
300 959023557
200 301759768 26 13 WWPPDWPWPP
200 12981713 16 22 WWDPWPWWWP
200 936368702 18 26 DPWPWWPPPW
300 565978353
200 154889552 9 10 PPDWWPWPPP
200 441375531 9 23 PWPWPWPDPP
200 241875796 27 14 PWWWPPPPDW
200 504503584 6 19 PWWPDPWPPW
300 77801326
200 609120904 25 2 WDWWWWWWWW
200 135229870 10 28 PPWPPDPPWP
200 983513928 11 2 WPDWPPPWPW
200 289427968 3 9 PPWPPWDWPP
200 931633697 5 6 PPPPPPWPDP
200 821882824 18 5 WDWPWWWWWP
200 21690439 13 17 WPPWWDWPWW
200 722718428 15 10 PDPPWPWWPW
200 494658665 11 10 WDWWWWPPWP
200 766947350 21 24 PDWPPPPWWW
300 810849600
200 872819861 7 27 WWDPWWWWWP
200 116757396 3 17 WPWWWWWDWW
200 750103306 19 4 PDPPWWWWWW
200 451350727 27 20 WWPWWPWWDW
400 29 25 11 WDWPWWPPWP
200 301038924 14 26 WPPPWWDWPP
200 7057839 1 18 WWDPWPWWWP
200 402309463 30 14 WDWPPPPWPP
200 918823806 8 22 WDWPPPPPPP
300 557016766
200 376852021 13 25 WPDPPPPWPP
200 833440559 14 2 PPPWWWPDWP
300 12981713
200 146631868 5 26 DPPWWPPWWP
200 636373250 11 26 WWPPPWDWPP
200 641092849 5 13 WPPWDPWPWP
200 18626307 14 19 WWWWPDWPWP
400 27 16 1 PDPPPPPWWW
300 821882824
200 3203769 15 19 WWWPDPWPWW
200 670506680 7 24 PWPDWWWWWP
200 272599263 1 8 WWPWWWPDWW
200 840351334 9 21 PWWPPPPDPW
400 1 16 4 WPPWWPPDWW
200 842323496 27 15 WPPPWWDWWP
200 291180700 27 17 WPPWPWWPDP
200 899717419 6 11 PPWPWDWWWW
300 670111344
200 35516950 4 28 WWWWWWPPWD
300 535336942
300 553580770
400 27 5 4 WPWPWPDPPW
300 584207974
200 42192399 29 30 DWPWWWWWPP
400 6 12 1 WPWWPWWPWD
400 28 18 7 WWWPPPWPPD
300 127859536
200 115437259 17 15 WWWWPWWPDP
400 3 7 5 WWPPPWDWWP
200 605316294 23 13 DWWPPWPWWW
200 474296038 26 22 PPPPWWWWDP
200 676800771 4 25 PWDWPWWPPW
200 845058524 15 9 WPPWWPWDPW
200 349511478 30 11 WDWPWPPWPP
200 317964423 19 9 PPPPDWPWPW
200 481423945 1 16 PPWWWDWPPW
200 898710392 3 25 WPDPWWPWPP
200 998921068 15 23 WDPPWWWWWW
200 26672940 28 22 PWPWPWDPWW
200 259419254 5 30 WPWWWPPDWW
300 136383910
300 950421207
400 26 19 8 PWWPWPWDPW
300 402309463
200 465731661 18 21 PWPPPPWDWW
200 38752191 14 21 WPWPWWDPPP
200 994292791 23 30 PPWWWWDWPW
200 189231985 8 29 PWWPDPWWPP
200 324837490 6 10 WPWPDPWPPW
200 511959334 19 5 WPWPPWPDPW
200 925507179 3 5 PWPWDPPPPP
200 27042749 21 26 PWDPWWWWPW
200 412283663 23 27 WWWPWWPPDP
300 917136935
200 449868850 10 22 PPDWWWWPWW
300 21690439
200 302819149 22 23 DWWWWWWWPW
200 834454627 26 19 DWWWWWWPPW
300 840351334
200 767410223 21 19 PPPWPWDPPW
400 12 8 5 PPPWPPPPWD
300 38752191
200 820936333 13 17 PDPWPPPPPP
200 34413762 3 13 PWDPWWWPWP
300 201628434
300 429654026
300 670506680
200 260786577 22 2 WWPPPWWWPD
300 116757396
200 920115034 3 17 PPPPWWPPPD
200 602642916 30 21 WWPPPWDWPW
300 241875796
200 484590661 16 5 PWWWWDPPWP
400 8 9 6 WWDPPPWWPW
300 511959334
400 5 23 1 DPWWWWWWPP
200 478871275 24 19 PPPWWPPDWW
200 857578245 27 28 WDPPPPWWWW
200 589828492 21 10 WWWWPDPWWP
200 990360890 17 25 PPPWPPWWDP
200 866728781 30 22 PWPPPPPPDW
200 839916207 9 18 PPWPWPPDWP
400 10 27 4 PPPWDPWPPW
300 936368702
200 439883161 12 1 WPDWPWWWWP
300 898710392
400 8 7 6 DWPWWPWWPP
400 28 8 6 WDPPPWWPPW
200 138839887 4 26 PWPWPPWPDW
400 7 1 6 PWWPWPPPDP
200 193833305 18 6 WPWWWPPPDP
200 588083346 4 27 WDWPWWWPPW
400 17 3 1 PPDWWPPWWP
161
100 30 10 80
105781088 24 13 PPWPDWPWPW
295272109 20 7 WPPPDWPWWP
557355309 24 16 PWWDPWPWPW
695226935 11 16 PPDPPWPPWP
941401735 18 19 PWWWDPPPPP
690132648 25 20 PDPWWWPWPP
225030373 29 5 WPPPWWDPWP
49808477 18 25 WWPPWWWWDW
461458502 10 23 WPPWDWWPWP
112989921 18 12 WPWPPPDWWW
671006825 15 27 WDPWWPWPPW
236137379 4 5 WWWWWDWPWP
676857818 26 25 PWWWDWPWWW
160463162 27 4 PDPPWWWWWP
509982316 12 13 PPPWDWWPPP
438264164 16 6 WWWWDWWWPW
384287547 20 17 PWPWPWDPWP
420150367 17 9 WWWWPPDWWP
276971036 1 2 WPPDWPPWPW
270285500 26 10 WPWWPPPWDP
14392837 6 26 WPPPPDPWWW
990499576 10 3 PWWWDWPWPP
487870999 30 25 DPWWPWPWPP
455852361 26 12 WWPDWPWPWP
54247341 30 13 PWDWPPPPWW
699241249 12 8 DPWWWPWWWW
348253104 11 10 PWPWWWDWWW
508460055 7 4 PPWPPPWPDW
158043955 5 6 PPPPDPWPWW
73129628 27 14 DWPPWWWPWP
527727853 2 28 PPWWPPWPPD
332452303 7 9 DWPWPWPWWP
879478325 26 28 DWPPWWPWWP
778944240 29 9 DPWPPWWWPP
693382438 13 2 WWWPPDWPWW
507575270 7 19 WPPWPPDWPW
688530085 14 3 WWPDPPWWWP
594517675 13 26 PPPPWDWPPW
120763175 2 30 WWPPPDPPWW
865766487 21 14 WWPPWWWPDW
56765007 11 13 PPPPWPPDWP
829614281 8 13 PPWWPPPDWW
929739951 12 23 WPDPWWWPWP
710722586 4 12 PWPDWWPWPP
774431834 25 17 WWWDPPPPPW
652125837 10 4 WPPWWWDWWP
882275364 8 28 PWWWPPPWWD
603735705 21 16 WWWPPDWPWP
629035584 14 1 WWDWWPPWWW
502992382 8 29 WWWWPWDPWW
312063509 19 16 WPPWDWPPWP
947667366 21 17 PDWWWPWPPP
839926450 4 22 WPDPPWPWPW
307521222 28 25 WPPWWPDWPP
154400951 10 21 WDWPPWPWPP
840265872 23 4 WWPWDWPPWW
554473824 11 1 WWWDWPPWWW
64748544 28 20 WPPWWWWPDW
634335614 18 2 WPWWDWPPPW
862133700 17 28 WWDWWWPWPP
873643349 1 25 PPPWWDPWWP
713214080 23 26 PPPWPPDWWP
932162744 26 4 DWWWWWPWWW
534436643 19 6 PPPWPWDWWW
557373094 16 7 WWPPWWPDPW
32277110 29 24 WDWPWPPWPP
41588947 9 22 DPWWPWWWWP
289601138 27 25 DPPPPWPPWP
241079348 28 11 PPPDWPWPWW
41809235 14 17 WPWWPWDWPP
641041564 1 9 WPWWDWPWWW
42226019 30 17 WPDWPWWWPP
652632700 30 23 DWPWWWPPPP
309939447 8 4 WWPDPWPWPP
334697620 24 11 PDPPPPPWPP
22803944 19 17 PWPWPPWWDW
637782563 22 25 WDWWWPWWWW
822105342 30 29 WWWPWDPPWW
24590799 14 18 PWWWPPPPDW
475509485 21 9 PWPWPWWPDP
200 142873967 11 30 WPWWDWWPWW
200 488140335 22 1 WPDPPPPWPW
300 879478325
200 926020621 9 11 PDWPWPWWPW
400 30 2 1 WWPPWWPPDW
200 61543032 27 8 WPPPPWPPDP
300 774431834
200 966122192 5 26 PWPWPWPDPW
300 24590799
200 147285539 3 21 PWPPWDPPPP
200 732089533 27 7 PPWWPWWDWW
200 234482449 4 21 WWWWWPDPWP
200 73348670 30 5 PWWWWPDWPP
200 28702157 18 14 PPWWPWWWDP
200 976946062 21 8 DWPWPPPWWP
200 253241681 20 2 PPWPDWWWPW
400 3 30 10 PPPWPDWPPW
200 691341502 21 15 WWPPPWPPPD
300 947667366
200 111837953 15 2 PWDPWPWWPP
400 14 11 3 PWWPWWWPDW
300 671006825
400 13 30 1 PPDWPPWPWW
200 99106007 13 10 PDPWPWPPWW
400 9 15 6 WWWDPPPPPW
200 696657686 22 14 WPPPWPPPDW
300 929739951
300 882275364
200 9120164 16 13 DPPPPWWPPP
300 502992382
200 157435862 28 29 WWPPPDWWWW
300 420150367
200 59059935 24 30 PPWPWPWWWD
300 641041564
300 41588947
300 594517675
200 741778344 25 11 PPWWPPPPDW
200 362408378 13 17 PDWWWPWWWW
200 61300335 21 13 PPPPPPWPPD
200 298828480 28 23 WWPWWWDWPP
200 735818992 18 28 WWWPPWPWWD
200 39795110 29 14 PWWPWWPDWW
200 136440871 8 1 WPPWDWPWWW
200 562459553 26 20 PWPPPPWWPD
200 305637706 4 2 PWPWDWWWPP
200 561452052 21 18 PDWWPWPWWW
200 460974495 7 17 WWWPPPDWPP
200 553120968 12 14 PWPWWPWDWW
400 24 23 6 PWWWPPDWWW
200 64886964 18 17 PWWWPPWPPD
200 380840960 25 7 PWWPDPPPPP
200 544825785 12 23 WPDWPPWWPW
200 633321065 5 10 WWDWWWWPPW
200 744943124 29 8 PDWWWWPPPW
200 980335923 24 25 PWDPWPWPPP
200 547826892 27 10 WPWDPWWPPW
200 604880359 11 29 PPPPWWDPPP
300 154400951
200 973150543 11 8 PWPWDWWPWW
200 66669909 16 12 PPPPPWWDWW
400 3 16 7 WPPWDPWPPW
300 839926450
200 155457967 6 7 PPPWWDWWPW
200 956137279 21 5 PPWWPWDWWW
200 709520259 16 18 PPWDPPPPWP
200 588106038 16 4 DPWPPWPWPW
200 536043845 2 8 WWPWPPDPPW
200 43123644 11 23 PWWWPDWWWW
400 10 20 6 WWPDPPPPPP
200 384869571 16 25 WPPWPDWPWP
400 14 3 1 PWPPWPWPDP
200 182004563 16 29 WPPDWPPWPW
200 53664229 1 20 PPPPPWDWWW
200 100800751 30 10 PPPWDWPWWP
400 1 23 6 DPWWPPWWWP
400 26 1 6 WDPWWPPWWW
200 313830141 20 6 WWWWWPDPPW
200 949105267 20 21 PPWPPDPPWW
200 846989842 3 11 PPPWWWWPDW
200 332496047 11 6 PWWPPDPWWW
200 10732513 30 19 PPPWPPDPPW
200 901119691 14 2 PWPWWDWWWW
200 654009962 8 3 WWDWWWPPWP
300 460974495
300 941401735
200 703676059 9 10 PWPWPPDPPW
200 626619317 17 11 WWPPWDWWPW
200 257403930 5 8 PWPWPWDPWP
200 972296785 14 9 PPDWWWWWPW
200 845715407 5 16 WWDPPPPPPP
200 859202844 12 11 DWWWPPPWPW
300 332496047
300 49808477
200 578622452 19 10 PPPDWPWPPP
200 161367032 8 15 WDWPPWWPWW
200 677706987 25 18 PWWWWWDWPW
300 22803944
200 613697383 30 20 PPWPPDPWWW
200 700809844 5 9 WWPWWPPDWW
200 993727322 27 23 WWPPDPPPWP
300 980335923
300 688530085
300 155457967
200 629566297 15 19 PDWWPWWPPW
300 298828480
200 838582593 9 2 PPPPDWWWWP
300 10732513
300 629566297
200 63413984 19 2 WPWWPWPPWD
300 603735705
300 160463162
200 800416462 7 12 WPPPPPWDWW
200 810505254 6 11 WDWPWWWPWP
200 661600653 20 15 PWWWPDWPPP
200 8379722 1 30 PPWPDPWPWW
200 80242412 29 15 WWDWPPWPWW
200 210247940 1 24 PPPDWWWWPW
200 652304786 16 21 PWPDPPPWWW
400 25 23 5 WPDPPWWWWP
300 810505254
200 49599150 28 22 WPPWWPDWPP
200 773501328 11 26 WDPWPWWWPW
200 901368958 14 8 PWWWWDWPWW
200 269034480 29 23 PPPDPWPWPW
300 557355309
200 989215864 6 1 PPDPWPPWPW
300 561452052
300 629035584
200 797763662 10 28 DPPPWWPWWW
200 559666283 11 15 PWPPPWWDWP
200 771680274 23 22 PDPPWPPWPW
200 637794391 16 2 WPPWPDPPPW
300 553120968
200 72102797 22 17 PPWPPPWPWD
200 63165512 19 4 PWPDPWPPWP
200 128474633 5 7 WWDWPPPPPP
300 873643349
400 19 20 7 WWWDWPPWWP
300 829614281
200 46283029 10 21 PWPWPWPDWW
200 568288977 26 15 DWWPWWWPWW
200 89696506 4 30 WDPWPWPPPW
400 16 19 1 DWPPPPWWPP
300 562459553
300 53664229
400 27 1 6 WPPPPDWWWW
200 997476181 4 1 WWPPPWPWDP
400 1 21 6 PWDPWWPWWW
300 14392837
200 1142949 20 16 WPWWWPPPDW
300 43123644
400 6 4 6 WPWPPPDPWP
400 17 13 1 WDPPWWPWWP
300 236137379
200 514373901 10 17 WPPDWPPPPP
200 152471251 28 4 PWPWWWPPDW
400 19 17 4 PWWWPDWPWP
200 5027214 18 21 PPPWPWDPWW
300 312063509
400 11 10 1 WPPWPDWPPW
61
100 30 10 10
468565677 10 16 PPWPPWPDPW
357162576 3 7 WDWPPWPWPP
897066091 11 20 WWPWPPPDPP
417161231 12 4 WWPWPPDWWW
404825273 7 27 DWWWWPWPPW
548813019 20 12 PWDPPPWPPW
640852636 14 21 PWWPPWWPWD
639261078 1 12 WDWPWPPPWP
233481354 27 11 PPWWPPWDWP
385768964 20 4 WWPPWWWWWD
200 452497289 29 19 WPDPWWWPPP
400 3 7 1 WWPPPPDWWP
200 793543773 21 10 PDWWWPPPPW
200 969098804 17 11 PDWPWWWWPP
400 1 17 17 PDWPPWPPPP
400 4 7 18 PPPWPWPWDP
200 875253103 18 6 WPPWWPPWPD
200 146908078 15 6 PPWWPPDPPW
200 457025500 17 9 PWPPPPWWDW
400 5 13 -1 PPWPWPDWPP
200 263706974 20 3 WPPPPWPWPD
400 29 11 -1 WPPWPWPPDP
200 581641453 7 22 WPPPPPPDPP
200 602177886 7 16 WDWPWPPPWP
400 28 18 -1 WWPWWPDWPP
400 17 15 -1 PPPPDPPWPW
200 836656460 30 15 DWPPPWWPPP
200 670458358 26 21 PPPPPPPPDW
200 48214355 29 26 WWDWPPWWWP
400 25 10 -1 PDPPWPWWPW
200 151868486 24 6 WWWWWWWPDP
300 793543773
200 55326633 14 20 WWPWPWDPPW
200 962430610 18 13 PPPWWDWPWP
200 481254184 21 22 WPPPPPPDWP
200 872804194 20 8 PPPPWPPDPP
300 548813019
200 52376114 4 9 PWWDWPPPPW
200 40980967 12 26 WWWPWDWWWP
300 55326633
300 357162576
400 28 2 -1 WWWWPWWDPP
300 146908078
400 16 14 14 WPPDPPPWWW
400 3 8 6 PPWWPDWPWW
400 13 25 -1 PDPPPPWPPW
200 731690616 22 2 PWWWPDWWWW
300 48214355
300 151868486
300 40980967
400 11 18 -1 PPWPDWWWPW
200 718807435 19 17 DWPWWPWPWP
200 50832004 17 12 WWWWPWDWPW
200 128830771 14 30 WPWPPWPPDP
300 731690616
200 400602250 1 26 PWPPDPWWWW
400 15 21 10 PPPPPWWPWD
400 5 11 -1 PPPWWPWDWP
200 458655586 30 29 DPWWPPWWPP
400 1 15 18 DWPPWPPPWW
300 670458358
400 21 13 -1 WDWPWPWPWP
200 520422932 28 17 PPPPWWPPWD
400 15 17 16 PWWWWPPWDP
200 886324874 8 2 PWDWPWWWPP
400 27 4 15 PWWDWWPPWW
200 15172885 21 25 WDPWWPPPWW
200 263693051 16 23 WWWPDWPWWW
200 820748008 3 4 PPWPPWDPPP
400 17 25 27 PWPPWWWDWW
181
100 50 20 100
455323414 28 40 PWPWPPWPPPPWWPDWWWWW
82919450 40 48 PPPWPWPWWWWPWPPPWPDW
38500749 18 37 PPPPPDWWWWPWPWPPPPWP
361385025 48 7 WWWWPPPWWWWPDPWWWWPW
564101115 14 3 PWWPPPPWPWWDWPWWPPWP
271169169 2 32 WWDWWWWWWWPWPWPPPPPW
641214138 15 9 PPPWDWPWPPPWPWWPPWWP
679174725 12 41 WWWPDPWWPWPWPWPPPWPP
782140083 38 12 PWWPPPWPWWPWWPPPWWDP
383449276 42 7 PPPDPWPWPWWPPWPWPWPP
966302215 45 18 PWPWPWWWPPPDWPPWWWWW
483563547 12 15 PWPWWPWPPDWPWPPPWPWP
193099363 1 30 WPWWDPPWPPWWWPWWPWWW
756944805 28 35 WPDPPWPWPPWWPPPWPPWW
980337611 6 15 WPWPPPWPPDWWPWPWPWPW
204874864 49 32 WPWPPPPWPWWWWPWWDPPP
162111486 47 25 PPPWDWPWPWWPPPPPPWPP
625754993 37 3 PPPPWWWWWWWWWPWDPPPP
652926403 13 8 WPWPPPPPWPPWDWWPPPWW
89562653 6 1 DPPWPPWWPPWPPPPWWPPW
426026176 36 34 PWPPWPPPPPPPWWPPDWWW
468813071 46 42 PWPPPWPWPWPPPWPPPDPW
628085162 24 18 PWPPWWPPWPPWWPWWDWPW
598931570 10 5 DWPWWWPWPPPPWWPWWPWW
464133099 4 31 PPDPWWWWPPWPWPWPPWPW
883845157 27 34 WPPWWPPWPWPPDWWPPWWW
317299990 38 11 DPWWWPPWWPWPWWWWPPWP
700026311 20 48 PWWWWWWPPPWWWWWWDWWW
754856897 26 36 WPWDPWPPPPPPWPPWPPPP
673757500 26 6 WWPPWPWWWWPPWWPWPDWW
714682006 38 18 PPPWWDWWPPWWWWPWWPWP
139256897 29 3 PPWPPWWPWWWWWWPWWDWW
687211970 49 46 WWPDPPWPWPWPPPWPPWPP
582745130 49 24 WWPPPPWPWWPPWWWPWPWD
98596874 17 25 WWPPWPPWPWPPWPWPPWPD
464722146 39 19 WWPWPPWWPWWWPPPPWPPD
401307176 43 27 PWPWWPPWWWPPWPWPDPPW
281501279 18 13 PPWWWPWWWWPWPWWPDPWP
558186234 37 10 WWWWPPDPPWWWPPPPWPWW
251688099 33 38 WPWPWPPWPWPWPWPDPPPW
805047772 36 18 DPPWWWWWPWWWPWWPWPPP
48260856 47 12 WWPPDPWPWWWPWWPWWPPP
770696266 45 46 WPPDWWPWWPPWPPPWPPPP
374606292 37 40 PPPPWWPDWPWPWPWPPPWW
368528727 21 49 DPWWPWWPPPWWWPPPWWPP
219171754 42 47 WPWWPPPDPWPPPPWWPPPW
262996654 10 32 PPPWPPPPWWPWWWDWPPWP
768819102 43 9 PPPWWWWWWPWPWWWPWDWW
58701551 4 12 WPWWWWWWWPWWDPWPPWPP
651547010 16 50 WPPWPDWWWWPPPWWWPWWW
448018723 23 13 WWPWWWWDWWWWPPWWPWPP
120553292 3 19 PWPPPPPWWPWDWWPWWPWP
41466176 42 12 PPWWWPWPPWPPWPPWWPDW
45813063 1 42 WWWWWPPPPPPPPPWWPDPP
138233663 14 13 PWPWPPPPPPWWWPWDPWWW
237742153 29 22 PWPWWWWPPPWPPWWPPDPW
526263716 30 33 PWPPPPWWPPWWPPPWDPPP
357657218 21 40 PWWPPPWPPWWWPPWDPWPP
254383596 43 20 PPPPWPPPWWWPPPPWWPWD
812132631 28 25 PWPDWWWPPWWPPWWWPWPP
471583277 11 41 PPDWPPPWWWPPPPWWWWWW
821823388 44 6 WWPPPPWWWPPWWWPPDWWW
574287459 4 11 WPWWPPPPDPWWWPWPWPWW
85990735 36 1 WPWPWWPPPPPPPPDPWPWW
927432094 16 44 WWWWPDPWWWPWPWWWWWWP
420028075 2 38 PWWPWPPWPPWWPWPPDWPP
316398926 1 29 PWPWPDPWPPWPPWPWWPWP
38386119 45 11 WWWPWPWPWWPWWPDPPWWP
523037309 19 35 WWWWWWWPPPPPWWDPPPWW
708765309 11 40 WWPDWWWPPPPPWWPWWWWW
223570594 26 18 WWPWPWWPWWDPWWPWWPWW
711810482 47 32 PPWPDPWPPWPWPWWPWPPW
93331481 37 29 WPPPPPPWWWWWPPWPDPWW
883847027 33 46 WWPWDPPPPPPPWWWWWPPW
29441666 43 25 WWWWPPWWPWPWPPPWWWPD
567846956 18 5 WPPWWPPPPWPPWPWWPPDP
950411220 18 30 PWWWWPWPWPPWWWWWWWPD
101463479 22 1 PWWWPWPWWWWPPPPPPPWD
211223436 46 20 WPPPWPPPDPWPWWPPPWWP
220438974 35 25 PWWPWWPWWPWWPWWPPPPD
93960234 35 30 PPPPWWPDPPWWPPPPPWWW
67486166 14 33 WPWPWPWWWPPDPPWWWWWP
752548700 4 15 PPPWPWWWWWPPWWPWPPDP
38619719 36 35 WPWWPWPPWDWPWWWPWPWW
37115857 22 5 PWPWWPWWDPWPPPPPWWWW
805827778 32 21 WPWPPPPPWWPPWPWWDPWP
349229852 6 10 PPPPWPDWPPWPWPPWPWPW
504174033 15 18 WWWPWPPWPWPWDPPWWPWP
661137885 38 44 DWPWPPWPWWPPWWPWWPWP
23168045 2 42 PPPWPWPPWWWWPPWPPWDP
532395880 25 31 WWWDPPWWPWWPWWWWPPPW
715860170 27 33 WPPWWPPWWPPPDWPPWWPW
656087143 36 22 WPPPPWWWPWWPWWDPWWWP
38802241 36 43 PDPWWWWWPPWPPPPPPWPP
718474790 41 20 WPDPWPPWWWWPPWWWPWWW
259389727 30 25 PPWWWWPPPWPPPWPWDPPP
496739820 21 12 WPPPPDWWWPPWWWPPPWWP
326285354 14 50 WPPPWWPWPWWPWPWPPPPD
370876483 47 43 PWWPWPPWPWWPPPPPPPPD
173972102 36 4 PWPPPWPPWWWWPPDWWWWP
300 455323414
300 598931570
400 36 34 1 WPWWPPPWWWWDPWWPWPPW
300 468813071
400 18 27 14 PPPWWPWWPDWPWPPPPWPP
200 331368369 15 28 WWPWPWWPWWPDPWPWPWWP
400 44 42 17 WWPPWPPPPPWWWPWDPPWP
200 959890202 37 13 WPWWWWPWWPPPPPWPPPWD
200 835934709 36 19 WWPWPWPPDPPPWWPWPPPP
200 955798550 48 2 DWWWWWPPPPPPPPPWPPWP
200 84453855 44 32 PPWWWWPPDWPWPPPWWPPP
200 456805163 15 19 PPWWWWWWPPWPWWWWDPPP
200 4779657 21 38 WPWWPDWPWWWWWWWWPPPW
200 872426834 31 30 WPPPWPWWDWWPWWWPPPWW
200 187131146 8 48 PWWPPWPWPWWPPWWWPWDP
300 821823388
200 867865454 25 13 WPWPWWWPWPDPPWWWPWPP
300 120553292
200 323763442 16 23 WPDWWWPWPWWPWWWPWPWP
200 540595382 43 3 PWPPWWPPDWWWWWWWWWWP
300 211223436
300 84453855
200 66543270 25 23 WWWWWWWWWWPWPPPPWPWD
400 35 2 28 PPPPPWPWWWWPWPWWDWWP
200 175042219 45 48 WPWWPWPWWPDPPPPPPWPW
200 283211131 35 22 WPWPPPPWWWPPPWWWWPDW
200 924794921 37 12 WDPPPWWWPPWWWWPWWPPP
300 872426834
200 978424139 2 45 DWPWPPPPPWWPPPPPWWWW
200 723891813 37 8 PPWWDPWWWPWWWPWWPWPW
200 636413437 2 29 WPPPPWWPPWWPWPWDPPPP
400 15 12 1 PWWPWWWPPPPPDWWPWWPW
200 446191731 33 42 DWPPWWWWPPPPWWPWWPWP
200 22526400 8 45 PPPPWWPPWWDWPWPPWWWP
200 260087559 41 24 DPPWWWPWWPPPWWPWWWPP
300 564101115
200 45546361 43 38 PWPPPWPWWPWWWWPPPPDW
200 68586118 13 42 PDPWWWWPWWWWWWWWPPWW
400 43 40 18 PPDPPPWPWWWPWWWPWPPP
200 271866713 22 28 WWWWWPWWPWWDWPWPPWPW
300 220438974
200 129991218 37 27 WWWWWDPPWPWPWPPPWWPP
200 420841837 28 45 PPWWWPPWWWWWDPWWWPWP
200 902270633 22 7 PWPPPWDWWPPPPWPPPWPW
200 837324457 4 13 PDPWWPPWPPWPWPWWWWWP
200 114519421 50 48 WWPPWWPWWWWPWWPPPPWD
200 754463946 27 29 PPPPPWPPPPDPPWWPPWPP
200 293138156 4 10 WPWPPPWWPPPPWWPPPWDW
200 45080079 36 44 PPPPPWWPPDPWPPPWPWWW
300 770696266
300 254383596
200 538568970 5 20 PWWWWWPWWDWWPWWWWPPP
200 873613841 49 17 DWWWWPPPWWPPPPPPWWPW
200 719875074 33 16 DWWPWWWPPPWWWWWWWPWW
400 44 45 19 WPPPWPDWPWPWPPWPWPPP
200 211834433 1 5 WWPWWPWWPPWWWWWDPPPW
300 41466176
300 237742153
300 139256897
200 464957357 9 18 PPPWPWWPWWPPPWWWPPDW
300 959890202
400 48 41 13 WWPWDWWWWPWPPWPPWPWP
200 963886735 36 33 DPPPWPPPWPWWPWWWPPWW
200 985053615 21 22 WWWPPWWWPPPWPPPWPDPW
400 25 48 20 WWWWPWDPWWPPPWWWWWPW
400 6 30 11 WPWPWWWPPWWPWDWPPPWP
300 58701551
200 284806760 28 14 WWWPWWWPPWPPPPDWPWPP
200 161712027 45 34 WWPPWPPDWWWWPWWPWWWP
400 30 44 20 DWPPWWPPWWWPWPWPWWPP
200 843817915 16 19 PWPWPWWPWDPWPWWPPWWP
200 954667766 47 38 PPPPPWWPWPWWPDPPPWPW
400 23 13 1 PWPPWPWPWWPDWPPWWWPW
200 819394769 9 5 WWPWWWPPWPPPPPPDPWPP
200 92431420 36 30 PWPWWWWDWPWPPWWWWWWP
200 359482961 1 9 PWWWPDPWWWWPPWPWWPPP
200 141898072 40 20 PPPWWPPPPWWPWPWPWPWD
200 577339962 11 32 PWPPWWPWWPWPPPPWWPWD
200 660476353 21 8 WPWPPWWWPWPWPWPWWPDP
300 752548700
300 714682006
200 32881175 31 9 PPPPPWWWWDWPPWWPWPPW
200 312410914 10 23 DPPWWWPPWPWPWPPWPPPW
200 47246716 50 46 PDPWWWWPPWPWPWWPPWWW
300 985053615
200 604021669 2 31 WWPPWPWWWDPPWPPPPWWW
200 275869629 30 2 WWPPPPPWPWDPPPPPPWPP
200 110611494 39 12 PWPWPPPWWPPPPPPWPPPD
400 7 8 10 PWPWPDPWWPPWWPWPPPWW
200 622170462 50 13 WPWWDPWWPPPWPWPPWWPW
200 737727569 35 17 DPWWWWPWPPWWWPWPPWPP
300 37115857
300 420028075
200 220937133 32 39 PPPPPPWWDWPPPPPWPPPW
300 349229852
200 503155032 18 40 PWWWWWWWDWPPPWWWWPPP
200 147387702 16 6 WWWWPWWPPWWPPWPPPDPW
200 663370412 36 46 WPPPWPPWPWWWDPPPPPWP
300 883847027
200 979008207 22 40 WWWWPWDWPWWPPPWWPWWW
200 705416826 30 23 PPPDPWPPPWPPPWPPPPPP
400 20 35 24 WWPPWPDWPPPWWWPPPWWP
400 36 49 9 WWPPPPWPDPWWPWPPPPWP
200 11200440 36 21 WPPPWWWWPPWWWWWPPDPP
200 455917372 26 24 PWPPPWWWWWWPWPDWWWPP
200 855651308 27 42 PPPWPDPPWWWWWWPWWPWW
200 302648037 30 38 WPPPWWPWPWPWPWPPDWWW
200 532599285 30 49 PPPPWPPWPPWWPWWWPDWP
300 625754993
300 966302215
300 574287459
300 283211131
300 271169169
300 641214138
300 754856897
400 46 40 18 DPPWPWWWPPWPPWPPWWPW
300 138233663
300 101463479
400 6 40 19 WWPPWWDPWPWWPWPPWPPP
300 219171754
200 681986075 10 2 PPWPPWPWPWPPWPPWDPPP
300 622170462
200 698495020 8 36 WWWDPPWWWPWPWWPWWPPW
200 188427755 41 32 WWWWWPDPWWPPPPWWPPPP
300 496739820
200 325007686 8 39 WPPPWWPWWWWPWWPPWDWW
200 326725001 7 32 DWPWWPPPPWWWWPPWWPPP
300 464722146
300 211834433
400 13 50 19 DWWPPWPPWWWPPPWWWPWW
200 278432307 21 45 PWWWPWPWWWWPPWWDWPWP
200 400918160 6 18 PPPWWWWWPPPWWWWWDPWW
400 18 36 1 PWPPWPWWWPWWWWPWPPDP
200 79333642 43 37 WWPWWPPWDWPWPWPPPWPW
200 767142826 25 7 PPWWPDPPWWWWWWPWPWWW
300 673757500
300 129991218
200 149671552 21 28 PDPPWWPPWPWPPWWWWPWW
400 41 6 19 WPWPPWWPPWPWWWPPWWWD
200 236815107 19 18 PWPPWPWDWPPPWPWWWPWW
200 44638511 12 2 PWWWWPPPWDPWPPWPPPWW
200 288883185 1 19 DWPWPWPPPWPPWWPWWWPP
300 193099363
300 700026311
300 370876483
200 105101569 31 8 WPPWPWWWWPPWPPPDWWPP
300 652926403
400 6 45 25 PDWWWPPPPPWPPWWPPPWP
200 471873043 37 19 PPPWPPWWDPWWWPWWPPPW
300 661137885
200 266758948 33 23 DWPPWWPPPPWPPPWPPPWP
400 43 17 11 WPPWWWPWWWPPWPDPPWWW
200 629517631 2 34 WWWPWPWPDWPWWWWWPPWP
200 97975787 41 50 PWWWWWWWWPWWPWWPPPDW
200 232220830 37 15 PPWPWWWWWPPPWWWWWPDW
400 31 22 16 PPPWWWWPWWWWWWPDWWWW
200 642959875 27 17 WWPWWPPPPWPPPWPWWWDP
200 741650027 4 26 WWWWPPPPWPPWWPPWPWDW
200 859684286 9 10 DPWWPWPPWPWPPPWPWWPW
400 21 4 13 WPWWPWPPPWPPWWPWDPPP
300 359482961
400 10 41 11 PPPWWWWWWPPWWPWPPWPD
400 7 8 10 WPWPWWWPDWPWPWPWPPPW
200 952863534 48 14 DPWWWPPPPWWWPPWWPPPW
300 927432094
300 446191731
200 7694911 5 42 PPWPPPWPWPDPWWPPPWPW
200 739983865 30 31 PPPPWPPWWWPPWDWWPWWW
200 257424507 41 10 PPPPWPPWPWWWWPDPPPPP
400 4 35 10 PWWPPWPWWPWPPWPWPWPD
200 155894410 12 28 WDPPPWWWWPWWWPPWPPPW
200 131173358 25 14 PPPPPPDPWWPWPPWPWPPW
300 902270633
300 837324457
200 469825032 37 4 PDPWPPWPPPWPWPWPPPWW
400 12 26 19 WWPPWWPWWDPPWWWPPWPW
200 834011797 36 39 WPWWWWPWWWPPWPWWPWDP
400 19 49 15 WPWWWPDWWPWPWPPWWWWP
200 941149984 7 45 PWWPWPPPPPWPPWWPPPDP
400 24 32 9 PPWWWWWWWDWPWWPPWWWW
241
100 70 30 150
227870325 9 32 WWPWPWPWWPWPWWPPPWWWPPPPWWWPPD
886021210 8 17 PWWWPPWDPPPWPWWPWPPPPPWWWWPWPP
122565500 48 38 PWPWWPPPPWPWDPPPWPWPWPWWPWWWWP
24815777 61 1 PWWPPPPDPWWWPPWWWPWPWWPPWPPPPW
199210263 45 8 PWWPWWWPPPWWPDPPPWWWWWPPPPPPWW
945019738 37 20 PWWPPPWPWWWWWWWWPPPPPWWDWWWWPW
12463527 46 58 PWPPWPWWPWWPWDWWWPPPWWPPWWPWPW
982366519 54 60 PWWPPWPPPPPPPPWDPWPPPPPPWWPWPW
430555326 44 12 WWPWWWWPWPPWWPWWWWDPPWPPWPPWPW
465892132 29 38 PWWPPWPPWPPPDPPPWPWWWWWWWPPWWW
6592857 46 48 DPPWWWWPWPPWWPWWWWWWWWPWWPWPWP
117167742 18 54 WPPWWPDWPWPWWPPPPWWWWPWWWWWWWP
222913801 47 2 PPPPPWWPWDPWWWPPPPPWPPWWPWPWPP
777562804 38 31 WWPPPPWPDWWPPPPPWPPWPPPPPWWWPP
479819031 58 36 PPWPWDWPPWWPWPWPPWWPWPWPWWPWWP
980687078 23 25 WWWWWPPPPPWWPPPWWPPWPWWPWDWWPW
60654403 8 69 PWWPPWWWPPWDWWPWPPPWPWPPWWWWWW
834114921 14 17 PWWPWPWWWWWPDPPWWWPPPPPPWWPPPP
81402687 64 50 PPDWWPWPPPPPWWPPPPWWPWPWWWPWPP
81453855 54 52 PPWWPDWPPPWPWPWWWWWWWPPPPPPPPW
37975460 23 10 WPWPWPPWPDPPPPWPWPPPWPWWPWPPWW
271857723 17 32 WWWWWPWWPPWWPWPPPWWDPWPPPPWPPP
533715501 34 64 PPPWWWPPWWWPPWPPWWWDWPPWWWPPWW
440257373 39 25 WWPPWWPWWPDPPWPPWWWPWWWWPWPWWW
737285342 47 30 WWWPPPPPWWWWWWWWPWWWWPPWWPPWPD
25753744 15 46 PWPWWWWPWPWWDWWPPWPPPWWPPPWPWP
633957487 61 38 WPPWPPDPPPWPWPWWPWWPPPPPWWPPWW
14101440 17 50 WWWPWWWWPWWPWPWPDWWWPPWPWWPPPP
761845306 51 69 PWPPPPWPPPWPWPPPPWPPPPWWWWPPDW
530755035 2 21 WPWWWPPWWWWPPPWPWPWWPPWPWWDPPW
561855962 11 28 PWPDPPPWWWWWPPPWPWPWWWPPWPPPWP
104462797 50 35 DWPWWPWWPPWWPPWPWPWPWWWPWWWWWW
546150113 44 27 WPWWPPWPWWWPWPWWPPWPPWWWPDPPWP
250482375 58 28 WPPWWWWPWWWPWPPWPPWPPPWWWWPPWD
782108216 66 63 WPWPWPWPPWPWPPWPDPPPWWWWPWPPWW
381636981 10 11 WWWWPPPPPWPDWPPWWWPPPWWPPPWWPP
503014165 4 70 WPWWWWPPPWPWWPWPWWWPWPWDPPWPPW
167257598 69 11 WDPWPPWPPPWPPPWWWWPPWWWPWWWWWP
295448288 46 6 WPWWWPWPWPPPWWPWWPPPPPPWPWDPWP
392386720 54 22 DPPPPWWWPPPPPPWPPWPPPWWPWWPPWP
494270174 60 49 WPPPPWWWPPWDWPWPPPPPPWPPWPPPPP
43451677 49 24 WWWWWWPPWWPWDPWWWPWPPWWWWWWPWW
645405890 11 48 WWPWPPPPWDPPPWWWPPWPWPPWPWPWWW
541802691 47 23 PPPWPPPWWPWWPWDWWWPPWWWPWWPWPP
28843530 36 19 WPPWWPPPPWWWPWPWWWWWPPWWDWPWPP
568462640 45 25 PPPWWPWWPWWWPWWPPWWWWPPWWPWDPW
335366938 32 45 WWPWWPWPPPPPWWPWPWWPPWWDWWWPWW
390218734 31 50 WPWPDWPPPPWPPWWWPPPPPWWPPWPWWW
4214486 13 9 PPWPWPPPPPPPWPWDWPPWPWWWWWPWWP
382410294 25 32 WPPWWPWWWWPWWPWWWWWPWPPDWPWWWP
6280736 48 39 PPWWPWWWPDWWWWPWWPWPWPWPPPWWWP
578937222 65 37 WPWPPPPWPPWWWPPWWPWPPDPWPWPPPW
298058903 68 41 PPPWPWWWWWWPPWWDWPPPWWPWWPWWPW
14566153 43 59 DWPPPPWPWPWWPPWWPWPWWPPPPWWPPP
353589751 50 19 PWWWWWPWPWPWWPPWWPWWWWWPDWPWPW
220525485 46 2 PWWWPPWDPWWPPPWPWPWWPPPWWPWWWP
801906231 11 19 WWPPPWWWWWWWWDWWWWWPPWPWPPWWPW
265216481 35 36 WPPWWWWWPWWWWPPWWPWDWWWPPPWPPP
727964915 22 5 PPPPPPPWPWWWPPWWWPDWPPWPWPPWPW
220185889 23 65 WWWWPPPWWWPPWPWWWWWPWPDPPPWPWP
704775637 46 29 PWWPPWWWPPWPPPWPPPWWPWDWPPWPWW
577678627 52 3 WPWPPPPWWPPPPWWWWPPPWWPDWWPPWP
516109059 67 16 PWWWWWWWDPWWWPWWWWPPWPWPWPPPPW
422641454 70 48 WWPWPWPWWWPPPPPPDPWWPPPPPPWPPW
265582293 41 70 WPWWPPWWWDPPWWWPPWPPWWWPPWWPPP
705466283 66 41 WPPPPPPWPPPWWWPWWWPPPPPPWWWWPD
977284857 60 27 PWPPWPPPWWWPPWPWWPWWPPPWDWWPPP
139968060 63 27 WWPPDPWWPPWPWWWPPPPPWPWWPWPPPW
402168147 60 57 PWWWWWWPPWWWWPDWWPPPWPWWWPWWPP
695797763 1 69 WPWWWWWWPWPWPPPWPPWPPPWWWPPPDW
70023931 52 24 PWWWPPWPWPPPWWPPPPWWPWWPPDPPPP
843032280 70 43 PPPPWPWPPWWPWPPPWPWPPPPWWDPPWP
388392489 40 2 WPWPPPPPWWPWWPPWWPWWDPWWPPPPPP
437771684 19 45 WWPWPWPPDWWPWWWPWPWPPPPPWPPPPW
214015468 64 59 WPPWWPWPPPPWWWDWPPPWWPPWPWPPWW
483414294 13 5 WWWPWPDWPPPWPPPWWPWWWWPPPPWPWP
575274750 70 31 PPWPDPWWPWPPWPPPPPPPWWPPWWPWPW
549398627 22 25 DWPWWWWPPWPWWPPWPPWPWPWPWPWPPW
102315165 45 39 DWWPWPWPWPPWPPPPPPPWWWWWPPPWWW
876829144 55 5 PWPWPWPPDWWWWWWWWPWPPWWWWWPWPP
124626608 62 27 WDWPPWWPPPPWWWWWPPWWWWPPPWPPPW
237880230 65 56 PWPWWWWWWPPPWWWPDPWPPPPPWWWWPW
36723980 50 47 PPPWPPWPDWPWPPWPPPWPWPWPPPPPPP
320030876 28 8 WWWWDPPWPPPWWPWPPPWWPPPWWPWWWW
133575142 18 49 WPPWWPWPWWPPPPWPPPPWPWPPWPPPPD
396516380 3 47 PPWWWPPWWPWPPWWPWPPPPWWDPPWPPP
927096312 22 56 PPWWDWPPPWWPWWWWWWWPWPWWPWWPPW
255438086 4 53 PWWWPPWWDPWWWPWPWPWPPWWPWWPPPW
408001394 41 43 PWWWPWPDWPPWWWWWPWPWWPPWPPWWPW
299355086 15 31 PPPWPPWWPWWPPWWWPWPWWPPWPPDWPP
385941229 60 52 PPWWWPWWWPPWWWDWWPPPPPPPWPPPWW
848160130 24 56 DPWWPPPWPWWPWPPPPPWPWWPPPWPPPW
94696815 22 19 WWPDWPPWPWPWWWPPWWWWWWPPPPWPWW
530537176 9 30 PWPPWWPPPWPPPWPPPPDWPWWWPPWPPW
372252830 37 32 WPPPPPWPWWPWPPWPPPDPWWPPWWPWWW
584046536 16 32 WWWPPPPWPPPPWDPWPPPWWPWWPPPWWP
196369142 55 42 PWPWPPPWWPWWPPPWWDPWPWWWPPPWPW
825563015 27 48 WPPWWWWWPWWPPDWPWWPWWWWPPPWWWP
764519534 41 47 WPWPWPWDPWWPPWPWWWWPPWWWPWPWWW
157863132 32 65 PPPWPPWPWWPWWWWPPPDWPPPWPPPWPW
205303648 33 3 PPPPPPPWPPPPWWPPPPPPWWWDPPWWPP
271953800 33 53 PPPWPPWWWPPPWPWWPWWDPPPPPWPWPW
39686293 36 66 WWPWPPPPWWWWPWPPPPWWWPPPWWWWDP
773727055 33 44 WWPWWPPWWPPWPDWPPWWPWPPWWPPWWW
48979374 15 58 PWPPPWWPPPWWPWPPWPWPPWPPDPPWWP
560984939 28 2 PWDWPPWWWWWWWWWPWWPWPPPWPWWPWP
281547882 53 18 PPPWPPWWPWWPWWPWDWWPPPPWWPPWWP
301427297 28 55 PPPWWPWWPWPWWPWPWWDWPWPPPPPWPP
23621450 37 48 WPPPWPDWPWWWWWPWWWPPPPPWWWPPPP
55818186 70 13 PPPWPPPPWPPWWPPPPWWPPPWPWWDWWP
512006740 22 36 PPWPWPPWWPWWPWPWPPWPWPWPPPPWDP
879803497 2 58 WPPWPWWPWWWPDPPPWPPPWWWPPWWWWW
67196528 59 61 PPWPDWPPPWWPPPWPWWWWPWWWWPPWWP
17807858 66 9 PPWWWWWPPWWWWPPWPWWWPWDWWWPWPP
485556086 10 33 WWWPWWPPDWPWWWWPWPPPPWPWPPPPWP
500417936 26 1 PWWWWDWPWPWWWPPWWWWWPPPWWPWWPW
512470344 9 15 PPWPWPWWPPWPWPPDWWPWWPPWPWWPWP
12492618 3 7 WWPWWWPPPWPWWPWDPPWWWPPPWWWWPP
161917736 21 43 PPWPWPPWWPWDWPPWWWPWWPWWPPPPPW
47955284 45 21 WWWWPDPPWWPPPPPWPPWWWWWPWPPWPP
177420109 31 48 WWPPWDWPWWPPPPPPPPPWPPWPWPWWPP
827191551 24 70 PWPWWPWPPPWWDPPPPWWWWWWWWPWWPP
271918488 48 26 WPWPWPWPWWWWDPWPPPPWPWWWWWPWWP
255229355 8 16 WPPWWWWPPPPWPPWWPDWPPPWPPPPPWP
548581412 7 40 PWPWPPPPPWPPPPWPWWPPPWPPPPWDPP
215954634 6 5 PWPPPPPWPPPWWWPPPWWPWWPDPWWWWP
125325094 6 30 WPPPWWWWWWPWWDWPWPPPWPWPPPWWWP
72132023 42 5 PWWPPWPWWPWPPPWPWPPWPPPPWWWWDP
485501501 3 53 WWWPWWPPDPWPWWPPPWWPPWWPWPWWPW
393720718 44 26 PWPWWPPPPPWPPDWPWPPWWWPWPWPWWW
17039834 9 50 PWPPWWPWPPDPWPPWPWPPPWWPPWPWPP
780830656 64 65 WWPWPPPPWPWWPWPPPDPWWWPWWPWWPW
992533664 41 39 PPPPPWPWPWWWWWWPWPPPPWDWWWWWPP
235641396 43 52 WPPWPPWDWWWPWWWPWWPWWPWWWWPPPW
56240246 39 18 WWWPDWWWPWWWPWWPPPPWWPPWWPPPPP
35208097 9 59 PPPWPDWPWWWPPPPPPWPWPPPWWPPPPW
535599266 38 52 PWPPPWWWPPWPPPPPPDPWWWPPWPWWWP
1709924 50 65 PWWPPPWPWPPWWWWPWWPPPWPDPPPWWW
213981744 20 53 PWWPPPWPWWPPPWWPWPPDPPWPPPPPWW
24466690 22 37 PPPPWPWPPWWPPWWPPPWPDPWPPPWWWW
927857807 38 30 PPPPDPWWPWWWPWWPWPWWPWWWWWPWWP
597664183 42 17 PPWPWPWWWPPPPPWWWWPPWPWWPPPPDP
814484592 60 16 WWWWWWPDWPPPWWWWWPWPWWPPPWPWWW
487968070 61 42 WPWWPWPPWWPWDPPPWWWWWWWWWWPPWW
294875603 55 45 WPWPWPPPPPPWPPDWWWWPWWPPWPPPPP
486331396 52 65 WPPPWPPWPPPWPPWPWWPPWPWWPWWDWW
803474773 35 24 WWWPWPPWWPWWWPPPPPPPDPPPWWPPPP
779487147 43 57 WWWPPWWDPWWPPWPPWPWWPWPWWPPPPP
286312520 58 41 PWPPWDWPPWWPPPPPWWWPPPWPWWPPWP
498312286 17 1 WPPPWPWPWWPWWWWWWPPPWPWWWDPWPP
200 704298475 50 63 WWWPWDPWWWWPPPPWWPWWPPWWWPPPWW
200 509567391 69 41 PPPPPWPDWWWWPWWPWPWWWPWWPPPPWW
200 479298015 28 70 PPPPWWPWPWPWWPPWWPWDPWPPPPPWWP
400 37 65 1 WPDWPPPPPPPWWWPWPWWWPWWWWPWPPP
200 136934171 61 47 WPPPPPWWPPPWPPPDWPPWWWWWWPWWWW
200 207687963 26 2 PWWPWWWWPWWWPPPPPPWWWPPDPPPPWP
200 848363990 20 60 WPPPPPWDPWPWWPWWPWPPWPPPWWWPWW
300 47955284
200 615799464 26 23 WWWWWPWWWPWPWWWWWPPWWPWWPDPWPW
200 496737167 51 27 PPPWWWWPWPWPWPWPPWWWWPPWPWPWPD
200 2655303 59 8 WPPWPPWWPWPPWPPPPPPWWDPWWWWWPP
200 605296777 33 32 WPWWWWPWPPPPWWPWPPDWWWWPWWPPWP
300 25753744
200 944523385 58 59 WPPPPWWPWWWPPWWDPPWPWWWWWPWWWW
400 45 16 15 WPWWPPPPWPWWPWWWWWDPPPPWPWWPPW
200 94389167 12 45 WPWPWPPPPPPPWPPPPPPWPPWPPPDPWW
200 202065657 44 66 WPPPPPWPWWWWPWPWPPPDWPWPPPWWWP
300 36723980
200 60071711 39 7 WWWWPWWPWPPPPPWPPPDWWWWWPWPPPW
200 858493313 36 39 PPPPWWPWWWPWWWPWWWDPPPPPPPWPPW
300 81402687
200 667182404 47 48 WPWWWPPPWPWPPWPWDWWWWWPPWWWWPW
200 522003964 44 16 WWWPWPWPWPPDWPPPPWWPPWPWPWWPPW
200 346930441 50 39 PPPWPWDPPPPPWWWPWWWPWPWPPWPWPW
200 185515959 21 25 WWWWWPDWWWPPPWPWWPWPPWWWWPWPPP
200 894644480 23 1 PPWWWPWPWWPPPPPDWWWPPPPWWPPPWW
200 291635322 53 66 PPPPPDWPWWPWWPPPWWWWWWPPPPWWPW
200 227396135 9 46 PPWWWPWWPWWPWPWPWPPWWPWPWPDWWP
300 24815777
300 199210263
400 50 34 29 WWPWWWPPPPPWPWPPPDPWPPWWPPWPWW
200 348598745 34 25 WPWWWPPWPPWWPPPWPWPPPDWPPWWWPP
300 575274750
300 605296777
200 287607495 29 66 WDPPPWPPWWWWPPWWWPPWWWPWPPPWPW
200 844484086 19 29 WPPDPPPWWPWWWWPWWWPPPWPPWPWWPP
400 6 8 39 PWWWPPWPPWPWPPWPPPDPPPPWWWWWPW
200 495622012 8 15 PPPPWDPPWPWWPWWWPWWPWPWWPPPPWP
200 220904679 59 46 WWPPWPWWPPWWPWPPPPWWWDPWWWPWWW
200 690501071 20 65 PWPWPPPWWPWPWPWPPPPDWPWPWPWWWW
400 14 58 47 WPPWWWPPDWPPPPPWPWPWPWWWWWWWPW
200 600571346 66 43 PWPWWWPPDPWPPWPWPWWWWWWPWWWWWW
200 53828603 42 50 WWPWPWWPWWPWPWPWPWWPPPPPPWWPDW
200 224051842 40 28 WPWWDPPPPPWPPWWWPPWWPWWWWPWWWP
200 869409159 28 30 PPWPPPPPPWPDPPPPWPPWWPPWPPWWWP
200 578398327 17 15 WDWPPWWPPPPPWPWWWPPWPPWWPWWWPP
200 610241347 67 19 WPPPWPWWWPPPPPPWWWWWPWPPWWPDWW
400 23 22 13 WPPPWWPWPPPWPWPPWPPWPPPDWPWWPW
200 862248825 17 43 PPWWPPWWPWPPPPWPPPPPPPWPWPWWPD
200 746680895 18 24 PWWWWPWWPPPWPWPPPPWPPPWPWWDPWW
200 126502942 1 53 PWPWPWWPPPPWWWPPPPPPWPDWPPWPPP
300 479298015
300 886021210
400 62 38 34 PDWWPWPWPWWWWWPWPWWWPWWWWWWWWP
200 371689553 51 54 PDWWWPWWWPWPPPWPWPWWWPWPPWWPWW
300 122565500
200 686474841 7 12 WPDWPWPWWPPPPPWPWWWWWPWWPPWWWW
200 38250914 5 4 PPWPWPPDPWWWPPWPWPPWWWWWPPPWPP
200 154391524 61 35 WPWPPWWDWWWWWPPWWPWPPWPWWPWPPP
200 257956072 15 34 WWPPWWPWPWWDWWWPWWWWPPPWWWWWWP
200 839260656 54 65 WWPWPPWWPPWPWPPWWWWPDPPPPPPWPP
300 207687963
200 711457710 37 3 PWPWWWPPWPPPPPPPPWWWPPPWPWPWWD
200 749847579 36 6 PPDWWPPPPWPWWWPWPPPWPPWPWPWPPP
200 125218830 12 3 WPWWWDWPPPPPWWWPWPPPPPPWPWPWWP
200 63900317 67 51 WWPWWWWWWWPPWPDPPPWPPPWPPWPWPP
400 14 37 25 WPPWWPWWPWPPPPPWWWWDPPPPPWPPWP
400 24 5 29 PWWPPWPPWPWDWWWPWPPPPWPWWPWPPW
400 57 23 44 PPWWWPPWWWPPDPPWPPPPWWPPPPPWWW
200 967418121 59 14 WWWPWPWPPWWPWPWWWPPDWPWPWPWWWP
200 797855409 9 54 WWWWPPPPWWPPDPWPWPWWPWPWPPPWPW
200 75836807 13 41 WPWWWPWPPWPWDPPPWPWPWWWPPPPPWW
200 782417611 34 12 PPWWWWDPPWPWWPWWWPPWWPWPPWPPWW
200 35883591 60 66 PDWWWWPPPPWWWWWWPWPPWWPWPPWPPW
200 532707769 25 5 PPPWWWPWPPPWWPWPWPWDPWPPWWPPPW
200 799225654 51 22 PPWPWPPWPPWPWPPPPPWWWPPPPPDWPW
200 111218484 55 70 WWPWWWPWPWPPPPWWPPPWPPWDPPWPPW
400 14 63 23 PPPPPWWPPWPPPWWPWWPWPPPWWPDPPP
200 343148076 2 25 WPWPWPPPWPWPPPPWDPPWWPWWPPWPPW
200 861026225 23 68 PPWPWWWWWPWWWWWWPWDPWWPPPPWWWW
200 23047342 54 19 PWPWPWWWPPPPPWWWPPPDPPWWWWWWPP
200 783937623 6 48 PPDPWPPPPPWWWPWPPPWWPPWWWWWWWP
200 712718218 27 4 PWPDWPWWPWWPWWPPWPWPPWWWPWWWPW
200 653023772 50 33 WPPPWDPWWPPPWPWWPPWPPWWWWWWPWW
200 313066507 20 18 DPPPPWPPPPWWPWWPPWPPWPWWWWPPWW
200 487654653 10 29 PPPPPWPWPWPWPPWDPWPPWWPPWPPPPP
200 346082427 62 16 WPPPWPWPPDPPPWWWWPWPWPPWPPWPWP
200 472898941 62 9 PPWPWWPPWPWPWWPPWDPPWWWWWPPPWP
300 286312520
200 105329173 7 16 WPWPPWWPWPPPPPPPWPWPPPPWPPWPWD
300 704775637
200 199706588 69 55 WWPPPDPWPPPPWPPPPPPPWWWPWPPPWW
200 41936101 60 24 WWPPWPPWWPWWPWWWWPWDWPPPWPWWPP
200 885481903 46 40 WWWDPPPPWPPWPPWPWPPWWPPPPWPPPP
200 44065657 65 62 WPPPWWWWPPWWPPWPPPWWDWWWPPPWWP
200 42589283 35 69 WPPWPWPWWWPPPWPWWWWWDPWPPPWWPW
400 8 54 29 PPWWWPPWPWWWPPPWWWPPWWWPDWPPPP
200 325501861 64 31 WWWPWDWWWPPWWPPWWWPPPWPPWWPPPW
200 390216748 60 43 WPPWPPPPWWPWPWWPDPPWWPWWPPWPWW
200 67846528 41 9 WWPPPWPWWPWWWWWPWDWWPWWWPWWWWP
400 12 30 34 WWPPPWWWPWPWDPWWWPWPWWPWPWWPPP
200 315878528 41 8 WWPPWWPDWWWWWPPWWWWPPWPWWPPPPP
300 136934171
200 131964952 48 41 WPWWWWPPWPPPWWWDWPPPWWPWPWPPPW
200 59756056 40 65 WPPWWPPPWWPWPWWPDPPPPWPPPPPPPW
200 67539823 60 6 PWWPWWPPPPPDWPPWPPPPWPPPPWWWWP
200 659703414 48 20 PPPPPWWPWPWDPWWWPPWPWPPWPPPWWW
200 78911283 14 1 WPPPWWWWWWDPWPPWPPPWPWPPWWPWPW
200 427775488 48 57 PPPWPPPPDWWWWWWWWWPWPPWPPWPPPP
200 452660969 34 26 WPWPPWWDWWPWWWPPWWWPPPWPWPPPPP
200 429014782 24 58 WWWPPPPWWWWWPWWPDWWWWWPWWPWWWW
200 457347812 47 49 PPWWWWWPWPPWPPPPDPPWPPWPWPWPWW
200 38808031 70 29 PWWWPPWPWDWPPWWWWWPWWPWPWPWWPP
200 419735159 59 53 WPPPPWWWWPWWPPPPWWWPPWPDPWPWPW
200 164317866 39 55 WWPWWPWPPDWPPPPWPWPPWWPWWPPWPP
300 294875603
200 381860310 2 5 PWWWPPWPWDWWPWPWPPPPPWWPPWWWWW
200 328600956 64 32 WWWWPWWDPWWPWPWWWWWPPWWWPWPWWP
200 211747504 1 10 PWPWWWPWWWPWPWWWPPPPWWPWDWPPWP
200 625624572 61 44 PWWPPPPPPWWWPPPWPWPPPWPPPPWPWD
200 488598938 40 18 WWPPWPWWPPWPPPPPWWPPDWPWWPPPPP
400 25 64 16 PWWWPWPPPWPPWPPWPWWWWWWWPPPPDW
200 432401488 6 28 PPWPPWWWWPPWPPPPDWPPPPPWPPPWWW
300 125218830
200 503891077 12 51 PPWWPWWWWPWWWPWWPPWPDPWWPWWWPP
300 126502942
400 54 53 12 WWPPWWDWWWPWWWPWPWWWPPWPPWWWWW
200 174981103 61 2 PWPPWPPWPPPPWWPPPPPWDWPPWPPPWP
200 110859725 19 15 WWWWWWWWDPWWPPWPWWWPWWWWWWPPPP
200 837911591 3 22 PWDWPPWPWPWPWPWPWPWPWWWWWWWPPW
300 749847579
200 152259571 66 45 WWPWDPPWPPWWWWPPWPPWWPWPWPWPPW
300 848160130
300 430555326
200 665222163 30 25 PPPWPPWPPPWPWWWWWWWPPWWWPPPPWD
200 153208223 1 68 WPWDWWWWPPWPWPPPWWPPPWPPWPWPWP
200 325891270 66 49 PPWWWPPWPWWPWPPPPPWWDWWPPPPWPP
200 116161438 6 1 WWPWPPWPPWWPWPPWWPWWPWWPWPDWPW
200 424712209 36 69 WWWWWWWPPPPPWPWWDWPWPPPPPWWWWW
300 530755035
200 592182500 32 1 WPWDPWPWWWWPPPWWPWPWWWWPPPPPWP
200 680212031 63 49 PPWWWPWPWPPWWPWPPPWWPWPPWPDPWP
200 703801218 4 38 WPPWPPPWWPWWPDPPPWPWWWWPPWPPPP
200 830227352 13 38 DPWPPPPPPWPPPPPPWPPWPWWPPPWPPW
200 386768318 45 42 WWPPWWPWDPPPPPWPWPWWPPPWPWPPPP
200 50310212 55 54 PPWWPPWPPDWWWWWPPWWWPWPPPWPWWP
300 578937222
300 457347812
200 189369399 6 14 WPWPWPPPPWWWWPWPPWPPPWDPPPPPPW
200 604688736 29 5 WWDWWWWWPWPPWPWWWPWWPWPPWPWPWP
300 830227352
200 882047478 24 45 PPWWPWPPPWPPPWWPDWPWWPWPWWWWWP
200 79975480 67 38 WPWPWPDPWPPPWWWWWPPWWWPPWPPPWW
300 944523385
300 227870325
300 861026225
300 485501501
200 503118426 7 57 PWPPWDPPWWWWPWPWPWPPWWPPWWWPWP
200 545768185 45 43 PWPPPPWPWWWDPWPPPPPWPPPWWWPWPP
300 982366519
200 229103197 48 1 WWWPPWWWPWPDWPPWPWWPWWPPWWPPWW
200 632415717 40 44 PPWPPWPWPWPWWWPWDWWWPWPPPPPWWW
300 402168147
200 275972606 63 24 PPWPWWWWWWPDPPWPPPWPPPWPPWPWPP
200 590529250 16 57 PPWPPWWPPPWWWPWWWWPWPWPPPPWDWP
200 410115076 59 48 PWWWPPWPPWPWWPWPPWPPWPWPPWPWDP
400 40 22 26 PWWPPWPWWWWPWWWWPWPWWPWPPPWDWP
300 2655303
300 496737167
200 585693832 46 31 PPPWWPPWWPPPWPWWWPPWWWPWWDWWPP
200 601712163 42 27 WDPWWPPWPPPWWWPWWWPWPPPPWPPWPW
300 882047478
400 8 65 22 WWPPPWPWPWWWWWPPPPDWWPWWPWPPWW
300 42589283
400 15 36 16 PWWWPPPWWPPWPDWPWPPWPPWPPPPWPW
400 11 69 1 PPPWWWPWPPPPWPPPWWPWDPWWWPPWPW
400 33 68 26 WPWWWPWWWPWPWWWPWWDWWWPWPPWWWW
200 290137373 62 22 WWWPPWWPPWWWWWWPPPWWPPWWWDWPWP
200 908958187 35 42 PPWPWWPPPPWPWWPWPPWWWWWDPPWWPW
300 189369399
200 504243832 4 40 PPPWWWPWWPPWWPPWPWPPDPPPWPPWWW
200 181957339 41 6 WPPWPPPWWPPWDWPPWPWPPWWPWPPPWP
200 644734422 58 64 PPPDWWWPWWWWPPWWPWPPWPPWWWWWPW
300 782108216
300 427775488
300 746680895
300 440257373
200 200010614 64 61 PWWPWPWPWPPPPWPPPWWPPWWDPPWWPW
300 396516380
400 30 29 17 PWPWWPPWPPPWWPPWPWWWWPWWWPDWPP
400 57 24 29 PWWWPWPWWPWWWPWPWWWDWWWWWWPWPP
200 343471890 56 59 PPPWPWWPPWPPWPWPPPWWWWPPWDWPPP
200 902864025 34 66 PPPPPPWWWPWPPPWDPPPPPPPWWPPWPP
300 265582293
300 498312286
400 4 30 16 WWWWPPPDPWWPWWWWPWWPPWWWPWPWPP
400 61 70 29 PPWWWPPPWWPPWPPWPWPDPWWWPPWWPP
300 205303648
200 597749531 57 13 WPWPWPWPWPWPWWDWWPWWWWWPPWWPWW
300 227396135
400 45 50 13 WWWWWPWWWWPDPPWWPPPWWWWWPWWPPP
400 54 56 16 WWWPPPWPWPPWWPWWWWPWWWWWDWWWWW
400 27 45 17 WWPWPWWWWWDWWPPPPPPPWWPPWPPPWW
400 43 67 29 WPDWPPWWPWPPWWWWPPPWPPPPWPWPWP
400 13 52 27 WPWWWPPPPWDWWPWPPPPPPWWPWWWPPP
400 21 55 33 PPPPPWWPWWPPPPWPPWPWWWPPPWWPPD
200 494671515 68 8 WPPWWWWPPPPPPWPPPWWPWPPWPWDPPP
200 938545042 24 18 PWPWPWWPWWPWWPPPWDPWWPPWWPPPWP
300 577678627
200 499261841 65 34 WWPPPPWPWPWPPPWWPPPWWPPPWPDPWP
200 2946113 11 61 WWPPWWPPWPPPWPPDWWPPPWPPWWPPPW
400 21 59 16 PPPPPPWPPDWPWPPPPPWWWPWWWWWPWP
200 829679863 14 24 PPWPDPWPWPPWWPPPWPPWPPPPPWPWPP
200 415545518 30 54 WWWPWWWPWPWPPWPPPPWPWWWWPDPWPW
400 9 15 1 WPPPPWDWWPWPWPPPPPWPWPPWWPWPWP
200 737008285 1 39 WWWPPWWPWWWWWPWWPWWPWWPWWPWWDP
200 733751430 69 28 PWWWWPWWWWPWPWDWPPPPPWWPWPWWPW
400 20 29 26 PPPWPPWWDWWPPPPPPPPWPPPPPPWPWP
300 4214486
300 424712209
400 5 23 16 WPWPPWWWPWWWPWWWPWWWWDWPPWWWPP
200 612731313 33 68 PPDPPPWPWWWWPPPWPWPPPWWPPWWWWP
400 13 16 15 WPWPPWPWPWPPWWDPPWPPWPWPWPPPWP
200 856090309 61 58 PPWWWPPWWPWDWPPPPWWWPPPPPWPWPW
200 988799484 38 23 WWPWPPPWDPPWWPPWPPWPWPWPWWPPPW
200 40815289 34 2 DWPWWPWWWPWPPWPPWPWWPWWPWWWWWW
300 199706588
400 45 9 13 WPDWPPPPPPPPPWPPWPWWWWWPPPWWPP
200 758037989 20 55 WPPWWPPWPPWDWPPWPWPPPPWPPPWWWW
200 677367349 62 66 PDPPPWPWWPWWWPWPWWWPWPWWWWPPPW
200 191814464 45 52 PPWWPPWWPWWWWPWPPWDWWWPWPWWWWP
400 13 51 31 PPPPWWPWWPWPPDPPPWPPPPWPWWWPWW
200 211070580 3 6 PWPDWPWWPWWWWPPPWPWWWPPPWPWWWP
400 35 63 15 WPPWPPWWWWPPWPWWWWDWPWPWWWPWWP
300 801906231
200 289446201 2 37 PPWWPPPWWWWWPWPWPPWDPWWWPWPWWW
200 312780433 20 14 PWPWWPPDPWPWPPPPPWWWPPPPPPWWPW
200 444299427 59 45 WPPDPWPWPWWPWWPPWWPWWPPPPWPWWP
400 7 59 30 WPPWPPWPPWPWWPPPPDWPPPWPWWPPPP
400 42 65 16 WPWPWWWPPPDWPPWPPWWWPPPPWPWWPW
311
100 80 30 150
962143747 60 39 PPWDWWPWWPPWPWWWWWPWWWPPPPPWWP
935658319 74 52 PWPPWWWWWPPWPWWPPDPPPPWWPWWWPW
76826810 78 31 WPPWWWWWPWWWWDPPPPPPPWPPPWWWPW
154779832 38 41 PWPWWPWDWWPWWWPWPWWWWPWWPWPWWP
985420729 42 66 WWWWWWPPPWPWPPWPPPPWPWWWPWPWWD
632061069 5 67 PWPWPPPWWWPWWPPWWPPWWPDPPWWPWP
125139520 40 45 PWPPWPPWWWWWPPPDWPWWPPPWPPPWPP
398637382 15 28 PDWWPWWWPWWPPPWPWWWWWWPWWWPPPW
52919689 5 14 WWPWWWWWPWPWPWWWPWWWDWWPPWPPPW
577772241 21 19 WWPWWWWPWPPDWWPPPPPPPPWWPWPWPP
718363937 63 68 PPWPWPPWPWWPWPWWWPPPPPPWDPWPWW
589599082 39 45 PWPPDPPPWPWWWPWPWPWWWWWPWPWPWP
133399396 62 59 WWPPWPPWWWWWWDPPPPWPWWPWPWPPPP
755529956 18 66 PWWDWWWWPPWPWPPPWWPWPWWWWWWPPW
680826154 9 32 PWWPWPWPPWPPDWPPPPPPPPWWPPPPWP
756330619 54 41 PPDWPPPPPWWWWWWWWWPPWPPPWWWWWW
247698181 66 9 PWPPDPPPPWWPWWWPWPPWWPWWPPWWWP
79122246 68 78 PPPPPWPPWWPWWPDWWPPWWWWWPPPPPW
627459996 18 32 WWPPPWWPPPPPWPPPWPWWWPWWDWPWWW
585971682 8 57 PPPPPPWWWWPPWPPWPWWPPWPPPWDPWW
354345486 35 29 WPWWPPPPWPWPWPPPPPPPPPWPWDWWWP
206404085 28 14 PPWWPWPWPPWWWPPPPPPPPPDWPPWWPW
328361058 76 49 WPWPWWPWPWPPPPWWWPPPPPDWPPWWWW
364690056 77 29 PPWWDPWPPWPWPWPWWPWWWPWPPWPPWP
573836646 69 20 WPWWPWPPPWWWWWWWWWWPPWWPDWPPPW
333960315 5 77 PPPWPWPWPWWDWWPPWPWPPWWPWWPPWW
578972308 10 31 WPWWPPPWWWPPPPPWPWWPPPPPPDWPPW
972036221 80 73 WWWWPPPPWPPWWWWPWDWWWPPPWPWWPW
651762130 59 45 WWWPPPWPWWWWPWPPDWWPWPPWPPPWWW
729749566 11 61 PWWPPPPWPPWWPPWWWWPWWWWPPWPPDW
262128684 8 9 PWWPPPPPWPPWPWPWPPPWWDPPPPWPWW
116476650 55 66 WWWWWPWWPWDWPWWPPWPWWPWWWPWPPP
539644371 32 17 PWPWWDWWWWWPWWWWPWWWPPPWPPWPWP
363800836 43 57 DPPPWPPWWPPPWWPPWPPWPPPWWPPPWW
28658439 47 35 WWPWWWWPPPPWPWPDPPWPPWPWWPWPWP
98315321 12 9 PWWWPWPWPPDWPPPPWWPWPPPWPPWPWP
878017727 58 52 WPPPPWWDWPPPWWWWPWPWWWPWWPPPWP
212761542 60 74 WWPWWWPWPPPWPPPWWWDPPWWPWPWWPP
9247007 24 64 WWPWPWPPWDPPWWPPWPWWWWWWPWPPPW
777816195 10 41 PPPPWPPWPWWPWDPPWWWWPPWPWPPWPP
6695715 75 17 WWPDWWPWPPPPPWPPPPWWWWWPPWWPPW
365855671 13 78 PWWWPPPWPWPWDPWWWWPWWPWPWWWPWW
480701960 31 48 WPPPWWPWPPWWPWDPPPWPPWPPWWWPWP
304546362 74 30 WWPPPWWWPPWPWWPPPPDPWPWPPPPWWW
243995736 73 66 PPPWPWWPWDPWWWWPWWWWPWWWPWWPPP
273306004 32 5 PPPPWPPWWWWPWPPWWDPWPWWWWWPWWP
38331305 74 8 WPPPWPPPPPPWPWWPWPWWDPPWPPPPPW
243832599 63 70 PWWWPWWWWPWPWWPPPPWPPDPWPPPWWP
797688164 17 14 WPWPWWWWWPPWPPPWWWPWPWWPDPWPPW
618713389 55 78 PWWWWPWPPWWDWWWWWWPWWWPPWWWWPP
303968315 57 16 WPPPWPPWPWPPWPWPWDWWWPWPWWPPPW
410964295 63 28 PPWWWWWWPWWWPPWWWPWWWPPWWWWPDP
893452563 7 23 WWPWWPPWDPWPWPPWPWWWWPPPWWPPPW
184308020 12 1 WDPPWPWPWWWWPPWPWPPWPPPPWWPPWW
800400263 16 1 PPPWWWPPWPWPPDPPPPWWPWPPPPPWWP
384626897 36 34 WPPPPPPWPWWWPPDPWPWPWWPPWPWPWP
135913815 66 19 DWWPWPWWPPWWPPPPWPWPWPPPPPWPPP
943276358 22 63 WPWPWWWWWWWWPPPWPWWPWPPWWPDPPP
230471004 66 31 PWPPPPWWWPPWDPWWWWWPPWPWPPWPPP
135305547 51 79 PWDPPWPWPPPWWPPPWPWWWWPPPWWWPW
11493340 21 57 WPWPPPPDWWWPPPWPPWWPWPWPWWWWPP
641356344 58 39 PPWWPWPWWWWPWWWWWPDPWPWPWWWWWP
347179855 80 52 WWDPWPPWPPPPPWWWPPPWPWWPPWWPWP
395497406 44 25 WWWWWPPWWPWPPPPWPWWPWWWPDPPWPP
359568368 48 47 WPPWWDWWPWPWPWWWWWWWWPPWPWWWPW
991978659 14 41 PPWWPDWPWWPWWPPWWPWWPPWWPPPWPP
69863351 35 14 PPDPPPPPWPPWPWPWWWWPPPPWWPPPPP
297293015 50 37 PPPPPPWWWPPPWPWPPWWWWWWPPWWDPW
48460178 23 3 WWPWWPPWPPWWPPWPWWWPWPPPDWWWWP
150008243 52 64 WPPPWPPPWPWPPWDWWWPWPWWPPWPPWW
209224680 6 10 DWWPWPPPPPWWWPPWWPPWPWWPWWWPPW
310814543 75 44 WPPPWWWDWWWPWPPWWWPPPPPPWPWWPW
151520728 67 8 WPWWPPPWPPWPPPPWPWDPPPPWPWPWWW
838195756 22 59 PPDPWWPPPWWWWPWWPWWWPPPWWWPPPW
62862767 55 18 PWWWWPPWPPPPPWPPPWPDPWWPWPPWPP
91306653 75 64 WWWWPWDPPWWPPPWWPPWWPWPWWPPPPP
792590470 40 51 WWWPWWWWPPPWWWPWWPDPWPWPWWPWPP
569231293 62 13 PWWWPWPPPWWDWWWWWWWWWPWWPWPPWP
112001039 31 36 WPPPPPPPWWWPPWWWWWWWPWWWPPPWWD
663530970 77 31 WPWPPPPWWPWWWWWWWWPWWPWPWDPWPW
963624685 55 69 PPWWWWWWPDPWPWPPPPPWWPWWPWWWPW
939297930 24 37 PPDPPWPPWWPWPWPWPPWPPWPWPWPPPP
33446714 15 51 PWPPPWWPWPWPWWWPWPWWPPPWDWWWPP
865865460 18 38 PWPPWPPWDPPPPWWPPPWWPWWPPPPPWW
647026689 69 9 PWPWWPWWPWWPWPPPWPWPPPPWPPDPPW
569322740 74 48 WPWPWWWPWPPPDPWPWWPWWWPPPPWPPW
515317714 29 3 PDWPWPPWWPPWPWPWWPPWWPWPWWWWWW
684619287 14 74 PPWWWWWPWWPPPWWPWPPPWPPDPPPWPW
696134078 76 35 WPPPPPPWPPPPPPPPPDPWPWPPPWPPWP
650084766 65 16 WPPPPWWPPPPPWPWWWPWDPWPWWWWPWW
768021584 25 16 WWDWPPPPWWWWPPWPWPWPWPPPPPWWWW
602781715 77 63 PWPDWPWWWPPPPWPPPWPPWWWPWWWPWW
635581549 56 3 WWDPPWPPPWWWWWPWWWWPPPPWPWPWPW
106720498 54 56 WPWPWWWPPPWDPWWWPPWWPPPPPWPWPW
295536447 53 17 WPPWWPPWPWWWWPPWPWWDWPWWPPWPWP
517061594 28 52 PPWPPDPPWWWPWPPPPWWPPWPWWWPWWP
301871579 78 34 PWWPWPWWPPWDWWWPWPPPWWPWPWPPWW
56057793 40 42 WPPWWPWPPDWWWWWPWPWPPWWWPPPWPP
69806000 4 41 PWWPPPPWPDPWWPWPWWPWWPPWPWPPPW
933169883 7 76 WPWWPWWWPWWWDWPWPPPPPWPWWWWWWW
842754790 45 3 WPWWPPWPWPPWWWWDWWPPWWPWWPWPWW
953664457 50 20 PPPPPWPWWPWPWPPPWPPPDPPWWWPPWW
334605756 79 80 PPWPPWWWPWPWWWWPPWPDWWWPWWWPPW
414567476 59 9 WPPPWPPWPWDPWPPWPPPWWPPPPWWPPP
63846966 66 48 PPPPWWWPWPPWPWPWPWPWWDPWPWPPWP
248991839 32 75 WPWPWPPWPPWWWWDPWWWPPPPWPPWPWP
26363410 12 23 WPWPWWWPWPWPWPPPDWWPWWWPWWPWWW
281337092 54 42 WPPPPPWWPPWPWWPPPWWWWWPWPDWWWW
583079458 33 20 WPWWWWPWPWPPPPWWWPDWWPWWWWWWPP
290989887 28 43 WWPWPWPWWWWPWWPWPWPWPWPDPPPWPW
34799032 45 23 PPWPPPPWPPPWWWWWPPWPWDWWPPPWWW
761214988 37 68 WPWPWWWWPWWWWPWPWWWPWPPWPWWWWD
791257567 13 47 PPWWWWWWWPPPPWWWWDWWPWPPWWPWWW
234604283 18 67 WWWWPWPPPWPDPPWPPPPPWWWWWPPPPW
101280153 64 15 WWPPWWDWPWWPPPWPPWPPPWWWWWWPPP
40432165 60 13 WPWPWWWPWDPPPPPPWWWWWPWPPPPPWW
176978782 50 58 WWPWPPPPPWPPPPPWPWWWWWWWWPWDPP
392352140 15 1 WWPPWWPPWWWPPDWWPWPPWPPWPWPWPW
45245827 9 54 WWWWWPWWPWPWPWPPPPPPPPPPWWPPDP
733596357 37 19 PPWPPPPWPWPWWWPWPPWPWDWPWWWPPP
280574619 9 10 PPPWWPWWPPPPPWWWPPPWPPPWPWWPPD
426770174 79 12 WPWPPWPPDWPWPPPPPPPPPPPPWWPWWW
126690732 17 15 PWPPWPWWPWPPPPPWPWPWPWPWPWDPPP
14983446 1 38 PPPPPWWWWWWWPPWWWWWPWPWWPWWDWP
775959801 39 2 PPPPPWWPPWPWPWPPWPWPWDWPPWWPWW
471513206 79 11 PPWWPPWWPPWWWPPPWWDPWWPWWWWPPW
443386354 14 27 PPWWWPPWPDWWPPWPPWWPPWPWWWWWWW
765366414 64 66 PPPWWWWWPWDPWWPWWWWWWPWWWPPPWP
449894249 42 78 WPWPWPWDPWPPWPWWWWWWWPWWPWWWPW
315215999 76 46 PWPPWWPPWPDWPPPWWPPWWPWPPWPWPP
581475800 42 57 WPWPWWWPWPPPWPPWPWWWWDPPWWWWPW
103622922 71 26 WPWPWPPPPPPPPWWWPWPPPPPWDWWWPP
286044545 57 35 WPPPPWPWPPPWPWPPWWPPPWWDWWPWWW
933446647 68 22 WPWWPPPWWWPPWWPWDWWPWWPWWWPWWP
199375010 53 7 WWWPPWWPPPPPWDPWPPWWPPWWWWWPWP
614501340 17 16 PWWPPPWWPWPPWPWPWWWPDPPWPPPPWP
241695492 60 6 PPWWPPPPPPWPDWWPWPWPPWPWPPWWWP
137923929 50 35 PPWWPWPWPPPPWPWPPDWWWPPWPWWWWP
662182341 65 22 WWDPWWWPPWWWPWPPPPPWPWPWWPPPWP
217977163 18 19 WWPPPWPPPWWPDWWPWWWWPWPPWPWWWW
991619033 49 7 PPWWPWWPWWPPWDPWWWWPPPPPWWWWPW
78778519 10 56 WWWWWPPPDWPPPPWWWWPPWPPPWWWWWP
457368936 52 21 PPPWWPPPWWWPPWPDPWWWPPWPPWWWPP
470113421 67 70 PPPPWPWPPPWWWWPPPPDPPPWWWWWWWW
788631380 27 12 WWPPWPPWWDWWWPWPPWWPWPWPPPPPWW
251445026 70 15 WPWPPWPWWPDWPPWWPWPPWWWPWPPPPP
729868680 22 46 WWWPPPPWWPPWDWWPWWWWPPWPWPPWWW
152960111 9 5 PPWPWPWPWWPWPPWWWWWPPWPWDWWPWW
5912030 39 74 WWWPPPPWPWPWPWWPPPPPDPWPWPWPPP
331846450 76 58 WWPPPWPWPWDWPWPWWPWPWPPPWWWPWW
400 5 77 1 PWPWWPPPPPWPPWWPPWWWWPPWPWDWWW
200 50860142 64 77 WWWWPWDPPPWWWWPWPWWWWWWWWPWPWW
400 54 41 1 WWWWWPPPWPWPWDWPWPWWPWWWPPPPWP
200 603811855 43 1 WPPWWWPWWPWPWPPWWDWPPPPPPPPWWP
200 457100900 79 59 PPPWPWPPPPWPPPWPPWWDWPWWPWWPWW
200 280895842 22 24 WWPPPPPPDPPPPPPPWWWWPPPWPWWPPP
200 665683360 32 48 PWWPWWWWPWPWWWPPWPWWWPPWWPPWWD
300 364690056
200 972873974 26 33 PPWWPWPPPPWDPPPPPPPWWWPPWWPWPP
400 50 48 31 PWPWWPWPPPDPPWWPPPPWWWPPPWPPWW
200 948764930 34 6 WPPPDWPPPWWWPWPPWWPPWWPPPWPWWP
200 537328244 19 36 WPDPWWWPPWPWPWPPPWPWWPPPWPWWPP
200 641790034 1 44 WPPWWPPWPWPWWPWWWPPPWPDWPPPPPW
400 30 40 46 PPPWWWPWPPPWPPPPPWWPWPWPPWDWWP
200 203496370 67 66 PWWWPWWWPPWPPPPWPWWPWWDWPWPPPP
200 595286819 44 43 WWWPWWWDWPPPWWWWPWWWPWWWPWWPPP
200 821952149 8 68 PPWWPPPWWWWPWPDWWWWPPPWPPWPPPP
200 967571711 21 47 DPWWPPWWPWWPWPPWPPPWWWWPWPWPPP
200 524937542 33 77 PPPPPWWPPWWDWWPWPWWWPWPPPWPPPW
200 641335073 17 6 PWPPPWWPPPWPPWWPWPDWPWWWPPWPPW
200 812293001 35 38 PWWDWWWWWWPPWWPPWWWPWWPWWWPWPW
300 635581549
400 28 35 16 PPPPWWDWWWWPWWPPWPPPWWWWPPPWWP
200 567032187 12 17 WDWPPWPWWPPPPWPWWPPWPWPWPPWPWP
200 512259472 69 78 WPPPDWWWPPWWWWPWWPPPPPPPWPPWPP
200 352875760 47 5 WPPWWPWPPWWWWPPPPWWPDWWPPWWPPP
300 154779832
200 566656242 76 18 PPWPWWPWWWWPPPPPWWWPDWWPWWWPWP
200 54705205 38 78 WWPPWWWWPPPPDPPWPPPPWWWPPPWPPP
200 350514633 60 21 PWWWWPWWWDWPWWWWPPPPPPPPWWPWWP
400 63 49 46 PWPPWWPPWWWPWWPWWPWWPDWPWPWPPP
200 841927012 36 11 PDWPPPWPWPPWPWPPWWPWPPPPPPWPWW
300 410964295
200 630999378 72 39 WWPDPPPPPPPPWWPWWPWPWPWWPWWPPP
200 464418103 60 64 PWPPPPWWPWWPWPWPPWWWPWWPWWWWWD
200 2759252 34 79 WPPWWPWPWWWWWDPPWWPWPPWPWPPWPW
200 957441934 52 48 PPWPDWPWPPPWPPWWWPPPPPWPWWPWPP
400 67 54 29 WWPWPWWPPPWWDWPPPPPPWWWWWWWWPW
200 383898941 45 29 PPPPPWWPWWPPWWPPPWWWPPWPPDWWWW
200 20752219 28 42 WPWWPPWPWPWWPPWWPWPWWPWPWDPPWW
200 810654917 53 60 WWWWPPPPWPPWPPPDWPWPPWPWPPPWPP
200 458660508 7 40 WPWWWPWWWPWPWPPPPPWWWWPPWWPDPW
200 364708440 23 62 WDWPPWWPWPWWPPWWPWWWWPPPWPPPPP
300 842754790
200 736170766 12 14 WPPPWPPWPPPWWWPWWPPWPWWWPDPPWW
200 545366549 53 79 PPWWPWPPPPPWWWPDWPPPPPWWPPWWPW
400 17 21 28 PWPWPPDWPPPPPPWWPWPPWWWPPPWWPP
200 674176881 28 21 WDWPPWWPWWWWWWPWWWWPWPPWWPWWPW
200 678025074 69 75 PPPWPWPWPWPWPPWPPWPWPWPDWPWWWW
200 181381540 56 24 WWPWPDWWWPWPPWPPPWPPPWWWWWWPWP
200 320121842 69 37 PWPPWPWWWPWWWWPWWPWPWPWWWPPDPP
200 382459931 43 34 PPPWWPWWPPPWWWWPPWPPWPWDPWPPPW
200 373159147 75 71 WPPPPDWWWWPPWWPWWPWPWPPPPWWWPP
400 42 39 28 WWPPWWWPWPWWWWDPWWPWPPWPPWPPPP
300 962143747
200 372280369 55 50 PWWWWWPWWPPPWPPDWWWWPWWPPPPWWW
200 164276084 38 67 PPPPPPPDPPPPPWWPPPPWPPWWPPPWPW
200 204375111 71 4 WPPPWPPWPPPDPPPWWPPPWPPWPPPPWW
300 383898941
200 643325237 18 65 WPPWWWPPPWWPWPWPWWWWDPWPPWPPPW
300 761214988
400 69 10 14 WWWPPWPWWPPPWPPPPPDPPPPPWPPPPP
200 751397886 41 78 WWWWWPWPWWPPPDPWPPWWPPPPPWPPPP
200 296231066 44 73 WPWPWWPPWWWPPPPWWPPPWPPWDWWPWP
300 662182341
200 666476050 15 68 WWPWPPPDWWWWWPWWWWPPWWPPPWWPWW
200 71935343 58 57 WWWPWPPPPWPPPWPWWPWWWWPPDWPPWP
300 38331305
200 21198679 73 10 WWPWPWWWWPWPPPWPWWPWPPPPWWWWDP
200 818209923 74 9 WPPWWPPPPWWPWWPPWPPWPPWWPPDPWW
400 6 4 30 WWDWPWWWPPWWWWWWPWPPWWPPPPPWWW
200 398099279 8 23 PWWWPPPPPWWWPWPWWWWWPWWDPWWPWW
200 980895919 41 57 PWWWWPPWPWPPPPPPWPDWPPPWPPPWPW
300 678025074
200 706413165 1 57 WPWPPPWPWPWWDWPPWPPPPPWPPWPPWP
200 474258929 73 51 PWPPPPWDWWPPPPWPPWPWPWPPPWWWPW
200 763815826 77 23 PWPPWPPWPPWWPWWWWWPWWWPDPPPPPP
200 745896268 36 41 WPWWPPPWWPPPPPPPPPWPWWPPWWPDPP
200 989672391 16 66 WPPWPWPWWWWPPWWPDWWWPWPWWPWPPP
200 28962470 58 65 PWPWPWPWPWPPPWPPPWPWPDWWPPPWWP
200 998084681 66 21 WWPPPWPWDPPPPWPPPWWPPPPPPWPPPW
200 128229086 7 10 PPWPPPPWWWWPPPWWPWWWWWPPDWWPWP
300 280895842
200 294139688 10 3 PWPWWWWWPWPPWPWPPPWPWPWWWWWPPD
300 474258929
300 71935343
200 657434902 42 21 DPPWWWWPPWWPPPWPPPWPPPWWWWPPPW
200 511234012 60 24 PDPWPWPPPWWWWPWPPWWWWWPWWPPPPP
400 63 31 15 WWWWPWPPWDWWPWPPPWPWPWWPWWWWPW
200 813569704 59 67 PPPWWPPWPWWPPPWPPWWPPDPWWPPPWP
200 833160683 74 33 WPDPWPWWPPWWPWWWPPWWWWPWPPPWPP
400 70 47 30 PPPWPPPWWWPPPWPWPDPWPPWPWPWPPP
300 841927012
300 813569704
200 637561560 7 34 PPWWWPWWWPWWPPPWPWDPWWPWWPPPWW
200 645309026 64 27 WWWPPPWPPWWWWPPWWPWPPPWPDWWWWW
200 96116790 44 47 PPWWPPWDWPPPPPPWWWWWWWPWWWPWWW
200 133593559 69 2 WPPWPWWWDPPWWPPWWPWPWPPWWPWPPP
300 665683360
200 872019057 71 43 WWPPPPPPPPDWPPPWPPPPWPWWWPWPWW
400 26 71 1 PPDPPPPPPPPPPPPWWWWWPWPWWWWPWW
400 27 12 1 PWWWWDPWWWPPWPWWPPWPPWPPWWPWWW
200 843377442 23 2 PPWWWWPPWWWPWWPWWWPPWPDPPWWWPP
200 610150138 47 19 PPPPWWWWWWPPWPPWPWPPDPWWPPPPWP
200 933315005 16 52 WPPPWDPPWWPWWPPWPPPPPPWPPPWPPP
200 190113077 36 67 PWWPPPPWDPPPWPPWWWWWWWPWPPWWWW
200 432960454 35 30 PWPWWWWPPWWWWPPWWPPWWPWPPWDPWP
200 573569976 29 19 WWPPPDWWPWPWPWPWWPPPWWPPWWWWPP
200 410700061 36 2 PPPWWPPPWPPWPWWWDWPWPWPWWWWWPP
200 8921115 64 33 WWPPWPWPPPPWWWWPWWWPWPDWPWPWPW
300 641335073
300 126690732
400 68 57 12 WWPPPPWWWWPWWPPPPWPWDPWPWPWPPW
200 482375214 68 60 PWPWPWWWWWPWWWDPWWWWPWWPWWPWWP
200 916857236 73 3 WWPWWPPPWDPWWPPWPPWPPWWPPWPPWW
200 198275826 78 6 PPWWPWPWPWPPWWWDWPWWPPPPWWPPPW
200 277872557 43 26 WWPPWWWWWWWWWWPPPWPWPPWWWPPWDP
200 622286655 18 30 PPPPPPWPPWWPPPPWPPWDWWPPWPWWWW
200 740227494 57 12 WWWPPPPWPPWWPWPPWWDPWPPWWWPWWP
200 61193990 63 5 WPWPPPPPPWPPPPWPPWWPPPWWPWWDPW
400 23 6 28 WPWPWPWPWWDPPWWPPPWPWPPPWWWPWW
400 22 41 34 PWPWWWPWWPDPPPPWWWWPPWWPWWWPWP
200 761705446 29 36 PWPPWPPWPPWWWWPWPWWPWDWPPWWPPP
400 15 19 33 PPPWPWWPWWWWDWWWPWPPPPWPPPWWWP
400 27 43 27 PWPPPWPDWWPPWWWPPPWPWWPPPPPPPP
200 447703804 8 36 PDPPWWPPWWPWPWPPPPPPWWWWPPPPWP
200 35039998 68 29 WPDPWWWWWWWWPPWPWWWWWPPWWWPWWP
200 63337299 66 44 PWPWPWPPWWWPWWPWWWWWPWWPWWPWWD
200 49398097 33 37 PPWPPPWPWPWPWWWPWWWWWPWWPWPPDW
400 1 12 1 WPWWPWWPWPPPPPWWWPPWPPWDPWWPWW
200 106625094 31 72 PWWPPWWWWPWWPWPWWWWPPDPPWWWWWW
400 5 48 14 WWPWWPWPWPPWPPPPDWPPWWPPPPPPWW
200 25204790 38 49 WPWWWPWPPWPPWWPWWPWPPPDWWPPPPW
300 893452563
200 877196919 49 59 PPWWWWPWPPWPWWWPWPPPWPWPWDPPPP
200 842077487 34 71 WPWPPPPPWPPWWPWWPPPWDPPWPPPPPW
200 184265626 24 53 WDPWPWPWPWWWWWPPPPWPWPPPPWWWPP
200 376081006 61 28 WDWPPPWWWWPPPPWPPWWWWWPPWPWPWP
200 771444080 28 56 WPWWPWPWWWPPWPWPPPWDWPWWPWWWWW
400 24 35 29 WWWDPPPPPWWWPPPPWWPPWWPWWPWPPP
200 748295024 10 40 PPPPDWPWPWPWPWPPWWWWPWWWPPPWWW
200 500786435 14 54 PPPPPPWWWPWPPWPPWPPWPPWPWPPDPW
200 169205908 22 7 WWWWWPWPPWWWWPPPWDPWPWWPPPPPPP
200 314366999 73 77 WPPPWPPWPPWPWPPWPWPWWWWPWDPWPW
200 89215235 3 45 PPPWPWPPWWWPWPWPPWWPPDPPWPWWWP
400 66 33 18 PDWPPWPWWWWWWWWPWPWWPWPPPWWWWW
200 184895577 65 15 PPPWWPWPWWPPPWWDWWPWWPWWWWWPWP
200 308821387 37 46 WPWPWWPWPPWWPPDPWPWWWPWPPPWWPP
200 176365608 72 4 WPPWPWWWPWWWDWWPPPWPPWWPWWPWWW
400 20 40 43 PPWPPWWWWPWPWWWPPWPWWWWWWPWPDP
400 34 59 17 WWWWWWWWPPWPWDWWPWWPPWWPWPWPPW
400 30 48 16 PPPPPWPPWWPWWWWWPPWPPWWDPPPPWW
200 41725512 3 43 WPWPPWPPWWPPWWWDPWPPWPPWPPWWPW
200 731615884 36 40 PPWWPPDPWPPPPWPWPWWWPWWPWPPPWP
300 583079458
200 28592023 80 68 WPWPPWWPWDWWWWPWPWWPPWWPPWWWPP
200 44680372 1 22 PPPPWPWWPWDPWWPPWPPWWPPWPWPPWW
300 768021584
200 689289534 23 31 PWPPWPWPPWPWPPPPWWPWWPPWWWPWWD
200 33342064 28 78 WWWWDWWWPPWPPPWWPPWPWWWPWPPPPP
200 393744576 9 49 PWWDPWPWPPWPPPPPPPWPWWPPWWPWPP
300 76826810
200 314018754 26 1 PPWPPWWDWWPWPWWPWWPPPWPPWWPPWW
200 958064465 21 80 WPWWPPPPWWPWDPWPWPPWWWPWWPPWWP
200 289302525 80 23 PPPPPPWWPWPPPPWPWPWWPPWPPWDWWW
200 387390513 50 18 WPPWPPPPPWDPPPWPWWPPWPWWPWPWPW
200 589495978 33 27 WDWWPPWWWWPPPWPPPWWPWWPPWWWWPW
300 729868680
200 294583641 10 67 PPPPPWPPWPWPDPWWWWPPPPWWWPPWWP
200 386358666 60 28 WWPPPPPPWWWWPWPPDPPPPPPWPPPPPW
200 56930686 60 58 WPWPWPPPWWDWPWWWPPPPWWWWPWPWWP
300 637561560
300 622286655
200 838237379 16 70 WWPPWWPPWWPWWWPPPWPWDPPPWWWPWP
200 652155326 22 29 WPPPPPWWPPPPWPWWWPPPWPPDPPPWPW
200 48574046 12 71 WWWPPPPWPPDWPPPPPWWWPPPPWPPPWP
200 601631641 8 20 PWDPPWPWPPWPPWPPPWWWPWPWWPWWWP
400 41 47 26 PPDPPPPWWWPPPWWWPPWWWPPWWPWWPW
200 67065693 44 12 PWPPWWWWWPPPWPWWWDWWWPPWPPPWPW
200 555264797 60 17 WPPPPWWPPPWDWPPPWPWPWPPPPPWPPP
400 50 65 10 DWWWPWPWWPPWPWPWWWWWWPWPPPWWPP
200 155927961 46 21 WWPPWPPWWPPPPPWPPWPWPWPWWPPWPD
300 471513206
400 16 11 43 WWPPPWPWPWPWPPWWPDWPPWWPWWPPWP
300 480701960
300 45245827
200 47368253 22 8 PWWPPWPPPWWPPWWPWPPDWWPWPPWPPW
200 302258520 74 5 WWPPPWPWDWPPPWPWPPWPWPWPPPPPWP
200 704168163 31 25 WPPWPPPPPDPWWWWWPWPWWPPWWPPPPP
300 33446714
200 242513196 35 67 PPWPPDWWWWPWPWWPWWWWPWPPWWWPWP
200 82220553 32 40 WWPPPPPWWWWDPWPPWPPWWWWPWWWPPP
200 712988047 65 8 WWWWPDPPPPWWWWWWWWPWWPWPPWWPPP
200 698654261 15 41 WWPWWWWPPWWWPWPPWPPPWWPWPPPWDW
200 572164282 28 49 WWPWPWPWPWPWWWWWPWWWWWWPWWPWPD
300 643325237
200 974762044 72 20 WPWPPDPPPWWPPWWWPWPPPWPWPPPWWP
200 232451924 67 42 WWPPPPWWPWPPPPPWDPPPWWPWWPPPPP
400 71 39 31 PWWPPPWWWWDWWPPPWPPPPWWWWPPPWW
200 890538468 73 58 WWWWWWWWPWDWWWPPWPPWPPPPWWPWWP
300 137923929
300 991619033
200 19530 25 52 PWWPPWPWPWWWWWWPPPWWWWPWWPWPPD
200 633746361 65 5 WPPWPWPWWPPWPWPPPPWDWPWWWWPWWP
200 539517177 19 38 WWWWWWWWPPWWWPWPWWPPWPWWWDPWWP
200 458793987 28 10 WWWWPPWPPPWPPWPPWPWPPPPPDPPPWW
200 280127483 42 18 PWPPWPPWWPPWWWPPPWPPPWWDPPWPWW
200 760491605 78 72 PPPWPWPWWWPPWWPWDPPWPPPWWWWWPP
400 52 23 15 PPPWDPWPPWWPWPWWPPPPPPPWWPWPPP
200 573932187 21 51 DWWWPPPPWPWWPWPPWWPPWWWPWWWWPW
300 818209923
200 880319780 58 34 WPPWWWPPPPWPWPWPPWWWWWWWPPDWPW
400 55 4 31 DPWPPPPPPWWPWPPPWPPPPPWPWPPWPP
300 414567476
200 113725348 10 33 WWWPWWPPPWPWPPWPPWPPPWPPDPPWWP
400 36 20 17 PWPPPPWWPPWWPDPPPPWWPPPPPPPPPP
200 324891603 49 73 WPWWPWPWPPWWPWPPPPDWPWWPWPPPPP
300 61193990
200 862225694 78 80 WPPWPWWWWWWPWWPWWWWWWWDWPWWPWW
300 48574046
200 508258104 77 75 PPWPPWPWPWPWWWPWWPWPDWWPWWPPPP
300 838237379
200 43796435 12 33 PWPWPWWWPWWPWPWWPPWWPWWWPPPPDP
200 743932373 41 59 WPPWDPPPPWWWPWPPWWWPWPWPPWWWWP
200 303118774 46 68 PPPWPWWPPPPWWPWWPPWPDWPPWWPPWW
200 47084349 11 50 PWWWWPWPPWPDWPPWPPWWWPPPPWPWWW
300 482375214
300 359568368
300 247698181
200 504451847 63 8 PPPDPPWPPPPWWWPWWWPWPPWPPWPWPP
200 14666550 74 56 PWWWWPPWPWPPWWPWWWWPWPPWPWPPWD
200 265099954 74 41 WWPWWPWPPPPWPPDWWPWWPWWWWPWWPP
300 135913815
300 511234012
400 77 2 18 PDWWWWPPWWPPPWWPPPPPPWWWWPWWPP
200 863016234 10 11 PWPPPPPPPPPWPPPPPPPWDWWPWWPWPW
200 64823054 22 50 WWPPPPWWWWWDWPPWWPPPWPPWPWPWPW
400 27 63 27 WPWWWPWPWWPWPPWWWPPWPPWWPPDWWW
300 280574619
300 14666550
400 47 11 42 PWDPWPWPWWPPWWPWPPPPPWWPPWPWPW
300 972873974
300 706413165
200 306654169 32 11 WPWPWWWPPPPPWPPPPPWDPWWPPWWPPW
300 953664457
400 4 55 32 WWPPWPPPWPDWPPWPWWWPWWWPWPPPPP
300 386358666
200 629760702 64 76 PWPDWWPWWPWWWPWPWWPPPPWPWPWWWW
400 68 19 17 WWPWWPWWPPWPPDPWPPPPWPWWPWPPPP
200 81463150 29 21 WPWPWPWDPPPWPPPPWWPPWPWPWPWWPW
300 248991839
300 916857236
200 818235409 79 72 PWWWPWWWPPPWDWPPPWPPPWPPWPWWPW
200 179250198 44 61 PPWPWDWWWPPWPWWWPWWWPPWPWWPWPP
200 31078049 20 33 PWPPPPWPPWDPPPPWPPWWPWPPWWPWPW
200 706156902 6 54 WWDPPWPWWWPWWPPPWWPPPWWPWPWWWW
400 8 34 16 PPWPWPWDWWWPWWPPPPWWPPPPWWWWWP
300 771444080
300 862225694
200 887722896 58 6 PPPWWPPPPPPPWPPPPPWWPPPPDPWPPP
200 553306654 22 78 WPPWWPPWWPWWPWPPPPPPWWWWWDPPWP
200 578246378 11 6 PWPPWDWPWPPWWPPPPWPWWWPPWWPPWP
200 167229171 36 76 WWWWWPDWPPPWPWWPPWPWPWPPPPPPWW
200 122173409 53 4 PWDPWPPPPPWWWWWPWWWWPPPWWWPWWW
200 880064209 78 63 PPPPWPPPPPPWPPWDPWPPPWWWPPWWWP
200 386857610 44 40 WPPWPPWPPPWPPWDPWWWPPWPWWPPPWP
200 739968214 35 33 PWPWPPWPPWWPWPPWWPWPPPPDPPPWWP
200 529507434 41 76 WPWPWWPPPWWWWWWPDWWWPPWWPPPWWW
200 882107041 33 7 WWWDWWPPPWPWWPPPPPPWWPWWPPWPWW
300 733596357
400 52 51 14 PWWPWPPPWPWPPWDPPWWWWPWWWPPPPW
300 232451924
200 491886140 62 80 PWWPWWWPPPPPPPPPWWWWDWPPWWPPWW
200 31672127 20 61 WPDPPPPPPWWPPPPWWWPPWPPWPWPWPP
200 855109840 25 2 PWPPWPPWWWPWWPWPPPDWPPPWWWPPWW
400 25 1 14 PPWPWWDWWWPWPWPPPPWPWWWPPPWWPP
200 605170369 13 3 PPWWWPPPWWWPWWPWPWWWPWWDPWWWPP
400 6 76 16 PPWWWPWWWPWWWDPPWPWPWWPPPWWWPW
200 841064204 54 60 WPWWPWWPPPPWPWWWWWPPPPPPPDWPWW
400 41 59 1 PPWPPWPWWPPPPWPWWPWDPPWWPPWWWW
200 842352477 14 10 PWWWPPWWPWPPPPPWWPPWPDWPWPPWPW
200 639258494 4 74 PPPWWPPPPWWWPPPPPDWPPPPWPWPPWW
200 573824038 37 1 PDPWWPPPPWWWPWWWPWWPWWPWWWPPPW
300 308821387
300 577772241
200 17314625 53 41 PPPWWPWPPWPPDWPWPWWPPWWPWWPWPP
200 103797436 71 30 PWWWPWWWWPPWWPPWPWWPPPPPWWWWDW
200 444424231 31 76 PWPPDPWWWWPPWWPWWWWPWPWPPPPPWW
200 224926403 47 3 PWPWWPWPPWWPPWPPPPWWWWPPWWWWPD
200 608626701 75 69 PPPWPWPPWPPPWWWPWDWWPPPPPWWWWP
200 69032366 9 21 WWPPPPWWPWWWWPDPWPWPPWWWWPWPWW
300 315215999
200 531265173 61 45 PWPPWWWPWWPPWPWPPPWWWPPWPWPDWW
200 809966379 48 9 PWWWWPPWDPPPWWWPWWPPPPPPPWWWPW
200 203142052 4 77 PDPPWPPPPPPWWPWPPPWPPWWPPPPWPW
300 179250198
200 858049715 15 71 PWWPPDWWWWPWWPPPWWWPPWWPWPWPPP
400 11 18 13 PPDWWWPWPWPPPPWWPPPPWWWPPPPPPP
200 200959443 40 63 WWPPPPPWWWPPWPPPPWWDWPWPWPWPWW
200 550531097 63 11 PPPWPWWPPWWWPPPWPWWWPWWWWPDWWW
400 65 22 15 WPDWWWWPWWWWWPPPPPWPWPWWWPWWPP
200 138181437 53 70 PWWWWWPWPWPPPPWDWWWWWWPWPPPPWW
400 65 59 30 WWWWPWWWPWWPPWPPPPWWPPDWPWWPWW
200 513741670 22 58 WWWWPWPPPPPWWPWWDPPPWWPPWWWWPP
400 32 18 1 WPPPPPWWDPWWWWWPWWWPWWPPWWPWWW
200 978863368 6 21 WWDWWPPPPPWPWPWWWWPPWPPPWWWPWP
200 658295464 4 16 WWPPPPPDWPWPPPWWPWPPPPPWWPPPPP
400 72 52 25 PDPWWWWWPPWPWPPPWPWPWPWWPWWWPP
300 989672391
400 62 76 26 WPPPDPPPWWPWWPPPPWPWWWWPPWPPWW
391
100 100 40 150
602664109 51 60 PWPPPPPWWPPWPWWPPPWPWWPPWWPWWWWPPPPPPDWW
697030957 26 4 WWPWWWWPPPPPWPWPWDPPPWPPWWPPWPWWWWPWWWWP
708874536 4 19 WWWWWPPPPWWWWPPPPPPPWWWPWPWPPWWDWPWWPWWP
641350021 84 59 WPPWPWPWWPWPPWPWWWWWPWPWPWWWPPWPWWDWWPWW
204570204 86 30 PPWPWWWWPWWWWPWWWPWPPWDPWWPPPWPPPWPPWPWP
21803533 53 41 WPWPPWPWPWPDWWPWWWWPWPPPPPPPWPWWPPPWWWPW
524629389 74 84 WPPWWPWPPWPPPDPWPWWWPWPWWWWWWPWWWWPPPWWW
324692819 17 71 WWPWWPPPPPWPWDWPPWPPPPWPPWWPPPPWWPPWPPPW
972200275 58 41 PPWWWWPWWWWWWWPWPWWPPWPPWPPPPWPWPPPPWWDW
729279711 14 13 PPWPPWWPWWPWWPPPWPWPWWDWPPPPPWPPPWPPWWPW
61513108 66 28 PWWPPWWWPPPPWWWWWPWWWPPPPWPPWWPWPWWPDWPP
906455655 23 56 WWPPPWPWPWWPWDWWPPPWWPPWPWPWWPWPWWPPWWWW
348896943 20 96 DWWWPWWWPWWWPPPPWPWWPWPWWPWPWWPPWWPPWWPP
313097880 54 33 PPWWWPDWWWPPWPWPWPWPWPWWPPWPPPPPPWWPPPWP
399866962 2 6 PPPWPPPWWPWPPWPPWPWPPWWWWPWWPWWDPPWWWWPW
525086314 44 99 WPPPPPWWWWPPWWWPPDPPWWPPWPWPWPPPPPPPWPWW
780046509 85 44 PWWPWPPPWWPWPPPPPPPDPPPPWWWPWWWPWPPPPPPP
899479804 70 13 PPPWWPWWPPPDPWPPWPPWPPWWPWPPWPPWPWWWPPPW
221596414 17 52 PWWPWPPPPPWWPPPWWDWPWWWPPWPPWWPPWWPWWPWP
562321256 25 54 PPPPPPWPPWPWWWPPWWWWPPPWPPPWPPWPPPPPDPWP
568343733 69 24 WPWPPWPWWPWPWPWWPPPWWWWPWPPPPPDWWPPPPWPP
258454805 66 93 WWWWWWWPWPWPPPWWWWPWPPWWWWWWWWPWPWWWWWWD
147793560 62 97 PWWWWPWWWPPDWWWWPPWWPPWPWPWWPWWPPWPWWWPW
604136556 92 45 WWPPWPPWPWPWPDPPWWWWWWPPPWWWPPWPPPWWPPWW
121997227 75 41 WWWWWPPPPWWWPPWWWPWPWPWWPWWWWWPPDWPWPPPP
943699191 18 32 WPWWPWPWWWPWPDPWPPPPWWWWWWWWWPPWWPPWPPPW
134309845 87 36 PWPPPPPPWPWPWWWPWPPDPWWPWWWPPPWPPPPWPWPW
73328476 22 45 WWWPWPWWPWPWPPWPPPPWPPWPWDPPPPWWPWPWWPPW
399435890 48 27 PPPWWWPWPPPWPPWWPPWWWPPWPWWPWWWWDWWPPWPW
68524210 55 22 PWWPWWWPWPWPWWDWPWPPPWWPPPWWPPPWWPPWWWWW
13027661 82 37 WPWWWPWWWPPDPPPWWPWWPWWWWPWPPPWPPPPWPPWP
149172759 86 23 PPPPPPWWWWPWPPWDPWPWWWPPWPWPPPWWWPWPWWPP
858479809 42 52 WPWPPPPPWPPPWWPWWPWWPPPPWWWPWDPWWPWPPWWW
741950104 48 99 WPWWPWWWWPPPWWWWWWPPPPDPPWPPWWPWWPPWPPWW
20604904 2 25 WPWPWPWPWPPPPPWPWWPWPDWWWPPWPPPWPWPWWWPP
32585933 61 96 PWPWWPWPWPPWPPWPWPWPWWDPWWPWPPPWPPWWPWPW
862512170 39 26 WWPWPDPPWWPWWWWWWWWPPPWPWPWPPWWPPPPPWWPW
443418289 40 18 WPPWWPPWPPPWPWWPPWPWWPWPWWPPWPDWPWWPWWWP
201613702 61 38 WWWWWWDWPPWWWPWWWPPWPPPPPWPWWWWWWPWPWPPW
703702430 44 52 PWPPPWPPWPPWWWWPPPPPWWWWWWWPPPWDPWWWPWWP
645254503 66 26 WPPPWWWPWWPWPPWPPPWWPPWPWPPWWPWPWWWPPPPD
830243195 95 70 PPWDPPWPWPPPPPPWPWPWPWPWPPWPPPWPPWPWWPWW
323124206 84 15 PPPPWWWPPWPPPPPWWPPPWPPPWWWWWPPWWPPWPDPP
38637430 94 45 PPPWWWPPWPWPPPPPPWPPWPWWPWWDWPPPWPPWPPWW
659440104 74 15 PPPPPPWPPPPWPWPPWWPPPWPWPPPWWPPWDPPPWWWP
146108903 14 96 PWWWWPWPWWWWWWPPPPWPWWPWPWPPWWPWWWPPDPWW
549667321 3 84 PDPWWWWWWPPWWWPWPPPPWPPWPWWWPPWWPWPWPWWW
147117609 58 1 WWPWWPPWPWWWWWWPPPPPWPWWPWDWWWWWPPPWPPWW
397786011 94 56 WPPWWWWWPPPPPWWWWPPWWWWDPWWPWPPPWPPWPWWW
809120400 28 8 WPWWPDPPPPPPWWWWWWWWWPPWWPPWWWPPWWPWPWWW
503870720 10 14 WPPWWPPWWPPWWPWWWWWWWPPWPWWWPWWWWWPPDPWP
185814474 28 38 WPWWWPPPPPPWWWPPWWWPWPPPPPPPWPDWWPPWPWWP
17584380 11 63 PPWPPPWPWPWPPPWWWPWWWWPPWPWWPDPPPPPPWWWW
175943230 90 25 WPPWPPWWPPPPWPPPPPPPPDPPPWPPWWPWPPPWWWPW
734386307 97 85 PPPWPDWPWPPWPPPPWWPPPPWWPPWPPWWWPWWPWWWP
474633041 82 32 WWPPPWPWPPPWPWPDWWWPPPWPWWPPPWPWPPPWPWWP
764150621 47 74 PPPWWWPPPPPWWWDWWPWWWWPPWPWWWPWWWPWPWPWW
65479068 74 40 PPWWPPPPPWWPPPPWWPWWPPPWPPPPWWWPWPDPPPPW
339865115 48 51 WWPPPWPPDWPPWWPWPWPWWWWWPPWWPWPWPWWPWWWW
742942829 18 19 WPPWPPWWPWPWWWWPPWPDPPWPPPPPWPWPPPWWWWPP
222460790 90 47 WWWWWWPPWWWWWPPWPWPWWPPPWPPPPPPPPDPPPWPP
256347189 19 8 PPPPWWPPPWPWPPPWPWWWDWPWPWPWPPWPWWWWPWWW
69840290 22 60 WWWPWWPPPPWDPPPWWPWWWPWWPPWWPPWPPWWPWWWP
935257255 38 75 WPWWPWPWPPPPPPPPPWPPWWPPWWPPDPWPWPWWPPWW
296738864 95 78 PPWPWPPWPWPPWPWWPWWPPPWWPWWDWPWWPPPPPWWW
897440436 40 4 WPWWWPWPPDPPWPPPPWPWPPWWWWWPWWPPWWWWWWPW
442140064 50 6 WPPWPWWWPPPPWPWPPWWPPPPPPDWPPWPWWWPWWPWW
445575608 67 17 WWWWWPWWPWWWPWWPPWPWWWWWWWWPPPWWWPPPWWDW
575910831 37 85 WPWWPWPPWPWWPWPPPWPDPPPPPWPPPPPWPWWWWWPW
685065309 91 47 WWPWWPWPWPPPWWWDWPWPWWPPPPPPPWPPPWWPWPPP
92549113 1 22 PWDWWWPPWPWWPPWWWWWPPPPPPPWPWWPWWWPWWPWP
885037356 78 40 PWPWPWPWPPWWPWWWWWWPWPWPWPPWWWDPWPPPWWPW
433906334 50 24 WWWWPWWPWWPWDPWWWWWPPPWPPWWWPPWWWPWWPPWW
514283975 51 63 WWWWWWWWWWWWPWWWDPPWWPWWPPWPWPWPWPWPWPWP
311305942 58 75 PWWWPWWWPPPPPWPPWPPWDWPPPPWWWWWPWWWWWPPW
318447415 60 87 PPWWPWPWWWPPWWWWPWPWWWWPPPWPPPWWDWPWWPWW
23753151 66 94 PWPPWWPWWPPPWWWPWWPWPWWWWPWWPPPWDWPWPWPW
403223260 33 17 PWPWWWPWPWPWWWPWPPPWPPPPWWPPPWDWWPPWWPWW
279102929 56 19 PPWWWWPPPWWWPWPWPWWPWPPPPWWPPWWWWWPWWPPD
931210968 9 52 PDWWPPWWWPPWPWPPWPPPPPPPPPPWWWPWPWWPWPPP
193885618 4 76 WWPPPWPPPWPPPPPDPWPWPWWWPPPPWPWPPWPPPWWW
714232339 63 85 WPWPPWPWWPWPWWPPWWWPWPPWWPWWPWWPWWPPDPPW
602170213 67 59 PPPWWPWWPPPWPWWWPWWPPWPPPWDWPWPWPPPWPWWW
904551212 79 37 PPPWWWPWPWWPWPWDWWWPPPWPPPPPWWWWWWWPWPWW
500515078 38 80 PPPWPWPWWWWWWWWDPWWPPPPPWPWWPWPWWPWWPWWP
615408364 26 75 WPPPPWPPWWPPPPPPWPWWWPPWPWPWPWWPWPDWPWPW
777973397 1 71 PDPWPPWWWWWWWWPPWWWWWWPWWPWPWWWPPWWWPPWW
124230165 60 86 PPPPWWPWWPWWPPWPWPWWPPWPWPPWPPPWWWWWPWDP
732886142 91 48 WPPPPPPPPDWPPPPWPPWPWPWPWPWWWPPPPWPPWWWP
640511916 81 64 WPPPPWWWDWWPPWPPPWWPPWPPPWWPPWWPWWPWPPWP
335731931 98 34 WWPPPPPPPWPPPWWPWWPPWWWWWWDPPWWWPPWWPPPW
9296908 96 24 PPPPPPPPWPWPWWWWWWWPWPDPPWPWPPWPPWWPPWPW
318889381 46 75 WPPWPPPWWPWPWWWPWWDWWWPWPPWPPPPPWPWPWPPW
832465499 55 29 WWPPPWWPPWPPWWWWWWPPPDWPWWPWPWPPPPWPWPPP
397056047 99 83 PWWWPPPPWPPPWPWPWPPWPWDPPPWPPWPWWWWWWPWP
75199216 73 17 WPWWWWPPWWWPWDPPPWPWPWWPWWWPWPWPPPPPWWPP
83989392 79 53 WPWPWWPWPWPWWPPWWPWWPWWPWPWWPPPWDPPWWWWP
977102203 49 81 WPPDPWPPWPPWWPWWWPWWWPWPPPWWPPWPPWPWWWWP
602163157 26 95 PWPWPWWPPWPWWPWPWPWWDPPWWWWPWPPPWPWWWWWW
101836634 3 15 PPWPWWPWWPWPPWPWWPPWWPWPPWWWPPWWPWWWDPWP
145129990 58 62 PWWPWWWWWWPWWWPPPPPPPWWWPPWPPWPWWWDPWWWW
881576446 92 44 PWPPPPWPPPPPWPPWPWPPPPPWPWPWWPPPPPWWPWWD
172714396 80 5 WPPWWPWWWPWWWPPPWWWDWWWWPPPWPWPPWWPWPWPP
761636578 3 20 WWPWPPWPPPPWPPWPDWWWWWWPWWPPPWPPPPPWWWWW
23689103 22 84 WPPWPWWPPPWPPPWWPWPPPPWPPPPWWPPWWWWPPPPD
514548333 68 30 PWPPPPWPWWPWPWDWPWPWPWWWWPPPWWPWWWWPWWWW
160522244 17 66 WWPPWWWPWPWWPPWWDPWWPPWWPPPPPPWPPPWWWWPW
126254764 47 97 WWWWPWPWPWWDWWWWPPPWWWPWPPPWPWPWWWPPPPWP
658702733 56 86 WWPPWPWPPPPWWPWPDWPWPWWWWWPPPWPWPPWWWPPW
79136570 94 21 WWPWWDPWPWWPPWPWWWPPWWWPWPWWWPPPPPWPWWWP
424514888 71 99 PWWPPWPPPWWPWPPPPPPWWPPWPWWWWWWPDPPPWWPW
44979440 6 75 PPPWWWWWWDPWWWPPPPPWWPPWWPPWWWPPPWWPPPPW
63469370 79 60 WPPPPPPWWWPPWWPPPWPWPWPPWWPPDWPPWWPWPWWP
1094441 54 94 WWWWPPPWPWPPPPWPWWDWPPWWPPWWWPWWWWPPPPPP
446030511 34 16 WWWWPPWWWWPPWWWWPPWWPWDWPWPPWWWPWWWPPWWW
504390081 15 9 WWWWPPPPPWPPPWPWPDPWPPPWWWPWWWWPPWWWWWWP
343734422 98 7 PPWPWPWWWWPWPPPWPWPWPWPPDPPPWWWPPPPPWPPP
931747365 42 32 WWPPPWPWPPWWWDPWPPPWWPWPPPWWWPWPPWWWPWWW
834147855 75 37 WWPWPWPWPPWPPWWWPWPPPPPWPPPPDPWWWPPWPPPP
935054079 13 63 PWPPWWWWPWWPWWPPWWWWWWWWWPPWPPPWDPWWWPWW
725795734 93 64 WWPWPPWPWPPPPWPWPPPPWPDWWWPWPWPWPWPPWPWW
325906789 9 93 WWWPPPDWPPPWPPPPPWWPWWWWPWPPPWWWPPPPWWWW
98451874 56 18 WPDWPPPPWPWWWWPPWWWPWPPPPPWWWWWWWPWPPWPW
316161946 77 5 WPPPPWPPPWWWPWWWWWWPPPPDPPWWWPPWPPPWPWWP
779274635 31 100 DWPWPWPWPWWPPPPPWWWWPPWWPPWPPWWWPPPPPPWP
70807232 90 77 PPWWPPPPDPPPWPWWPPWPPWWWPPWWWWWWPWWPWWWW
83345934 79 63 WPPPWWPWWPWWWWPPPPPPPWPWPWPPPWPDPPWPWWWW
478178825 22 32 WPWPWPDPPWWPWWPWPPWWWWWWPPWWPWWPWWWPWPPW
215708369 19 99 PWPPWWPPPPPWPPPPPPWWWWWWWPPWPPPPPWPPDPWP
365180237 53 91 PWWPPWWPWPWPPWWPWPPWPWPWPWPWPDPPPWPPPWWP
719136431 56 99 WWPWPWWWDPPWWWWPPWWWWPPWWPWWPPPWWWPPPPPP
620196362 12 65 WWWPWWWWWPWWPWWWPDWPWPWPWPPWPPWWWPWWWPPP
696118969 24 62 WWWPWPWWWPPPPPPPPPWPWPPPWWWWWPDWPPWPWWPP
157394238 49 32 WPDPWWWWPWWWWPWWWPPPWPPWWPWWPWPPWWWPWWWW
15900199 12 71 WWPPPWWPPWDPWPWPWPPPWWPPWWPPWWPPWWWPPWPW
609333770 96 58 WPWPPWWWWPWPWPPWWWWWPWPPWPPPDPPPPWWPPWPP
85682195 91 100 WWPWWWWPPWPWPPPWPWPWWPPDWWPPPPWWPPPWPWPP
367419590 37 17 PPPPPPPPWWPPPPWWPWWDWPPPWPPWPPPPPPPWWWWW
698923462 2 65 PPWPPWWPWWWPPWWWPPPWWPPPWWPWPPWPPPPPDWPW
499687330 76 31 PPWWWPPPWPPPWPWWPWPPWPWWWPPWWWWDWPPWWPWP
642811438 19 64 WWWPPPWPWWPWPPDPPPWPPWWPWWWWPPPPWPWWWPWP
31183661 78 86 WPWPWWPWPPPWWWWPPWWWPPPPPWWWWDWWWPPPPPWW
480504010 53 86 PWPPWWWWPPPPWWPDWWWWPWWPPPPPPWPPPWWPWPPW
113533692 55 97 WPPWPPWPWPPWWWDWPWWWWWPPPWPWWPPWWWWWWWWP
862321618 70 12 PPWWPPWPWWWPPWWWWPPPPWPDPPPWWWPWWWPPWPPW
725861781 45 54 WPPWWDPPWPWWWWPPPWWPPPWWPWWPWWPWPWWWPWWP
229764358 84 28 PWWWWPWWPPDWWWWWWWPPPWWPPPWWPPWWWPWPWPPP
577244176 95 25 WWWWDPPPWWWWPWPPWPPWWPPPPWWWPPPWPWPPPPPP
567875352 37 98 PPPPWWPWPPPPWPWWPWWWWDWPPWPWWWWWWWPWPWPP
699135896 48 35 WPWWPPPPPPPPWPWPPPPPPPWPPWWPPWPPWPWWPWPD
200 506176179 47 56 PWPPWPDWPPWPPPPPWWWWWWPPWPPWPPWPWWPPWWWW
400 19 18 1 PPPPPPDWWPWPPPWPWPPWWPPWPWPWWWWPWPWPWWPW
200 78150470 47 20 DWWPPPPWWWPPPPPWPWWPWPWPWPWPPWPPPWPWWWWP
300 881576446
200 971073494 4 30 DPPPWPWPPWPWWWWPWWWWWWWPPPWWPWPPWWWWWWWP
300 977102203
200 226600592 26 52 PWWPWWPWPPWWWWWPWPPWPDWPWWWWWWWWPWWPPWWW
200 365104821 65 98 WWWPWWPWWPWPPPWWWWWPWPPPPPPWWPPDWWPWPPWP
400 79 94 61 PWWWPPWPWPPPWPWPWPDPWPWWWWWWWPPWPWWPWWPP
200 176729042 93 58 WPWWWPWPWPWWPWPWWWWWWWWPWPPWPWPPWWPWPDWW
200 390069733 57 39 PPWWPWWPPPPWWPWWPWWPPWPPPPWPPPPPPWDPPWWP
400 100 81 93 PWWPWPPPWPWWPWPWWWWWPWPPWWPPWPWWPWPDPPPP
400 94 4 42 PPWPPWPWWPWPPPWPPWWPWWWPPWWPDPWWPPWPPPPW
300 549667321
200 261505475 38 16 WPWPWWPWPWWPPDPWWPPPPPWPPWWPWPWPPPWWPPWW
200 418452827 23 74 WWPWWPWPWPPPPPWPWPWPPWPWWPWWWWWPPWDWPPPW
200 123522959 5 98 WWPWWPWPDPPWPWPWPPPPWWWWPWPWPPPWWPPPWPWP
300 403223260
400 81 74 73 WWPPWWPPWWWPPPWWPPPPPWWWPPWPWWPWWPWDPWPP
200 627000981 2 69 PWWPWPWWPWPWWWDPWWPPPWWWPWWPWWWWWPPWWPWP
200 942824903 9 56 PWWWWPWWPPPWWPPPWWWWPDWWPPWPWPPPWPWWWWWW
200 835449750 62 25 WWPWPPWWWPWWPPPPPWWPPWWWDPPPWPWWPWWWPWPW
200 246107629 78 46 WPWPPPPPWPPWWPPWWPPWPWWDPPPWPWPWPPPPWPWP
400 77 41 66 DWWWPPPPWPPWPWPWPPWPPWPPPPWPWPWWPPPPWWPP
200 674779240 64 99 WDPPPPPWPWWWWPPPPWWPWPWPPPWWWPWWWWWWWWWP
200 182577429 77 39 PPPWPWWWWPPWPPPWPWPWWWWWWWPWPPPWPPWWDWWP
200 37037159 57 88 PPPWPPPDPWWPPWWWPWWPWWWPPPPWPPWPPPPWWPPP
400 35 7 114 WWPWWPPPWDPPPPWPWWWWWWPPPWPWPWPWWWPWWWWP
200 950165528 86 50 PPDPPPWWPWWWPWPPPPWPWWPPWPPPPPWWWPPWPPWP
200 436275352 96 75 PPPWPPWPPPWWPPPWWPWPPWWWPPPPPPDWPWPPPPPW
300 20604904
200 464416774 59 90 WWWWWPDPWWPWWPWPWPWPWPWPWPPWPPWWPWWPPWPW
200 556346257 100 10 PWPPPPPWPWPWWWWWWPDWWWPWWPPWPWWWWPWWPWWW
200 573003629 90 27 PPPWPPWWPPWPWPWPWWWPWPPWPWPPWPPPWWPDWPWP
200 856702841 17 99 WWDWWWPPPWPWWPPPWPWPWPWPWWWPPPWWPPPPWWPW
300 172714396
400 11 78 72 WPPPWWPWWDPWPPPWPWWWPWWPWPWPPPPPWWPPPPWW
200 346471462 95 94 PPWDPWWPPPPWWWPWPPPPPPPWWWWPWWPPPWPPPWWW
200 463025359 62 44 PPWWWWWWWPPDPWPWPPPWWPWPPPPPPWWWWWPWPWPP
200 64093894 24 71 WWWWPWPWPPDWPWWWWPWWPPPPWPWPWWWPWWPWPPWW
200 905696630 78 26 WWPPPPPPPWWPPWPPWPPWWWPDWWWPPPPWWWPPPPPP
400 1 65 42 WWWPWWPPWPWWWWWPPWWPWWWWPPPWWWPPPPWPPWWD
400 7 71 62 PWPWPPPWWWWWWPWDWPWWPWPWPWWWPPPPWPWWPPPW
400 89 19 -1 PPWWWWWWWWPPWWPPWPWPPPPPWDWWPPPWPWWWPPWP
200 968127796 78 87 WWPWDWWPPPWWWPPWWPWPPWPWWPWWPWPWPPWWWPPP
200 695881955 25 53 DPPPWWPPPPWWPWWWPWWPWPPWPPWPPPWWWWPWWPWW
200 292160392 80 23 WPPWPWWPWWWPWPPWPPWDWWPPWPWWWPPPPPPPWPWP
200 335389986 37 22 PWPWPPWDWWWWWWPPWPWPWPPWWWWWPWPWWWWWPWWW
200 87926781 20 21 PPWWWWWWWPPWWWWPPPWDWPWWPPPPWWPWPWWWWPWW
300 575910831
200 570056534 79 1 WPPWWDWPPPPPWPPWWWPPPPPPWWPPPWPPPWWPWPWP
200 914015621 77 67 WPPWWPWPWPWWWWPDPWWWWWWWWPPWPWPWWPWPPPWW
200 554124487 88 20 PWDWPPWPWWWPWWWPPPPWWPWPWWWWPPPWWPWWWWWW
200 207755715 6 20 PPPWPWWPDWWPWPWPPPPPWWPPPWPWWWPWWWWWPPWP
300 562321256
200 812195129 10 97 WWPWWWPDPPPWPWWPPWPPPWPWWWPWPWPPPWWPPWPP
400 64 23 32 WWPPPWWWWWWPWWPPPWWWPPWPPPWPWPWDWWPWWPPW
400 38 32 55 WWPPWWWWWPPWWWWPWPPPWPWWWPPPPPWPWPWDWWWW
300 9296908
300 201613702
200 780666661 19 39 PPWWWPPPWPPWWPPWPPPDWWPPPPPWPPWWPPPWWPWW
200 670878359 91 20 PWPWPPPPWWPPWPWPPPWWPPPPWDPWWPPPWPWPPPPP
200 492749329 61 33 PPPPDWPPPPWWWWPPWPWPWPWWWPPPPPPPWWWWWPWP
200 791169463 89 16 PPPWWWWWWDWWWPPPWWPPPPWPWWPPWWWWPPWWWWWP
400 66 65 56 PPPWWWPWWPPPWPWWWPWWPPPWPPWDPWWWPWWPWPWW
300 780666661
400 26 3 50 WWWPWWPWPWWWWWWPWWWPPPWPWWWWWWWWWWDWWPWW
300 23689103
300 950165528
300 32585933
200 866118829 68 22 WPWPPWPWPPPPPWPPPPWWPPPPPPDWPWPWWPPPPPPP
200 372881820 50 9 WPWWPWWPWWPPWPWPPPPWWPWWWPWWWPWPPWDWPWPW
200 794435554 56 25 WPPWWPPPWPWWPWPWWPPPPWPPDWPPPWPPWWWPPPWW
400 33 74 83 PPPPWPWPPPWPPWWWWWPPPWWPPWPPPDWWWPPWWPWW
200 545708041 47 23 PPPPWPPWWWPWWPPPWWPWWWWPPWWPWWDPPWWPPPPP
300 78150470
200 19689091 82 43 PPWWWWWPWPPWPWPDPWWPWPWWPWPPWPWPWPWWPPPP
200 52402450 38 85 PWPWPPWPPWWPWWWPWWPDPPPPWWPPPPWWWPWWPPPP
200 754530014 86 18 PWWDPWWWPPWWPWPPWPWWWWPPWPPPPWPWWWPWPWPW
400 79 13 21 PPWWWPWPPDWPPWPWWPWPPWPWWPPPWWWPPWPPWWPW
200 198075683 22 74 PPWPWPWWWPPPPPPDPPPWPPPWWWPPWPWPPWPWWPPP
200 552370540 20 86 WWPPPWWPWWWWPPWPWPWWPWWPPPWPWPWWWPPWWPDP
400 45 27 72 DWWWWWWWPWWWWPPWWWPPPPWPPWWPWPPPPWWWWPPW
200 645574391 84 34 WWPPWWPPWPPWWWWWPPPWWPPWWWWWWWPWWWWDWWWW
200 230141241 88 8 WPPPPWDPWPWWWWWWPWPPWPPPWWPPPPPPPPPWWWWP
200 815190407 38 23 PPPWPWPWWWWPDPWWPWWPWPWWWWPPPPWPPPWPPPWP
200 59977588 7 62 WPPWPWWPPPWPPPWPPPPWPWPWPWWWDPPWPWPWWPPW
400 40 69 87 WPWPPPPPPWWWWWWWPWPWPWPWPPPWWPPPWPWDWWPP
400 51 25 59 WWWWPPPWPPWPPPWDPWWWPWWPPWPPWPWWPWPPPPPP
200 128693121 43 55 WPWWWWPDPPWWPWWWWWWWWPWPWWWWWWWWPPWPPWPW
400 33 44 77 PPPWPPWWWWWWWWPPPPWWPPDPPPWWPPWPPPWWPWPP
200 11004494 66 41 PWPPWDWPPWWWPWWWWPPPWPPPWPPWWPWWPWPWWWWP
200 894163958 39 13 WPPWPPPPPWWWPWPWPWPWPPPPWWWPPWPDPWPPWWPW
200 597804484 28 86 PWPPWWWPPWWWWPPWPWDWPPWWPPPWPWPPWPWWWWPP
200 106762036 50 33 PWWWWPWWWWWPPPPWWWWPPPWPPPWWWWWWPDWWPPWW
200 89163252 8 98 DWWPWPWWPPWWWWWWPWPWPWWPWPPWWWPPWPWWWPWP
200 611155456 55 49 PPPPPWWPPPPWPDWWPWPPPPWWWPWWWWPPPWPWWPWW
200 354913601 87 68 WWPPWPPWPPPWWWWWPPWPPPWPWWWPWWWWPWWPPDPP
400 94 33 18 PPWWPWPPWPWPPPWWWPWPWPWWWPWWPPDWPPWPWWPP
200 444988935 81 54 PPPPWPPWWWPPWWPPPPWWPPWPPPWWDPPPPPPPPPPW
200 453351068 53 48 WPPWWPPWPWPPPPDWWPPWWPWWPPPWWWWPPPPPPWWW
200 6264507 50 81 PPPWWWPPPPWPPWWPWPPPPWPWWPWWWDPWPPPWWWWP
300 185814474
200 73786260 57 5 PPPPWPWPWWPPWPPDWPPPPWPWPWPPPWPWPWPPWWPW
300 809120400
200 921714876 24 89 PPWWPWPPWPPPPPPDPWWWPPPPWWPPWWWPPWPPWWPW
200 188071864 23 19 WPWPWWPWWWPWWPWPPPWWWPPWWWWDPWWPWWPPWWWW
200 112454433 28 52 PPWPWPWPWPPWPWPPWWWPPPPPWWPPWPWWPPPPPDWW
200 84349117 79 39 WPWWPPPWWWPWPWPPWDPWWWPWWWWWPPPWPWPPWWWW
300 695881955
200 566797178 50 62 WWWPPWWDPPPWPPPWPPWPWWPPPPWWPWPWWPWPPPPP
300 866118829
200 49934219 42 79 PWPPWWPPWWPWWPPPWWWWPWWPWWPWPDPWWWPPWWWP
200 14000097 19 6 WWWWPPWPPWPWPPWWPWPPWPWWWPPPWPDPPWWPPWPP
200 796291612 44 65 PPPPWWWPWPPWWPPPWWWPWWPWWPWWWPWPPWDWWWWW
200 769227359 4 9 PPWPPPWPPWPDWPWPPWPPWWPWPWPPWPPPWWPPWWPW
200 253421062 7 64 WPPPPPPWPWWWWPWPPWPWWWWWWPPPPWWPDPPPWWPP
200 75363630 15 53 WPWWPWWWPPPPPPWPWWPPWPWWWDWWWPWWWPWWPPPP
200 41304316 44 43 WPPWWPPPPPPWWWPWPWPPWPWPWPWWWPPWWWWPPDWP
200 303811385 46 13 WWWPPWWPWWPWWPWPPDPPWPWPWWWWPWPPWPPWPWPW
200 766454061 27 19 PPPPWWWPWPPWPPWPWWPPWWWWPPPPWPWWPWWWPWPD
200 948805256 66 40 WPWPWWWWPWPWPPWWWWPPWWPWPPPPPPWPWWPPDPWP
200 525608692 61 29 PPWPWPPPWWWWPWDWWPPPWWPPPPWPPWWWPWPWWPPP
200 22416266 51 65 PWWPWPWWWWPPPWPWPPWWPPPWWWWPWPDPWWPPWPPW
400 43 12 41 PWWWWWPPWPPWPPWPPWPWPPPWPWWPPPPWPDPPWWPP
200 372166051 4 1 WPWWPPPWWPDPPWPPWPWWWPWWWPWPWWPPWWPWPWPW
200 311397540 29 20 DWPWPPPPPWPPWPPPPPWWPPPWPPPWWWPPPWPWWPPW
200 894014899 20 76 PPPWWPWPWPWWWPPPPPWWWPDPWWWPWWWWWPWPWWWP
200 983292684 58 14 DPWWPWWWWPWPWWWWWPPPPWWPPWPWWWPPWPPPWPPW
400 42 13 34 PWPWWWPPWWWPDWPPPPPPPPWWPWPWPWWWPPPWWPPP
200 560277153 56 32 PWWPPPPDPWPPPWWPPWWWPPPWPWPWWWWWWPWPPWWW
200 839775273 11 35 WWPPPPPPWWPPWWDWWWWPPWPPPWWWPPPPWWWWWWWW
200 598522843 38 17 PWWWPWPPPPPWWWWPPWPDPPPPWWWPPWPPWPWPPWWW
200 360784922 48 84 PPPPWPPPPPWWWWWPWWPWPWPWWWPPPDPWWPPWWWWW
200 249821563 58 54 PWPPPWPWPWWPWPDWPPWPPPPPPWWPPWWPWWWPPWPP
200 389748294 48 92 WPDPWWWWWPPPWWPPWWWPPWPWWPPPPPWPPWPPWWWP
200 892072473 1 90 WWPWPPPPWPWWPPPPPPPWPWPPWPPWWPPPPPPPPDPP
200 31807535 70 78 WWWWPWWPPPPWWPWPPWWPPWPPDWWPPPPWWWWPWWPW
300 69840290
200 32926388 52 87 PWWPWWWPWPWWPPWWWWPDPWWPWWPPWPWPWPPWWPWW
300 769227359
200 388903496 31 95 PPWPWWWPWPWPDWWPWWPWPWPPPWPWWPPWWPPPWWWP
200 682245636 2 55 PWWPWWDPPPWWPPWPPPPWPWPPWPWPPPPPPWPWPPPW
200 343466136 55 78 PWWWWPDPPWPPWWWWWWWWWWWWWPWWPPWWPWPWWPWP
400 54 55 41 WWWPWPWPWPPPWWPWPWWWWWWWWPWPPPPPDWWWPPWP
200 672653176 39 12 DPPPWPWWWPWPPPPWWWWWPPWPWWPPWWWPPPPPPWWP
200 256969022 86 47 WWPWPWWWPPPPPPPWWWPDWPPPWPWPPWWWWWPPWWPP
200 947372421 1 42 WPWPPPWPPPPPPPWPWPDPPWWWWWWPPWWPPWPWPWPW
200 484236220 70 93 PWPPWPWPPWWPWDPWPWPWWWWPPWPWWWPPWWPWPWWW
200 315838827 39 11 PPWWPPWWPWPPPPPPWPPWDWPWWPWWWWPPPPPPWWPP
400 100 47 19 PWPPWPWWWWWPWWPWWPPWWWWWWWWPPPPWPPPDPWPW
200 728184748 50 20 DWWWWPWWPPWPPPPWWWPPWPPWPPWPWWPWPPWWPPPW
200 492025029 75 13 PPPPWPPPPWPPWWPPWWWWPPPPPPPWWWDPWWPPPWWW
200 724159092 8 29 WPPWPWPPWPWWWWWPWPWPWPPPWWWWPWWPPDWPPPPP
400 4 56 16 WWPWPPPPPPPWWPPWWWPPDWPWWWWPPPWWWWWWWWWP
200 66011871 54 26 WPPWPWWPWWWPPPWWDPWPPWWWWPPPWWPPWWWPPPPW
200 145698107 5 59 WWPWPPPWWWWDPPPWWWWPPPPPPWPPWPWPPWPWWPPP
400 100 14 20 PPWPPPWPWWWPPWPDWWPPWWWWPWWPPPWWPPWWWWPP
200 662021879 12 78 WPWWPWWWPWPWDWWWWWPPWWPPWPWWWWWPPPWWPPPW
300 79136570
300 442140064
200 518370489 15 7 WWPPPWWWWWPWWPWWPWWPWPPPPPDPWPWPWPWPPWPW
400 66 69 63 DWWPPPPPPWWWPWPWWWPWWPWWPWPPWPWWWWPPWPWP
200 63224828 70 29 PWWPWPWPPWPPWWPWWPPPWWPPWDWPPPPWPPPPWPWW
200 707028262 16 94 WPWWPPPWWWPWWWPPWWWPWWWPPPWWWWPWWWWPDPWP
400 74 57 58 PPPWPPWPPPWWPPPPPPWWPPPWPPPDPWWWPPWPWPWW
300 32926388
200 835894162 35 4 WPWWWPPPWWWPPPWWPWPWPPPPPPPPPDWWWWPPWPPW
300 670878359
200 226990791 20 16 PPPPPWWPWPDWWWWWWWWWPWPPWPPWPPWWWWPPPWWW
200 292733353 84 37 WWPPWPPPWWPPWPWPWPWDWWPPWWWWWWPPWWPPWWWW
200 415475645 85 39 WPPWWPPPPWWPPPPPPPWWPPDPPPWWPWWPPPWWWPWP
200 26930917 59 97 WPPWWWPWWDPPWWWPWPPPWWPPPPPPPWPWPWPWPWPP
200 391980167 97 94 PWPWPWPPWWWPPWWDPPWPWPPWWPWPWPWWWWPWPWPW
400 18 49 22 WPPPWWWWPPWWWWPWPWPWWWWPPWPWPPWPPDWWPPPP
200 20419926 67 49 WPWPWWPWWPPWPPPPWPWPPWPPPPWWPWDPWWPWPPWP
400 60 28 19 WWPWPPWWWPWWPPPPPPWPPPWPWPWPDWWWPPPPPPPW
200 545466807 24 1 WWWPWDWWWWWPPPWWWPPWWWWPWWWWPWPPPPWWWWWW
400 52 32 22 WPWPWPPPPPPWPWWWPDPWPPWPPWPPWPWWPWPWWPPP
400 91 42 31 PPPWWWPDWPWPPWPPPPPWWPPWPPWWWWPWPPPPWWWP
300 37037159
200 631002881 93 94 PWPWPWPWPWPPPWPWPPPPPWDPWPWWWPPPWPPWWPWP
200 381846820 6 97 PPPPPWPDWWWPWPPPPPPPWWWWWWWWWWPWPWWPPWWP
200 268045125 39 45 WWPPWPWPPPWPPWPWWPPDPPPPWWPWPPPPPWPPPWWW
400 12 21 57 WPWPPPWPPWPPWPWWPWWWPPWWWPWPPPWPWPWDWWPP
200 349026536 40 77 WWWWPWWWPWDWPWPPWPPWPWWPWWWWWWWPPPPPWPWW
200 989989692 54 19 PPDWPWWWWPPPWWPWWWWWWWWWPWPPWWWWPWPWWPWP
200 417254947 75 55 WWPWPPPPPWWPWPPWPDWWWPPPWPWWPPWWWPWWPWWW
200 53144364 5 99 WWWWWWWPWPPWPDWWPPWPWPWWWPWWPWWWWWWPWPWW
200 802028656 21 100 WWPWPWPWWWPPPPWDWWPWWWWPPWWPPWPPPWPWPPWP
300 627000981
200 815652805 60 80 PWPWWWWPWWWPPPPWWPWPPWPPPWPPWPWWDPPWPWPW
400 85 3 61 WWPWWPWWWDPPWPWPPWPWWWPPPWPWPPPPWPPPPWWP
200 797203565 13 92 WPPWPPDWPWWPPPWPPPWWPPWWWWWPWPWPPWPPPWPP
200 517888477 16 80 DPWPWPWPPWPWWPPPPPPPPPWWWPWPWPWWWWPPWPWW
200 606966330 79 59 WWWWWPPWPWPPPPPDPPPWWWWPPWPWPWWWWWWWPWPP
200 10449345 90 22 WWPWWPWPPPWWWWDWPWWWWWWPWPWWPWWWWWPPPPWW
300 316161946
300 63469370
400 100 3 39 WPWWWPWWPWPPPWPWPPPWWPPPWWWWWWPWPWWWWDWP
200 37032408 42 33 PWWPWWPWPWPPWWPWWWWWPWWPWPPPPPDPPWWWWPPP
200 746338786 21 63 WWPWPPWWPWWWPPPWWWPDPPPPPWPPWPPWPWPWWPPW
400 31 40 38 PWWWWPWWWWPPPWPPPWPPPWPPPDWPWWPWPPPWWWPP
200 471633436 45 35 PPWWWPPWWWWWWPWWPWPPWWPWWPWWWWWWWPPWPWDW
200 297232012 22 56 PWWPWPWWWPWWPWWWPWWWWPWWWPPWPPPPWPPPDWWW
200 60886124 35 50 PPPPPWWPPPPWWPPWPWPWPPWPWWPPWWPPWWDWWPPP
200 154411427 90 99 WWWWDWPPPWPPWWWPWWWWPPPWPWPWWWPPPPWPPPPW
200 750948780 19 3 PPPWWWWPPWWPWPWPPWWDWPPPWWPPWPPWPWWPPPWP
200 296873017 94 62 PWWWWWPPWPWPWPPWPDPWPPWPWPWWPWWWWPWPPPWP
200 661591800 65 7 PWWWPWPWPWWPPWPPPPPPWPWPPPPPPWPWPPWWDWPW
200 329685025 96 25 PWPPWWWPWWPPPWWPPWPPWWWPPDWWPPWWWWPWPWPP
200 745183498 41 44 PPWWPPPWWPWWPWPWWPWPPWWWPWPDWPPPWPWWPWWP
300 524629389
300 436275352
200 970219574 47 32 PPWPWPWWWWWPPPPPPWPWPWWPWWWPWPWWWPWPWPWD
400 55 9 34 WWPWPPWPDWPPPPPWPPPWPPPPPPWWPWPWWPWPPPWP
200 46396193 72 2 WPWWWWPPWPPPPWPWWPPWPPWPDWWWWWPPPPWWWPPW
200 569239100 80 98 PWWPWWPWWPWPWPWPPPWWWPWWPPWPWWPPWWWWPWDW
200 974458370 3 54 WPPWPPPPPDWWWWPPWPWPWPPWPWWPWPWPPPPWWWWP
300 766454061
400 88 53 42 WWPWWPWWPPWWDPWPWWPWPWPWPPWPPPWPWWPWPWWW
300 360784922
400 34 79 34 WWPWWPPWPWPWPWPWWWWWWPPWWPDWWPWWWWWWPWWW
200 36936250 13 18 PWWWPWPWPWPPWPPWWWPPDWWWPWWWWWWWWWWWWWWW
400 52 82 38 PWWPPPWPPWWWWPWPPPPPWDWPWPWWWPPWWPWPWPWW
200 585115622 1 16 WPPWWPPWPPPPWPWPPPPWWDWPWWPPPPWWWPPPWWWP
200 541354902 98 3 PWPWPPPPWWWPWWDPPPPWPWWWWWWWWPWWPPWWPWWP
200 446470064 26 56 PWPPPPPWWPPWPWWWDWWPPPPWPWWWWWWWPWWPWWWW
200 499244847 51 52 PWWWWPPPWPPWPWPPWDPPWPWPPPPPPPPWWPWWPWWP
200 313287362 59 83 PPWDPPPWPWPWWPPPWPPPPWPWWWPPWPWWPWWPPPPP
200 432569718 57 92 WPWPWPPDWWWPWPWPWWPWPPPWWPPWPWPWPWWPWPWW
200 522411941 21 50 PPPPWWWWPPPPWWPPWWWPDPPPPWPPPPWWPWWWPWPW
200 390099137 14 43 PPPWPWWPWPWPWPWWPPPWDPWWPWWWPWWWPWWPPPPW
200 514932308 52 33 WWPWPPWWWWPPPPPPPPPPWPWWWDWWWPWPPWPWWPWW
400 56 18 1 WPWPPDPWWWWPWWPWWWPWWPPWWPPPPPWPWWPPWWWW
200 41843930 38 35 WWWPWPWPPWPWWPWWWDPWPWPPWWPPWPPPPPPPWPPW
200 175078295 43 3 PWPPPPWWPWWPWPWPWWWDWWPWPWPPPWWWPPWPPWPP
400 43 7 37 PWPWPWPDPPWWPPPPWWWPWPWWWPWWWWPPPPPWWPWP
400 46 90 49 WDPPWPPPPWWPWPPWWPPWPWWWPPWWPPWPPWPPWWPW
200 484154679 88 59 PWWWWPPWWWPWPPWPWPPPWPWWDWWWPWPPWWWPWWPW
200 660748855 57 49 PPWPPPPWWWWPWPWWWPPWWWWPWWWDPPPPWPPPPPPW
400 69 19 57 PPWPPPWWWWPPPWWPWPWDPWPWWWWPWPPPWPWWPPPW
300 10449345
200 783325475 82 78 WDWPWWWPPPPPWPWPWPPPPPWPWWPPPPPWPWPWWWWW
200 182270515 86 9 WWPPWWDPPWWWPWWWPWPPPWPWPWPWWPPWWPWWPPWP
200 509785750 5 69 PPWDWPPPPPWPPPPWPWPPWWWPPWWPPWWPPWWPPPPP
400 40 69 61 WPPWPPPPWWWPPWDWPWPPWWWPWWWPPPWWWPPWWPPW
200 12935438 35 34 PPWWPDWWWWWWPPPWPWPWWWWPPPWPWWPPPPPWWWWW
300 464416774
200 870301761 80 57 PPWWWWWWWPPWPPPWPPDPPWWPWPWPWPWPWWPPPWWW
300 894163958
400 27 42 47 PWPWPPPWPWPWPWPWPWWWWPWWWWWWPPWWPPWWWPDW
400 45 89 31 PPWWPWPWWWPWPWPPPWWPWPWWPPWWPWWWPDWPPPWP
200 658737681 47 1 WWPDWPPPWPWWWPWPWWWPWPPPWPPWWWPPWWWWPPPP
300 948805256
300 49934219
300 707028262
200 899831742 75 45 PWPPPPWWPPPPPPPPDWWPWPPPWWPWPPPPWWWPPPWW
200 967064351 37 33 WPPPWPPPPPPWPDPWPWPWPWPPPPPWPPWPWWPWWWPW
400 25 88 44 WWWWPPWWPPPWPWWPWPWWPPWPWWPDPWPWWPWPWWPW
200 968209327 60 52 PPWWWPWWPPPPWWPDWWPWPPPWPWPPPWWPPPWWWWWW
200 364468438 81 19 WPPPWPWWWWWPPWWWWPWPPWDWWPWWWWPWPPPPWPWW
200 249096728 43 62 WPPPWPWWWWPWWPWPWWPWWPWWPPPWDWWPWPPPWWPW
200 88298498 88 58 WPWPPPWWWWPPWPWWWPPPPPWWWPWWWPPPPDWPWWWW
200 783838706 9 96 PPWPWPPPPPWWDPPPWWWWPWWWWPPPWWWPPWPWWWPP
400 22 74 1 WPPPPPPWPPPWDPWPPPWPPPWWWPPWPWPWWPPWWPPP
300 324692819
400 92 44 38 PWWWPPWWWPWPPPWPPWWPWWPPPPWWPPWWPWPWPDWP
400 16 29 22 WPPWPPWWPPPPWPPPPPWWPPPWWPDWPWPWWPPPWWPP
200 925178091 72 36 WPDPPPWPPWPWWWPWWPPPWWPPPPPPWPPWPPPWWWWP
200 223132633 85 46 PPPWPWWPWPWPPWWPPPWWPWPPWPWPDWWWWPWWPWPW
300 484154679
200 89663868 96 33 PWWPPDPPWPWWPPPPWPWWPWWWWPWPWWPWPPWWWPPP
200 29699800 15 62 PWPWWWWPPWPWWPWPPWWPPPWPPPPPWPPPWPDPWWPP
200 831149359 25 92 DWPPPWWWPPWPWPPWPWPPWWPWWPWPWPWWWPPWPWPW
400 77 30 40 WPWPPPPPPPWPPPPWWWDWWWPPPPWWPPWWWPWPWPWW
300 905696630
300 60886124
200 225717516 42 40 PWWDWPWWWWWWPPPWWPPWPWWPPPPPPWPPPPPWWPWP
300 697030957
200 664000999 11 69 PPWWPWPWPWWPWWPWWPPWPPPWWWPPPPDPPPPWPPWW
300 658737681
200 863366168 6 44 PWPPWWWDWWPPPPWPWWWPWWWPWPPPPPPWPPPPPWPP
200 359882570 61 55 WPWPWPPWWPWPDWPPWPWWPWPWPWWPPPPPPWWPWWWW
200 635499587 40 88 PWPWWWPPPPPWPWWWPPWWPWPPPWPPWPDWPWWWPWPP
300 554124487
200 253640757 35 14 PPWWPPPWPPWPPPWWPDPWPPWPPPPWPPWWWWWPWPPW
300 947372421
200 822372217 99 16 DWWPWPPWWWPPPPPWPPPPPPWWPPWWWPPWPWPWPWPW
200 786039231 31 53 PPPPPPWWPPPPPWDWPWWWWPPPWPWWPWWPWWWPWWWW
300 662021879
400 6 33 35 WPWWWPPPPPPPPWWPPPWPWPWPWWWPWWWPPPWPPWWD
300 812195129
200 1550425 85 67 PWPWWWWPWWPPWPPPWDPPPWWPWPPWWWPPPWWWWWPW
300 89663868
400 27 90 1 DWWWWWPPPPWPWPWWPPPPWWWWPPPPPWPWWWPWPWPP
200 200806989 26 70 WWWWPPPWPWPPPWWWWPPPWWWWPPDPWPPWWPPWPPWP
300 13027661
400 75 78 19 DWWWPPWPPPPPPPPPWWWPWPWWPPWWPPWWWWPPPWPP
300 279102929
200 981392254 31 65 PPPWPWWPWPWDPWWWPPPWPWWWWPPWWPWWPWPPWWPP
200 181050506 18 23 WPPPWPWPPWWPWPDPPPWPPPPWPPWPPWPPWPWPWPWP
200 431341081 48 40 PPWPPPPPWPWDWPWPWWWPWPWWPPWWPWWPWPWPPPWW
200 571295994 87 31 WPPPPPDWPPWWPPPPWWPWPWPWPWWPPWPWPWPPPWWP
200 40849386 5 34 WPPPPWPPWWPWPPPPWPWWPWWPPPDWPPWPWWWPPPWP
400 54 84 41 PPPPPWWWWWPWPWPWPPPPPWPPPWPPPWWWPPPPPWWD
300 88298498
200 677426817 62 73 WWDPPWWWWPWPPPWPWPPPWWWWPPPWPPPPWWWWWPWW
200 663107340 63 76 WPWWPWPPPWPWWPWPWWPDPWWPPPPPWPWWWPPPPPPP
200 387058186 32 3 PWWWWPWWPPDWWWPWPPPPWWPPWPPWWPPPWPWPWPPW
200 709362583 2 17 WPWPWWWPPPPWPPPPPWWWPWPWWWPPWWWWPPPWDWPP
300 570056534
300 46396193
300 26930917
200 289816603 96 2 PPWWWWWWPWWPPPDPWPWWPWWPWWWPWPWPWWPWPPPW
300 417254947
200 928136950 25 52 PWWWWPPWWPWWPWWPPPWWPWPPWPWWDWWWWWWWPWWP
200 963238925 75 9 PWPWPWPPWWWPDWPWWWWPPPPWPPPPPPWPWPWPWWPP
200 780179163 84 98 PPWWPPPWWWPPWPPPWWPPPWPPPWWWWPPWWDPPPWWW
200 780141508 85 92 WPWPPWPWWPPPPWPPDPWWPPPPWWPPPWPWWPPWWPPW
300 98451874
400 51 49 56 PPPWWPPPPPDWWWPPPWPWPWWPPWPPWPWPPPPWPPWP
300 764150621
300 63224828
200 222757821 95 83 PWWPWPWWWPPPPPPPWWDWWWPWPPWPWWWPWWPPPWWP
200 484136866 3 22 WPWPPWPPPWWWPPPWWPPPPWWDWPPWWPWWPPPPPPPP
200 209030860 84 87 PWWWPPWDWWPPPPPWWPPPPWWPWWPWWWWWWWWPPWWW
200 467576915 13 24 WPPWPPPWPPPWWPPPWPPWPPPPWPPWPWPDWWWWPWPP
200 351881870 80 94 PPWWWWWWWPWWWWPPPDWPWPWPPWWPWPPPPPPWWWPW
200 661419190 27 76 PPDPWWWPPWWPPWPPWPPWPPWPPWPWWWPPWWWPWWWW
200 50274228 31 77 PPWPPPPWWWDWWPPWWPPWWPWWPPPWWWWPPPPPPWPW
200 975922421 86 42 PPWPWDPPPWPPPWPWWPWPPWWWPWPPWPPPPPPWPPPP
400 49 24 50 WPWWWPWWWWWWWWWPWWPPPWWWPWDPWWPPPPWWPPWW
200 152421300 27 59 PWPWPPPPPWWWWWPWWWPWPPPWWWWWWPPWPWPPWPDP
200 252709826 90 5 WWWPWWPWWPPPWWWWWPDPWPWWWWPPPPWWWPPPPWWP
400 28 96 34 WPWWPWPWPPWPWPDWPWWWPPWPPPPWWPWPPWPWWPWW
400 59 72 61 PWWPPPPWWPWWWPWWPPWPPPWPWPPWWPDWWWPPPPWW
200 38722100 37 5 PWPPWWWPPWPWPWPWPWWWWWPPWWDWPPPWPWPPPPWP
200 474695054 48 94 PPPWPWPPPWPWPPWWPWPWWPPPWDPWWWPWPPWPPPPP
200 610556275 30 99 WWPWWWPWWWPPPWPDWWWWWWPWPWPWPWPWWWPPPPWW
200 506495402 93 78 PPWPWPPWPWDPPPPWPPPPWWWWPWWPWWWPPWWWWWWP
400 17 70 40 PPWPWWDPPPWPWWPPPWPPPWPWPPPPPWPPWWPPPPWP
200 635916707 42 98 WPPWWPWPWPPPDPPPPWPPPWPWWPWWPPPWPWWPPPPP
400 1 45 16 PPWWWWPPDPWWWWPPWWWPWPPWPPPPPPPWWWWWWPPW
300 517888477
200 375090390 91 2 WPWPWWPPPPWWPPPPPPPPWPWWDWPPPWWWWPPWPPPW
200 615792039 36 43 PPPWPWPWPWPWPPWPWPPWWWWDWWWWPWPWWPPWWWWW
200 695902018 70 75 PPPWPPPPPPWPPPWWPWPPWWPDWPWWPPPWPPWWPPWW
400 83 13 38 PPPPWPPPWWPWWPWWWPPPPWPWPWDWPPWWPWPWPWWW
300 831149359
200 946088140 16 54 WPWWPWPPWWPPPPWPWPWPPWPWPWWWDPWPWWPWPWPP
300 471633436
200 471482339 15 25 PWWPPPPPWWPPWWPPPWWPDPPPPPPWWWWWPWWWWPWP
300 858479809
200 858564735 8 50 WPPPPPDWWPPPWPPPPPPPPPPWWWPPWPPPWWWPPWPP
200 982840553 58 57 PPWWDPWPWWPPPPPWPWWPWWWWWWPWPWWPWWWPPPPP
300 835449750
200 54030402 62 80 PPWPWPPWWWWPWWWWPDWPPWWWWPPPPWPWPPWWPWWP
400 99 22 18 WWWPWWWPWPWPPDPWPWPPPWWPWPWPWWWWWPPPPPWW
200 56139742 37 82 WWPWPWWWPWPPWPPWWPWDPWWWPWPWWWPPPWWWPPWP
200 976945736 60 72 PWPWPWPWDWPPWWWPWWWPWPPWPWPWPWWWPWPWPPWP
200 53819108 68 98 PPWWWWPDWPPWPPPWPPPPWWPWPPPPPWPWWWWPWPWW
200 422740904 11 78 WWPWPPPWPWPPPDWWWWWWWPPPPWWWWPPWPWPWWPWW
400 99 23 20 PPPWPPWWWDWWWWPPWPWPWPWPPPWPPPWWPPWPWWWW
300 783325475
200 852654261 21 52 WWWWPWWWPWWPPPPPWPWWWWWWPPWWWWWDPWPWPPWW
200 531280146 26 92 PPPWDPWWPPPPWWPPWWPPWWWWWPWPPWWWPWPWPWWW
200 304904733 54 97 PPPPWWWPWWPWPPWWWPWPPWWWWPWPWWWWWWWPWPDW
300 780141508
200 756979736 13 59 PPWPWPPPPWPPPWDPWPPWWPPPPWWPPWPWWPWWWPPP
200 911020306 76 98 PDWPPWWPPWPPWWPPWWWWPPWWPPWPPWWPWWWWPPWW
200 34719257 60 9 WPDWWWPPWWPWPWPPPPWWPPPPWPWWWPPWWWPPWPPW
300 474633041
200 287258861 83 31 WWPPWPWWWWWPWPWPPPPWPPPPPPWDWWPPWPWWWWWW
300 659440104
400 12 26 18 WWPWWPDWPWPWWPWPWWPWWPPPPPPPWWPPWWWPWPPW
200 848952082 29 47 WWWWPPWWPPWWWPPWPWWPPPPWWPPWPDWPWPPPPPPW
200 59303104 34 14 PPPPWWWWPPWWPPPPWPWPWWWWWWWWPPPWWWPPDWWP
200 980681561 17 64 WPPPWWPWWWPPWPPPPWPPWPDWWPWWPPWWPPPPPPWP
200 11925509 56 12 WWWPPPPWWPPPPPWPPWWPWWDWPPWPWPWPPPWWWWWW
400 53 17 38 PWPPWPPPDWWWPPWWPWWWPPPWPPWWWWPWPPPWWPWW
200 819924970 95 58 WPWPWWPWDPPWWPWWWWPWWPWWPWWWWPWWWWPPPWPW
200 843152348 63 84 WPWPWPPPPWWPWPWPPPPWPPWPPWPPDPPPWWPWWPWP
200 529246209 74 68 WPWPPWWWPWWWPWWPWPWPWWWPPPDWWWWPWWPWWWPP
300 359882570
200 780570886 27 94 PWPWWPWPPWPWPPPPPWPWWWWPWWPPWPPWWPPPDWPP
200 508600850 17 8 WWPDPPPWWWWPPWPPPPWWPWPWWPPPPWWWPWWPPPPW
200 486077521 61 22 WPWPPPWWWWWWWWPPPPPPWPWPWWPPWPWPDPPWWWWP
200 567920739 54 53 WPPPPWPWWWWPPPWPPWPPPWWPPPWDWWWWPPWWWWPP
400 82 52 38 WPPWWWWPPPWPWWPWPWPPPPPPPPPPPDPWPWPWPPWW
431
100 100 40 150
388550188 81 39 WWPWPPWWWPWWWWWPWWPWWPPWWWWPPPWWWDPWPPWP
168884784 95 58 WPWWWPPPPPPPWWWWPWPDPWWWPWPWWPPWWPPWPPWW
176748517 90 38 WWWWWWPPPWPWPPWPPWPPWWWWWPWDPWPWWWWPPWWW
166752561 4 21 WPPWPPPWPWPWPWPWWDWWPPWPPPPWPPPPWPPPWWWW
681228808 12 24 WWWWWWPWPPWWPWPPPWPPDPWWWPPWWWWWWWPWWPWW
236429683 43 97 WPPPPWWWPPWPWWPPPWWWWWPPPWPPPPPWPWDWPWPP
970993989 19 14 WPPWPPWPWPWWPPWWWPPPWWWWPWWPWPWDPWPWWWPP
721262111 38 29 WWWPWWPPWPPPWPWWPWPPPWPPPPPWPPPPPPDWPWPP
773785772 74 50 PPPPPPWWPPPWWPWPPWPPWPPWPWWPPWPPPPPPPWDP
258169757 4 13 WPPWPPPWWWWWWWWWWWPPPPWWPPPWPWPPPWPPWWPD
23381964 86 20 PPWWPPPWPWWWWWWWPWWPWPPPPWPPPPPDPPWPWWWW
860422466 48 7 PPPWWWPWPWWWPPWWWPPPPWPWWPWPPWPPWWWDPPWW
817866455 17 39 WWPPWWWPPWDWPPWPWWWWWPWPPWPPPPPWWWWPWPWW
89337993 23 34 WWWWWPWPPPWPPPPWDWWPPWPPWPPPWWPWWWWWPPPW
57147558 90 66 WWPPWPDPWWWPPPWWPPPWWWPWPWWWWPPPPPWWPPWP
407868807 59 98 WPWWWWPWPWPPPWPPPWPWPPPWWPPWPPWWPPPPPPWD
728988588 71 80 PWPWWWPWWPWPPWWWPPWPWPWWPWWWWWWWPWDPPWWP
733820582 30 51 WPPPWPPPWWWWWPWWPWWWPDWWWWPPWPWWPWPWPWPP
816970300 37 88 WPPWPPPWPPPPPPPPPPPWWPWPPWPPDWWPPPWWPWWW
41396669 43 19 PPWPWWPPWWWPWWPPWPPWWWWWWPDPWWWWPWPPWPWP
522559408 58 84 WWPWPPPWPWWPDWWWWWPPPPPWWWWPPPWPPWPWPWPW
603546406 57 79 WWPWWPPWWWWPWDPPPWWWPWPWPWPPPPPPPPWPPPPW
172002126 44 21 WWPWWWWPPWWPWPPWWPWWWWWPWPPPPPPDPWPPPPWW
250492772 84 86 WWWWWWWPWPPWWWPWPWWWPDPPWWPWPWWPWPWWWWPP
736338692 97 36 PDWPPWPWWWWPWPPPPWPWPWPPPPPWWWPPWWPPPPWP
985080427 17 61 PPWPPPDWWPWPPPWPPWPPPWWWWPPWWWWPPPPWWWWW
976664398 21 7 PPPWWPPWWWWPPWPWPPDWWPWPPPWWWPPPWWWPWPWW
34063800 80 98 PPPPWWWWPWWPPPWPWPPPDPPPPPPWWWWPPWPWPPWW
954842852 90 34 PWPPPWDPPPWPWWWPPWWPPWWPWWPPWWPWWWWWWWWW
156714159 84 85 WWWPPPPPPWWPWPWWWWPPPWDWWPPPWPWPWWWPPWWP
12708352 24 4 WWWWWWWWPPPWPWWWPPPPWPPWWPPWWPWWWWWWDPPP
9631997 98 71 WDWPWPPPWPWWWPPWPWPWWPWPPWWWWWWWWPPWPWPP
978128479 70 78 DWWPPWPWPPPWWPWPWWPWWWWPWWWPWPPPWPWWWWPP
235801330 38 67 PWWWDPPPPWPPWWWWWPWPWWPWPWPWPPWPPWPWWPWW
28635727 95 20 PWPPPPPWPPWWWWPWWWPWPWPWPWPWPWWWDWWPPPWW
950740492 26 79 WWWWWWPDWWPPPWPWWPPPPWPPWPWPPWPPPWWWWWWW
499722841 20 55 WWPWPPWPPDWWWWWWWPPPWWWWWWPPPPWPPPPPPPPP
679960617 47 40 WPWWPPWWPWWDPPPPPWWWWWPPPWWPWPPWWWWPWPPP
773598322 9 4 WPPWWPWWPWWPWPWPWPPWWPWWPWWPWDPPWWWWPWPW
4956702 2 83 WPWWPWWWPWWWWPPPWWWPWPWWPPPWWWWWPDPWWWPW
737658046 26 76 WWPWPPPPWPWWPPPPWPPPPWDPPPPPWWWPWPPWWPWP
90802853 64 70 PPWPWPWWWPDPPPWPPWWWWPPPWPWPWWPWWWWPPPWW
28549952 69 71 PPPPWWPPPWPPWPPWWWWWPPPWDWWPPWWWWPPWWPWP
519944921 28 70 PWPPWWPPPPDPWPWPWPWWPWWWPPPPPPPWWPWPWPPP
657858313 30 46 PPWPPPWPWWPPPWWWWPWDPPPPPWWWWWPPPPWWPWWW
304144833 71 61 PWWPDWWWWPWPPPWPWWWWPPWPWWWPPPPPWWWPWPPW
398730448 11 24 PWPPPWPPPPPPWPWPPWPWPWWDWPPWPPPPPWWWPWWW
639661721 24 86 PWPWPWWWWWDWWPPPWPPPWWPPPWPPWWPPPWWWWWWP
821393397 3 10 DWPWPWWWWPWPPWPWPPPPWWPWPWPWPPPPPWWPPWWW
135877584 39 43 WWPWPWWDPWWPWPPWWPPWWPPPWPWWPWWWWPPWPPPW
774142548 74 16 WPWPPPWPPPPPDWPWWPPWWPPWPPPPPPWPPPWWWWPW
35624193 85 89 PPWPWWWWWPWWWWWPPPWWPWPWPPWPWPPPPWWDWPPW
677956737 66 42 WPPPWWDWWPWWWWWPWPPPPWPPPPPPWWWPPPWPWWWW
993052743 84 11 WWWPWWPWPPPPPWPWWPWWPWPPWPWWWPWWPWPPPPPD
16417080 52 82 DPPPWWWWWPPWPPWPPPPWWPPPPPWWPWPPWPPPPPPP
407617473 10 2 WWPPPWWPWWWWPPWPWWPWWPPWWWPPWPPPWWDWPWPP
627858925 46 48 PPWPWWPPPPWPPWWWWPPPWPPWWWWPPPPDPWPWPPPP
75901312 3 51 PWPPWPWPPDWPWPPWWPWWWWPPPPPPWPPPWWWWPPPW
354054559 13 47 WWWPWDWWPWPPPPPWWPPWPWPWWPWWPWPPWPPWPPWP
771966474 29 79 PPWWWPWWWPWWWWWWWDPPWPWWPWPWWWPWPPPWWWPP
329534554 68 38 PPWPWWWPWWPPWWPWPWPWPWPPPPPPPPPDWPWWWWPW
199139220 57 74 WPPPWPPWPPWPWPWPWPPWPPPWPPWWWPWPPPWWWWDW
864857730 23 98 WWWWPWPWPPPPWPWPDWWPPPWWPPWPPPWPWWWPWPPP
942415677 79 3 PWPWPPWWPPWPPPWWPPPPPWPPPWPDWWWWWWWWPWWP
653501457 79 81 PPPWWWDWPWWWWPPPWWPWWPPWWPWWWPWWPPPPWWWW
835125272 23 63 WPWPWWPWWWPPWPWWPPPWDPPWWPPWPPPWWWPPWPWW
676925968 77 58 WPPWWPWWPPPPPPWDPPWPWPPWPWPWPPWWPWPPWPPW
31017009 8 42 PWPPWPWPPPPWPWWPWWWWPDWWWPWWPWWWWWWPPWPW
212371262 13 19 PPWPWWDPWWWPWPPWPPPWWPWWWWPPPWPPPPWPPWPP
39859298 99 33 WWPWWPPPPPPPWPPPWWPWPWPWWWPWDPWWWPWWPPWP
456048252 87 79 PWPWWPWPPWPWWDWPPWWWPWWPWWPWWPWPPPPWWPPP
565717112 62 52 DWPPWWWPPWWPPWWWPWWPWWPPWWWPWPWPWPWPPPPW
486640857 49 92 WPWPWPWDWWPPWWPWPPWWPWPWWWWPPPWWPPWWPPWW
294971726 71 28 WWPWPWPWPPWWPPWWPWWPWWWWWPWPWDPWPWWWPPPW
699065935 67 13 PWWPWWWPPWWWWWPPPPWWPPPPWPPWPWWWWPWPWWDW
668825836 27 56 WWWWPPPDWWPWWWPPPWPPPWWPPWPWPWPWPPPPPPWP
713165706 81 63 PPPWPWPPWWPWPWPPWPPWWPPWPWWPWPWWDPWWWWWW
678202287 61 65 PPPWPPWPWPWPWPWDWPPWPWPPWPPPPPPPWPPPPPPP
114653178 3 89 WWPWWPWDPWPPPWWWWWWWWPPPPPPWWPWWPPWWWPPP
128132979 96 37 PDWWWWWPWPWWPPWPWWWWWPWWWWWPPPWWPPWWPWPW
186966626 35 66 WWWPPPWPWPPWWWPWPPWPPPPWPWPWWWWWWPWDPPWW
62943331 26 21 WWPWWPWPWDPWPWPPPWWPWWPPPWPWWPPPPWPWWPPP
116419153 4 49 WWPPWWPPPPWWPPDPWWWPPWPPWPWPPWWWWPWPPPPP
95645784 4 64 WWWPPWPPWPWWPWPPPPPWWDPPPWPPWWWWWWWWWPPW
751145664 94 43 PWPPPPPPWWPWPPWWPPPPPPPPWPPWWWWPPPWPDWWW
461316811 4 34 PWPWPWWWPPPPWPPPPWWPPWPWWWPPPPPDPWWWWPWW
3196818 46 32 PPPWPPPPPPDPPWWPPPWWWWPPWWWPPPWPWPWPWWWW
873825705 54 43 PWPWWPPPWPWWWWPDWWWPPPPWWWWWPWPPPPPWWWPP
859220050 30 72 WWPPWPPPPPPWPWPWWWPWPWWPWWPPWWWWWPPWPWDW
238764962 23 47 DPPWPPWPWPPPPPWPWPPWWPPPPWPPWWWWPWPPPWWW
701727102 35 76 PPPPWWPWPPDWPPPWPPWPPWPPWWPWWWWWWPPPWWWW
217194228 74 36 WWWPDPPWWWPPPWWWWWWWPPPWWWWPWWWPPWWPWWPW
945577421 55 31 WPPWPPWPPWWPPPWWWWWPWWWWPPWPWWPPPDPWWWWP
919835476 50 20 WPPPWWWWPPWWDPPWWPWWWWWPPWPPWWWPWWWWWPWP
447575446 68 5 WWWPPWWDWWPWPWPWWWWPWWWPPPWWWWWWPPWWWPWP
64275682 53 6 WDPWWWWWWWPWPPPPPPPWWWWWWPPPWWPWPPWPPWWP
233113336 78 6 WPWWPWWPWWWWWPPWPWPWWPDWPWPPPPPPWPWPWPPP
31421532 73 35 PPPPPWWWWWPWWPWWWWDPPPWPPWWPPWWPPPPPWPPW
270681007 75 76 WPDWWPPPPWWWWPWWWWWWPPWPPPPPPWWWWPWPPPPW
199326442 60 53 WWPDWPPPPPPPWWPWWPWPWPWWWPWPWPPWWWPPWPWP
594079580 91 57 WPWPPWPPPPWWWWWPWPWWPPPWWWPPPPPPWPPPPDWW
685028440 29 32 WPWWWPWWWWPWWPWPWPWPDWPPPWPPPWPWPPPWPPPW
23095404 9 66 PDPWWWPWPPPPPPPPPPPWWWPWWPPWWWWWWPWPPPPW
95093897 25 73 WWWWWWPWWPPWPWWWWPPPWWPPWWWWPPWPWPPPDPPP
254327738 9 62 PPWPWWWWPWPPPWWPWDWWPWPWWPWWWPWPWPPPPWPP
82523192 46 58 WPPWWWPWPWWWPWWWPPPDWPPWPPPWPWPWPWWWWPPP
59392496 100 33 WWWWPPPWPWPPPPPPWWWPWPWDPWWWPWWPWWPPPPWW
410914923 56 52 PPPWWPPWPDPWPPPPPPWWPWWPPWPWPPWWPWWWWPPW
543471226 82 41 WPPWPPWWWPPPWPPWWPDPWPPWPWPWPPWWWWWPPPPW
866922110 23 56 WWPWPWWWWWWWPPWWWWWPWWWWDPWWPPPPWPWWPWPW
988457721 48 33 WDPWWWWWWWWWPWPPWPPWPPWPWWPPWWWWWPPPPWPW
243260971 26 36 PWPPPPPPPWWWPPPPPPPWWPWPPPWPPPWPDPPWPWWP
455684976 47 76 WWPWWPWPWPWPPPPWWPWPWPWWWWPDWPWWPPPWPPPW
12808257 17 54 PPWWWWWDWWPPWPWWWPPWPWWWWWWPPWWPWWWWWWPW
660481555 9 76 PWWPPPWPWPDWWPPPWPWWWPWPPPWWWPPWWWWPPWPW
383804542 69 53 PWPWWWPPPWWWWWWWPWWWWPPWWWPDWPPWPWPWWPPP
507464690 21 80 WPWWWWPPPWPWPPPWPWWPWWPWWWWWWWDWWWPPPWWP
338668639 98 96 WPPPWWWPPWWPWWWPWWWPWPWPWPWWWWDWPPWWWWWP
659752494 36 17 PWPWWPWWWPWPPPPWPDPWWPWWWPWWWWWPWWPWPPWW
518988751 96 83 DWPPWWWPPWPWPWWWWPPPPPWWPPPWPPWWWWPWPWWP
743893155 51 37 PPPWWPWPPWPDWPPWWPPPPPPWWWPPPWPPWPPWPPPP
618232129 39 52 WWWWPPPWPPWWPPPWWWWWWWPWPPWPPWWWPWPWDWPP
939763243 77 52 PDPWWPWWWWWPPPPWWWWWPPPWWPWWWPWPPWPPPWWP
329356317 31 83 PPPWWPPWPPPPPWWPDWPPWWPWWWWWWPPPWWWWPWPW
860522957 20 57 WPWWWWWPWWPPWPWPWPPWPPWWWPWPWPPPWWDWWPPP
736839868 41 23 PWWWWPPWPWPPPPWWWWWPWWWWPPPPPWPWPWWWWWDW
743480690 16 90 PWWWPWWPPPWPPDWPWWPWWPPWWWWWPPPWPPWWPWPW
585742848 74 5 WWWWPWWPPPPPWPWPPWPWWPDWPPWWWWWWWPPWPWWP
152684196 82 9 PWWPPPWWPPWWWPPPPWWPPPWPWWWWPPPDPPPPPWWP
652062116 27 82 PWWWPWWPWPWWPWWPWPPPPWPWWPPPWPWPWWDPPPPW
643121546 19 42 WWPPPPDPWPPWWPWPPPPPWWPPPPWWPPPWPPPWPWPW
983980993 65 99 PWWWPPWPPPDWWPPWPPWPPWPPPWPWWWPWPWWWPWWW
535730936 52 19 WWWWPPWPPWWWWWWWPPPWPWPWPPPPPWPPDPWPPPWP
366057286 66 74 PWPPWPWWPWWPWWPWPWWWDWPPWPPWWPWPPPWWWWPP
619416198 27 48 PWWPPWWDPPWWWWWWPPWWWWWPPWPWWPWPPWPWWPWW
66734562 3 53 WWPWWPPWPWWWWPPWPWWPWPWWWPPWPPPWPWDPWWPP
245882922 4 39 WWPWWPWPDPPWPPWWPPPWWPPWPPPPPWWWWPWWPWWW
156970118 71 30 PPWPWWPPPPPPPPPWDPPPPPWWPPPWWPWWPWPWPPWW
115112050 92 95 PPPPPPPPPWWPWWPWPWWWPPPPWWPPWPDPWPPPWWWP
657016598 30 14 PPWWWPPWWPPPPWWWPWPWWPPWPPWPPPWWPDWPWWWP
536729029 65 74 PWDPWWWWWPWWPWPWPPWWWPPPPWWWWPPPWPPWWWWW
616801629 10 46 PWWWWPPPPPWPWWWPWWWPWPWPWWPWPPPPWDWPWWWP
45626589 1 44 WPWWPWWPWWPWWPPWPWWWWWWPWWPWDPPPWWWPWWWW
238878580 57 90 WPWPPPWWWPWPPPPPPPPWWPPPPPWWWWPPPPDPPWWW
124911670 12 49 PWWPWPPWDPWWWPWPPWWWWWWPWPWWWWWPWWWPWWWP
929751558 65 67 WWWWPWPWWPPWWWWPWWWPWWWPWPPPPPWPWWWWWPDW
42825519 45 35 PWPWPWPPPWWWPPPWPDPPWPWWWPWPWWWWWWWWPPWP
61882180 33 54 WPWWWWPPPWPPPPWPWPWWPPPPPWPPPWPWDWPPPPPP
642324231 1 82 WPWPPPPPWWWWPWWWPWPWWPDWWWWPPWPPPWWPWWWW
909822824 73 36 PPWWPWDWWPWPWPPWPWPPWWWPWPPWPWWPPWWWPPPW
200 780234500 76 91 PPPPPWWPWPWPWPPPPWWPWDWWPPPPPWPWWPWPWWWW
400 89 3 1 PWDPWWPWPWPPPPWPWPPPWWWWWPPWPPPWWWWPWWPP
200 824301250 69 27 PWWWWPWWWPWPPWWDWPPPPWPWPPPPWWWWWWPWPPPP
200 297629120 100 22 WWPWWPWPPPPPPPPPWPPPDPWPPPPPWPPPWWPWWPPP
300 250492772
300 95645784
200 246002163 32 98 WPPPWWPWPPWWPWWPWWPPWWWPPPWPWDWPPWPPPWPP
200 440157012 20 42 WWPWPWPPPPPPPPPWWPWPWPWWPWPPWPPPWPPWDPPW
200 301614533 89 34 PPPWWWWPPWPPWPPPWPPWWWPPPPWWWPPPWWDPPWWP
200 959507387 26 58 WPPPWDPWPWPPWWPWPPPWWWWPPWWPWPWPPPWWWPWP
300 64275682
300 816970300
200 964585229 15 7 PPPWWWWPPWWWWWPPWWWPPWWWWDPWWWPPWWWWPPWW
400 77 65 74 WPWWPPWWWWWPPWWWPPWPDPPWWPPWWWWWPPPWWWPP
300 89337993
300 23095404
200 649623959 95 54 PPWWWWDPPWPPPWPWPPPPWPPPWPPWPWPWWPPWPPWW
200 946637031 1 81 WWWWWPPPWWWPPPWWWPPPWWWWPPPDWWWWWWPWPPWP
200 2640056 70 93 WWWPPPPPPWWPPWWWWWWWPWPWPWPWPWPDWPWPPWWP
200 81658694 4 91 PPWPWWPPPPWWWWWPWWWPWPWWDPPPPWWPPWWWWWPP
200 797511813 92 55 PWWWPWWPPPWPPPPWPWWPPPWPPWWPWPDWWWPPPWPP
200 768881316 99 83 WPPPWWWWWWWWPPWWPPWPPPDPPPWWPWPWWWPWWWPW
200 22348667 73 21 WWWWWPPPWWPPWPWWPPWPPPPPPPPPWPWWPPPWWWWD
200 731550405 55 6 WPPWWPDPPPWPPPPPPWPWPWWPWPWWWPPPWWWPWWPP
200 861197620 98 4 PPPPPPDPWWWWPWWPPWPWWPPPPWWWWPPWPPPPPPPP
400 77 58 1 WWPPPPWWPPPPWWPPWWWPPPPDPPWWPPWWPWWWWPWP
400 5 3 60 WPPWWPPPWPPWWPWPPWPPWPWPWWWWWWPPWWWWDPPP
300 95093897
200 643446946 7 5 PWPWPPPWPPPPPPPWPWPWWDWPPWWWWPWPPPWWWPWW
200 701345697 36 19 PWPPPPWPPWWWWPWPPWWWPPWDPPPPWWPWPWWWPWWW
200 12418899 18 65 PWWPPPPPPWPWPPPPPWPPPWDPWWPPWWWWPPWPWPPP
200 186337770 55 58 WWWWPPWPWPWWPPWPPWPWWPPPWDPWPWWWWPPPWWWP
300 9631997
200 522189133 44 5 WPWPWPWPWWPPWWWWPDPPWWPPPPPWPWPWWWWWPWPW
200 569127746 16 96 PPPPWWPPWPWWWPPWPWWPPPWWPPPPWPPWPWWWWPDW
200 346443133 95 96 PWPPPPPWPWWPWPPPPPWWWPDWPPPWWWPPWWPWPPPP
200 587626263 97 9 WPPWPPWPPWWDWWWWPWWPWWPPWPPPWPWWWWPWPWWP
200 100248760 54 99 WPPPWWWWPPWWWWDWWWWWPWWPPWWPPPPWWPPPWPPW
400 94 15 89 PPPWWPPWDWWPPPWWWPPPWWWPPPWWWWWPWPPWPPPW
200 977548946 87 84 PPPPPPPPPPWPPDWWPPWPPWPPPWPWPPWPWWWPPPPP
200 671328662 14 61 PPPPWPWWWWWPPWPWWWWPPPPWPPPDPPPPWPPPWPPP
200 576800411 21 11 PPWPPWWWWPPPWPPPPWWWDWPWWWPWPWPPPWPPPWPP
200 139794992 22 55 WPPPWPPWDWPPPWPPWWPPPPWWWWPPPWWWPPWWWPPW
200 829836675 92 58 PWWWWWPPPWPWWPPPWWWDWPPPPWWWWWPPWPPPPPPW
200 993595878 71 38 WDPWPWPPPPPWPPPPWPPWWPPWWWWPPWPWWPWPWPWW
200 183960736 43 93 WPPWWWWPPWWDPPPWPPPWWPWPPPPWPPPPWWPWWWWP
200 653348846 97 18 PWWWPWDPWWWWPPPPPPPWPPWPPPPWPWPPWPWWPWWP
200 337677357 45 8 WWWWWWDPPWPPPPPPWWWWWWWWPPWWWWPPWPPPPWPW
200 666574109 66 83 WPPWPPWWPPWPWPWWWPWPWPWWDPWWWPWWPPWPPPPP
200 478086999 63 96 PPWWPWWWPPDWWPPWPWPWWPPWWWWWWWPWWPPWWPPW
200 578602119 28 63 PPPWWDPWWWWPWPPWPPWPWPWWPPPPPPWPPPWPWPWW
200 711769775 46 74 WWPPPDPPPWWWWWWPWWWPWPPWWPPWPPWPPWPPWWPW
200 302651954 12 84 PPPPWPPWPPWWPPPPPPPWWWWWWWDPPPWWWPWPWWPW
200 488857152 76 36 WPWWWWPPPWPPWWPWPWWPWWWDPWPWWWPPPPWPPWPP
400 13 69 63 DPPPPPWWWPPWPPPWPPPPPPPPPWPPPPPWPPWWWPWP
400 86 65 60 PWPWPPWPWWWPWWWPWWWWPWWDWPWWPPWPPWWPWWWW
300 666574109
200 468822685 60 27 WWPPPWPWPPPWWWPPPWPWPWWPPWWWWPDPPWWPPWWW
200 260638072 26 51 PWPWPWWPWPWPWPPPPWWWWWPWWDWWPPWPWPPWPPWW
400 19 8 18 WWWWWPPPWWWWPWWPPPWWWDWPPPPWPPPPPWPPPWPP
200 27640346 19 6 WPPPPPPWWWWPPWPPPPWWPWPPWWPWWPWDWPPWWWPP
400 28 63 1 WWPPPWWPWPWPPWPDWPWPWPWPPPWWWPPPPWPWPPWW
400 63 12 72 WPWWPPWDPPWPPPWPPWWPPPWWPPPWWWPPPPPPWWPW
400 11 40 73 PPWWWPWPWWWPPWWWWWPPWWWWWWPPPPPWWPWPPDPP
400 43 17 22 WWPPPWWWPPWWPWWWWWWPWWWPWPPPPPPPWWPPPWPD
400 2 8 101 WPPPPPPWWPPPPPWWPWWWPWDWPWPPPWWWWPPPPPWP
200 140530599 22 42 WWWWWPPDPPPWPWWPPWWPWPWWPWPPPWWWPWWPWPPW
200 218857918 61 98 WWWWPPPWWWPPPWWPPPPWDWWPWWWPPWPWPWPWWWPW
300 28635727
200 36263229 52 61 WWPWPPPWPWPWWWWWWWPPWPPPWWWPWPWWWPPPWPDW
300 676925968
200 758174515 71 48 WPPPWPWWWPPPPWWWPWDWWWWWPWWPWWWWWPPPPPPP
200 846994110 32 15 PPWPWWWPPPPPWDWWPPPWWWWPWWPWWPWPWPWWWWPW
200 358618478 3 76 PWWPPPPWWWPPWPPWWWWWPWPPWWWWWDPWWPPPPWPW
300 950740492
200 167136330 98 1 WWWPWWPPPDPWWPWPPWPWPWWWPWPPPPPPWPWWPPPW
300 711769775
200 439628730 25 64 PPPWPPWPDWWPWWPPWWPWPWPPPPWWPPPWPPPWWPPW
200 923176958 39 35 WPPWPPPWWPWWWPPPWPPPPPWPPPWPWWDPWWPWPPWW
200 995321933 3 93 PWWPPWWPPWDWPPWPWWPWPPPWPPWWPWPPWWPPWWWP
200 163927896 14 1 WWWPWWWDWPWWWPWWPWPPWWWWWWPPPWWWPPWPWPWW
200 494943637 25 96 WPWDWWPWWWPPWWWWWWWPPPWWPPPWWPPWPWWWPPPW
200 129846083 82 44 WPPWWWPPPPWPWPWPDWPWWPPWWPPPWPPWWWWWPWPP
300 939763243
300 358618478
400 94 98 58 WWDPPWPWWPPPPPPPWPWPPPPWWWPWWWWWPWPWPPPP
200 45313863 38 40 PPWWPPPWPPDWWPPWWWPPWPWWPWWPPPWWPPWWWPPP
200 606630731 89 35 WPWPWPPWWPWWPPPWWDPPPPPPWWPPPPPWWPWWPWWW
200 39004534 55 75 WWWPPWWPPWWWWWWWWWWWPWWPPWWPPWWPWWPWPDPP
400 70 59 72 WWPPWWWPWPWPWWWWPWWPWPPWPWPWDWWWPWWPPPWP
200 76712538 50 53 WPWWPPWPPWPPPPPWPWWWPWWPPDPPPWPPWWPWWPPP
400 53 47 73 WWWWWPWPWPWWDWWWPWWWWWWPPWPPWPPWWWWWWWWW
200 73834207 47 85 PWWPWPWWWWPPPDPWWPPWWWPWWWWPPPWPPPPPPPPP
300 736839868
200 782008783 15 89 WPPPPPPPPPPPPPWWWPPWPPWPWPWWDWPWPPWPPPPW
400 4 11 18 WPWPPPPPPPPPPPPWPPWWPPWPPWPWWWWPWWWPWDPP
200 127615709 87 27 PDWWWPWWWWPPWPPWWPPPPWPWWPPWWWPPWWPWPWPW
200 786275876 62 41 WWPPPWPPWWPDWPPWWWWPPWWPWWPWPPPPPWPPPWPP
300 59392496
300 977548946
200 654752456 97 88 WPWPWWPWWPWPWPWPWDWPWPWWPWWWPWWWPPPPPWPW
200 170820588 80 87 WWPWPWPWWWPPDPWPWPWWPPPWWWWWWPWPWWWWWWWW
200 249496286 57 30 WWWPPPPPPPPWWPWWWPWWWWWPPPWPWPPPWPWDWPWP
200 947344551 10 24 PDWPPPWPPWPWWPWPWWPWPPWPWPPWPPWWPPWPWWPW
200 403587650 54 58 PWPPPWPWWPPPWPDPPPWWWWWPPWPWPPPWWPWPWPPP
400 89 64 57 PWPWPPPDWWPWPWPPPPWPPPWPPPPWWWPPWPWPWWWW
200 243029767 20 14 WWPWWWWPWPPWWWPWPPPWWDPPWPWWWWWPWPPPWPWW
200 28461772 32 23 WPWWWPWPPPWWPWPPPPPWWPPWWWWPWPWPPPWDWWPP
200 472480787 17 99 PPPPWPPDWWPPPPWWPPPWWPWPPPWWWWPPPPWPPPPW
400 47 35 18 PDWWWPWPWPPPPPPPPPWWPWWWWWPPPWPPWPPPPPWW
400 16 64 35 PPPWPPPPPPPPWWPPWWWWPPPPPDPPPWWPWPPWWPWP
200 615339568 82 76 DPPWWWWWPPPWPPWPPWWWWWPPPWPPPPWWPWPWPWPP
200 66258558 52 10 PPPPWPDWPPWWPPWPPPWPWWPPWPWPWWPPWWPPPPWP
400 92 93 57 PPWDWPPPWPWPWWPWWPPPWPWWPPWWWWPWWPWWPWWW
300 946637031
200 389490094 44 36 WWPPWWPPWWWPWWPWWWWPWPWPPPPWWPDWWWPWWWWW
200 686912742 21 41 DPPWPWPWWWPWPWPWPPPWWPPPPWWPWWWPWPWPWWPW
400 47 85 1 WPWWPPWPWWWWPPPPPPWPPWPPDPWWPPWWPPPWWPPP
400 87 25 54 WDPWWWWWWWPWWWPWPWWPWPWWPWWWWPWWWWPWPWWW
200 550798805 10 84 PPWPWWPPWPWPPPWPWPPWPWWWPPWPPDPPPPPWWWPP
300 587626263
200 343471889 19 46 WWPWPPWWPWWPPPWWWWWPWPWWWWPWWDWPPPWPWWPW
200 776450341 34 88 WPPPWWWPPPWPWWWPWWPWPPPPWPPPWPWPPWPWDWWP
200 276347982 23 40 WPWWPWWPWPWWPWWPPWPPPWPPWWWWWWPPDPWPPWWW
200 145786612 93 84 WPWPDPPPWWPPPWPPPWPPWPPPWPPWWPPPWPPWPWWP
400 24 60 55 WPWWPWPPPPPWDWPPPWWPWPWPPWPWPPPWWWWPPWPP
200 25146079 35 31 WPPPWPWPPWPPWWWWWWWWPPWPPWWPPPWWWWWDWPPP
300 439628730
200 460722700 9 78 PWDPPPWWWPWWWWWWWPWPWWWPPWPWPWPWWWPWPPWP
400 39 90 34 WPWWPPWPPWPWPWPWWWWWPWWDPWWWPPWPPPWWPWWW
200 681207648 25 70 WPPWWWPPPWPDPWWPPWWWWWWPWPPWWPWPPWPWWPWP
200 791675003 43 15 WPPWWWPPPWWPPWWPPPPDWWPPWWWPPWWPWWWPWPPW
200 126327535 36 95 PPWWPWPDPPPWWPPPWWPWPPPWPWPWWWWPPWPWPWWP
200 815785653 26 1 WPWDWPPWWPWPWPPWPWWPPPWWWPWPWPPPPPPWPWPW
200 970161212 98 26 PPWPPDWWWWPPPPWPPPPWWPWPPWWPWWPWPPPWPPPP
200 621924999 97 73 WWWWWWPPPWPWWPPPPPDWPWWPPPWPWWPPPWWPPWWW
200 945970979 34 37 DPWPPPWPPWPPWPPWWPWPWPWPWPWWPWPPPWPWWPWP
200 137602404 16 28 PPPWWWWWPWPPWPPWPWPDWPPPWWPPWPWWWWWWPPPP
200 26431051 5 85 PWPPPPWPWPPPWPWWPPPPWPWPPWPWWPWDPPWWPWWW
400 90 92 57 DPWWPPWWWWPPPPPWPPWPPPWWPWPWPWWWPPPPWWPW
400 46 96 38 PWWPPWPPDPWWWPPWPPPPPWPPPWWPPWWPWWPWWPWW
200 332787920 91 5 WWWWWWPWPPPPPPWPWPPPPWWWWWWWWWWPDWPPPPWP
200 188881628 37 56 PWPWPWWPWWPPWWPPWPWDPWPPPWWWPPWPWWPPPWWW
200 280957192 71 3 PPWWWWWWPPPPPPWWWWWWWWWWWPWWWPWPWPPPDWWW
200 813445213 74 37 PDPWPWWPWPPPPWPWPWPPWWWPPPPWPWWPWPWPPPPW
300 668825836
200 498765909 3 4 PWWPPPPWWWWWPPPWPWWPPPWWPWPWPWDWWPWWPWPW
400 17 38 42 PWWPPWPPPPPPWPWPPWWPWPWWPDPWPPWWWPWPPWPP
200 580092209 71 82 WPWPWPPWPWPPPPWPWWPPPWWPWWPWDWWPWPWWPWWP
400 41 91 40 PPWPPPWWPWWPPPPWPPPPDPWWWWPPWPPWWPWPWPPP
200 830509269 87 60 WPPWWPDPPPPWWPPWPWPPWPWPPWPWWPPWWPWWWWWW
200 244125854 15 13 PWPPPWDPWPPWWPWPPWPWPPPPPPWPWPPPWPPPPPPP
200 627451472 98 13 PWPPWPPDPWPPPWWWPWPPWWPPPWWPPPWWPPWPWWPW
400 8 60 69 WPPPPWPWWPPWPWPPPWPWPWWPPWWPWPWDWWWPWWPW
200 465362019 32 57 PPWWWPWWWPWPWWWWWPPWDWWPPWWPWWPPWWPPPPPW
200 235327378 43 25 WPPWDWWPPWPPPPPPWWPWWWPPWPPWWPWPWPWPWWWP
300 2640056
200 636504767 50 32 WPWWPWPPWWWPPWWWPPPPPDWWWWWWPPPPWPPPWPWP
200 288846273 44 56 WWPWPPWWWPWPWPPPPPWWWPPPWPPPPPPPWPPPWWDW
200 13759819 88 66 PWPPPWPWWWPWWDWPPPWPWWWWWPPPWPWWWPPWPWPP
400 95 20 39 PPPPWWWWWWWPPPPPWDPPWWPPPPPPWWWWPWWPWPPP
200 756511233 58 33 WPPWPWPWPWWPPWWPPWPWWPWWWWWWWWWWWWWWWPDW
200 211968710 98 2 WWPPWPWWPWPWPPPPWWPPPWWPPWWWPPWPDPPPPPWP
200 331169311 100 28 PPWWWPWWWWWPWPPWWWPPWPWWPPWPPPPWPPPPPWWD
200 48027251 31 12 WPPPPWPWPDWPWPPPPWWWPPWWWWWWPPPWWWWWPWPW
200 332198945 53 2 PPPPWPPPWWPPPPPWPWDWPPWWWWPPWPWWWPPPWWWP
200 793584657 83 67 PWPPPWPPWPPWPWWPWWPWPWWPPWPPWWWPWPPPDWPP
400 66 45 19 PWPWPWWPWPWPPDPPPWWPPWWPWPPWPWWWWPWPPPWP
200 69977667 67 10 WPWPWPPPPPPPPWWWWWWPWPPPPPPWPPWPWWWDWPWP
400 54 5 56 PWPPPPWWPWWPPPPPPWPPWPPWPPWPWPPPPWWPDPPW
300 642324231
200 472587915 19 69 PPWWWPWPPPDPWPWWPWPWPPPWPPPWWWWPPPPPWWWW
200 885746789 38 72 PWWWWPWWPPWWWPWWDWWPPPWPPWPPWPWPPWWWPPWP
200 46107293 94 58 WPWPPWWWWWWPWPWWWWPPPWWPDWPPWWPPWPPPPWWW
200 277307585 64 45 PWPPWWPWWPPWPPWPWPWWPWWWPPWWWPWWPWDWPPWW
300 758174515
200 467095756 56 62 WWPWWWWWWWPWWPPPPWPWWPWWPPPPPWWPWWWWPWPD
200 566548235 72 47 PWPWWWWWWPPWWWPPDPPPPWPPPPPPPWPPWPPWPPWW
400 36 92 21 PPPPPPPWWPPWPPPPPPWPPWDWWWWWWPPWWWPWPPPW
400 97 47 35 WPPWWPPWDPWWWPWPPWPPWPPWPWPWWWPPPWPPPWPP
400 56 32 18 PPPWPWWPPPPWPPPWPPWWWPWWWWWWWPPPWWDWPWWW
300 985080427
300 860522957
200 554953123 54 67 WWWWWWWPWWPWWPWWWPPWPWPPPPWPDWWPWPWWWWPP
300 410914923
400 63 39 19 PPDWWWWWPPPWWPPPWWPWWWWPPWPWPWWWPWPWPPWP
300 721262111
400 76 15 38 PPPWPPWPWWWPWPPPWWWPWPPDPPWPPWPWPWPWPPPW
400 78 54 51 WPWPWWPWWWWPWWPWWPWWWPWPWPWPPWWPWPWDWWPP
200 71715442 66 53 WPPWWPWPWPPPWPPWPWWWWWWPDPWPWWPWPWPWPPPP
200 122677377 19 95 WWWWWWWWWWPPWWPWWWWPWPPWWPWPPDWPPWPWWWWW
400 3 46 21 PPWWWWWWPPDPWWPWPWPPWWWPPPWPPWWPWPWWWWWP
200 902790487 7 50 PDWWWPPWWPPPPPPWWPPPWPPPWWWWPPPPPWPWPWWP
300 297629120
200 23670487 58 59 PWPWPPPPWWPWWWPWWPWPWWPPPWPPWPWDWPPPPWPW
300 254327738
300 522189133
200 343673453 14 88 PWWWPPWWWWWPPPWPPWPWPPWWWWWPWPPPPPWDWPPP
200 599679394 68 66 PPPPPWPPPWWWWPPPPWWWWPPPWPPPDWWWWWWWWWPP
300 773598322
200 164358242 49 82 WWWPWPPPWWPPPPPWWWDPPWWPWPPPPWPWWWWWWWPP
200 89464914 21 36 WPPWPPPPPWWDPPPWPWWPWWPWWWWPWWWWPWPPWWPW
200 684633500 54 30 PPPWWPWPWPPWPPPPPWPWPWPWWPWWDWPPPWPWWPWP
200 637899895 57 49 WWWPWWWWWWPWPPWWWWWWDWPPWWPWPPWPWPPPWWPP
400 99 44 40 WWWPWWWWPPPWPWPPWWWPWWWPPPPPPWPWPPPWWDWW
400 42 98 38 PWWWPPPWWPWPWPPWPWPPWPWWPPPPWWPPWPPWPWDP
400 28 37 39 PWWWPPWWWPPPWWPWDWWWPPPWWWWWPWWWWPWWWWWP
400 27 75 40 PWWWWPPPWDPPWPWWWPPPWWWWWWPPPPPWWWWPPPWP
200 38446068 80 30 WWPWWWWPWPWWPPWWWWPPPPWPPWPPPWPPWDPPPPWW
200 843864438 87 96 PWPPWPPDPWWPWPPWPWPWPWPPWPWPPPPWWWWPWPPP
200 229667177 9 80 WPPPWPPPPPWPPWPPWPWWWPWPWPWPWPPPPWPPPDWP
300 343471889
200 983702418 49 38 PWPWWPPPWPWPPPPWWWPPPWPWPWWPWWWPWWWPWDPW
300 654752456
200 617049025 73 77 WPPPWPPWPDPPWWPPPWPPPWPPWWPWPWWPWWWWWWWW
300 246002163
200 478624851 41 50 PWPPWPWWDPPPPWPWPWWPWWWWPWPPWWWWPWWWWPPP
200 164216613 72 75 PWPPPWPPWPPWPPWWWWPWWWWWWPWPPDPPPPPWWWPW
200 845106855 2 42 WPWWWWPPPPPWWPPPWWPPPWWPPWDWPWPPWWPPPPWP
200 988774330 86 90 WWPWWPPPPWWWWDWWPPPPWPWPWWWPPPPPPPPPPWWP
200 14798856 14 27 WWWWPPPPPWWWWWPWPWWPWWWWPPPPWPWPWWWDWPWW
300 89464914
200 628191642 64 4 WPPPWWWWWPPPWPWWWWPPWDWPWWPWPWPWPWWPPWPW
200 9422717 57 52 WPWWWWWWWWWWWWPWPPWPDPWPPPWWPPPWWWWWWWWP
200 14250348 70 16 PWWWWPPPWPPWWWWWPPWWPPPWPDPWPPPWWPPWPWPP
400 33 41 53 WWWDPWWWWWWWWWWPPPPPPWWWPWPWPWPPWPWPWPPW
200 795910804 9 58 WWPPWPPWPWPPWPPPWWPPWWWWPPDPPWWPWPWPPWWP
300 236429683
200 462891001 44 8 PWWPWWPWPWWWWPWWPWWPPWPWPPPPWWWWPPWPWDPP
200 504250520 38 18 WWWWPWPPPPPWPPWPPWPWWPWWPPWWPPPWPDWPWWPW
200 139749763 94 64 PWWPPWWWWWDWWPWWPPWPWWPWWPPPWWPWPPPWWWPP
200 15229720 35 40 PWPPPWPDWPWWPPPWWPPPPPPWPWWWWWPPWPPPWPWP
200 906998349 40 21 PWPWDPPWPPWWPPWWWWWPWPWWPPWWWWPWWPWPWWPW
200 31592143 44 34 PPPWWPPPWWDWPPPPPWWPPWPWWWWWWWWWWWPWPPWW
300 793584657
400 99 11 58 PPWWWWWWDPPPWWPPWPWWPWPWWPWWPPPPWWPWPPWP
300 954842852
200 375592751 75 82 WPWPPWWWWPWPWPPPPPWWPWPWWWDPPPPWWWWWPWPW
200 901817132 9 41 WPWPWPPWWPPWWPPPPPWWPPWPPWWPWWWPPPWDWWPW
200 229796641 70 58 WPPWWWPWPPPPPWPPWPWWWPWPPPPWWWWPPWWPWWDP
300 62943331
200 840257419 25 41 PPPPWPPPPWWWWWPPWPPWWPWPPPPWPWPWWWWPPDPW
200 670203506 13 8 PPWPWPPPWWPWWPPWDWPWWPWWPPWPWPPPWWPPPPWP
200 344793398 66 78 WWPWPWDWWWPPWWWPWPPWPWWWWPPPWPPPPWWWPWPW
200 303551779 35 33 PWWPPWWPWPPWPWWPPPWPPWPPWPPWWPPPWDPWWWPW
200 889635599 6 88 WWPWWPPWPWPWWPPPPWPWWPWWPPWPWWWWWPPWWWWD
200 532825897 81 78 PWWPWWPWPWPWWWDPPPPWPWWPWPPWWPWWPWWWWPWW
200 405562120 84 65 WPPWPPPWPWWPWPWPWPPDWPPWWWWPPPPPWPPPWPWP
200 872244351 63 61 PPPWDWPWPPWPPPWPPPPPPPWPWPPWPPPWWPWWWPPP
200 390097007 38 80 WWWWWWWPPWWPWPPWPWPDWWPPPWWWPWWPPWPPPPPW
300 176748517
300 846994110
200 981355906 60 31 PPPWWPPWPWPPPPWPPWPPPWPPWPWPPPPWDWWPPPWP
400 1 52 39 WWPWPPWWPPDWPPPPPWWWWWPWPPWWPPPWWWPPWWWP
200 461395351 56 3 WPWPPWPPWWWPWWPWPPPWPPPPWWWWPWPDPWPWPPPP
300 25146079
400 34 9 44 WPWWWPPWPDPPWWPPWPWWPWWPPPWPWPWPPWPWPWPW
200 472084160 9 89 WWDWWPWWPWWPWPPPPWWWWWPWWWWWWWWPWPWPWPPW
300 14250348
300 873825705
300 122677377
300 329356317
400 11 100 71 WPPPWWPPWPPPWWPWWPWWPPPWPPDPWPWPWPWWPWPP
200 470718126 19 89 PPPWWWPPPPWPPWPWWWWWWPWWPPPPWPWPPPPWDPPP
300 3196818
200 661877071 65 82 PWPPPWPPPPPWPPWWWWPPWWWWWWPPPWDWPPWPWWPP
200 818300792 30 32 WPPPWPPWPWPDWWPPWPPPPPPPWWPWWPWPPPWWPPWP
300 519944921
200 879195945 68 72 PWWWWWWWWWDWPWWWPWPPPPPWPWPPPWPPWWPPPPWP
400 20 29 44 WPPPPPWWWWPWDWPPPPWPPWPPWPPWWPPWPPWPWWWP
200 230671576 36 94 PPPWWPPWPPWWWPWPWWPPPPWPWWPPWDPPWPWPWWWP
200 608414788 30 18 WPWWPPPWPWWWPWPWPPWPWPWPPWPWDPWPPPWPWPWP
400 38 14 37 WWPWPPWPPWPWPWPDPWWWPWPWPWWPPWWWPWWPPWPW
200 594780710 22 52 WPPWDPPPPPWPPWWWPWWPWPPWWWPPWWPWPWWWWPPW
200 110681946 38 41 PWWPPWWPPWPPWWPWPDWWWPPWPPPWPPPWPPWPWPPW
200 930215387 87 73 PWWPPWPWPWWWPWWWPWWWPDWWPWWWPPPPWWWPWWPP
200 797711821 29 41 PWWWWPWWPPWWWPPPWWWWWWPPPWPPPWWWDWPWPPPW
300 618232129
300 773785772
200 850963934 60 29 PPPPWPPPPPWPPWPWWWWDPPPPWPWWWWWWWWWPPWWP
300 124911670
300 627858925
200 923194983 26 49 WWWPWWWWPPWPWWWWWWPWPWWPWPWPDPWWWWWWPWWP
300 57147558
400 97 41 36 PWWWWPPPPPPPWWWPWWWWPWWWPWPPWWPPWPPPDWWW
200 915580032 78 8 PPPWWWWWPWPPWWPPWWWWPPWPPWWWPWWPWWPWWWPD
200 123281937 56 10 WPWWWPWWPPWPPPWPPWPPWWPPWWWPPPWPDPWWWPPW
300 407617473
200 863100021 79 82 WWDWWWPPPWPWWPWWPWWPPPWPWPPWPPPPWPWPPWWW
400 32 13 44 WWDPWWPPWPPPPPWWPWWWPWPPPWPPPPPWWPWWPPWP
200 989808733 72 16 WWPWPWPWWWWPPWWPPWPWWWPDWPWPPPPWWPPWWPPW
200 613992349 64 61 PWPWWPWPPPWPPPWPDPWPWWWWWPPWPPWWPPWWWPPP
200 418874074 19 95 WWPWWDWPPPPWWWWWWPPPPWWWPPPPWWPPPPWPWPWW
200 740812820 82 1 WPWPPWWWWWWWWWWWPPWWWWPWPWPPWWWWWWPDPPPW
200 967550982 80 84 PPWPDWWWPPWPPWPPPPPPPWPWPPWPWPWWWPPPPPPP
300 156714159
400 93 73 55 WWPPPPPPWPWPPPPWPWWPWPPPWPPPPDPPWPPPWPPP
300 830509269
200 930229795 60 7 WWWWPWPWPWWWWPWWPWWPWPPPWWWWWDPWPWPWPWPP
200 15198313 19 58 WDWWWWPWPWWWWPWPPPWPPWPWPPPWPPPWWWWPPWPP
200 95978772 20 16 PPPPWPPPWPPPPDPPPPPPPWPPPPWWPPWPPPWWWPPW
200 705449026 60 69 PWWWWPWPDWWPWWPWWPWWWPPWPWPWPPPPPWPPWPWW
300 576800411
200 188613246 3 5 PWWPPWWWWWPPWDWPWPPPPPPWWWWPWWPWWPWWWWWP
300 229796641
300 617049025
200 713168562 5 38 WPPWWPPPWWWPPPPPWPWPPPPWWWPWPWPWWPPPPPPD
300 331169311
300 681207648
400 18 76 35 WWWPWWPPWPDPPPPWWPWPWPPWWPWWPPWPPPPWWPPP
400 16 3 32 WWWWPPWWPWPDPWPPWWPPWPPPPWPWPPWWPPWWPWPW
400 93 55 38 PWWWWPPPWWPWWWDPWWPPWWPWPPPPPWPPPPPPPWWW
200 209957826 11 21 PPPWPPWPPWPWWPPPWPPWWWWPDPWWWPWWPWWPWPPW
200 771952034 14 46 PWWWPPPPWWPPPPPPPWWWPPWWPWPPWPWPPWPWDWWW
200 31824503 2 61 WPWPPPPWWWPDWPPWWPPPWPWWWWPWPWPWWPWPWWPW
400 62 25 21 WPPWPWWPPPWPPWPPWWPDWWWPWWPWWWWWPWPWPWWW
200 828792686 93 86 WPWWPWPWPWWWDWPPPPPWPPPPPWPPPPPWWPWPPWPP
200 46698595 96 38 WWPPPWDWPPWPWWWPWPPPPPPWPPPWPPWPPPPPWPWW
200 13567190 66 98 PPPWWWPPWWWWWWPWPPWWWWPPWWPPPWPDPPWWWWWW
200 686131038 49 97 WWPWWWWPWPWPPPPWWPWWWWWPPWWPPPPWPWWPPDWP
400 88 57 35 PWPPWWPPDPWPPWWPWPWPPWWPPWPPPPWWWPPWWPWP
200 814234216 77 91 WPPPWWPPWPWWWPWPPPPWPWWPPPWWPPWDPPWWPPWP
400 55 70 39 PPPPDPPWPPWPPWWPWWPWWWPWPPPPWWPWPPWWPPWP
200 681991872 14 94 PPWPWWPPPWPPPPWPWPWPPWWWPWDPWPPWWWPPWPPW
200 200449493 54 83 PPPWWPWWWDPWPPWPPPWPPWWPWWWPWWWPWPPPWWWW
200 804977823 88 79 WPPWWWPWPWWPPPWPPWPWWWWPWWWPDPPPWWPPWPPP
200 226133001 67 2 PWWPWWPDWPPPWPWPWPWWWPWWWWWWPPPWPPWWPPWP
200 285569960 87 13 PWPPWDWPPPWPWPWPPWWPPPWPPWWPWWPWPWPWPWPW
300 684633500
300 38446068
400 64 91 19 WWPPWPWWWPPWPWDWWPPPPWWWWPPPPPWPPPPWPWPW
300 699065935
200 340902661 42 6 WWPPDWPWWWWWPWPWWPPWWPWWPWWWPWPWPWPWWPPP
400 6 71 37 WPWWWWWWWWWDWWWWPWPWPWWPPPWWWWWWPWPPWWPW
200 159062009 95 35 PWPPPPWWWWWWPPWPWWPPWPWPWPPPWPPPPDPPWWPP
300 145786612
400 69 26 41 PWWPWPPPPPPWWWWPWPWPPWWPWPPPPPWDWWWPPPWW
200 174907109 64 29 WWPWPWWPWWWWPPWPPDWWPPWWPPPWPWPPWWWPWPPP
300 229667177
200 389492621 63 25 WPWWWWDPPWWPPWWWPWPPPPWPWPWWWPWPWWWWPPWP
200 824682520 27 17 PWWWWPWWPWDWPPWPPPPWPPWPPPPPWWPWPPPPPPWW
400 25 1 37 PWPWPPWWWPPWWPPPPPWPWPWPWDWWPWWPWPWWPWWP
200 317161361 82 20 PPWWWWPWPWWWDPPPPPPPPWPWWWWPWPWPWPPPPPWP
200 386225435 98 100 PPWPPPWWPWWWWWPDWWPPPWPWPPPPPPWPPPPWPWPP
300 129846083
200 696907263 47 39 DPWPWWWPWWPWWWWWWPPWWPWPWWWPPPWWWPWWWPPW
200 882286244 61 97 PWPWPWWWWWWWWWPWWPPPPPWWWWPPPPWPPDPWWPWW
400 46 63 40 PPPWPWWWPWWPPWPWPWPPWPWWPWWWPWWPPWWDWPWP
300 945577421
200 208114600 95 98 WWPPWPWWWPWWWWWPPDWWWWPWWPWPPPPWPPPWWWWP
200 637792571 55 91 WWWPWWWPPPPWPPWPWWWWPPPPDPWWWWWWPWPWPPPW
400 64 43 18 PDWPWWPWWWWPPWPWPWPWWWWWPPPWWWWWWPPWWWPW
200 239552305 33 4 WWPPPPWWPPWPWWPPWWPWWPWWPDWPPWPPWWWWWPPP
400 16 20 1 WPPWWPWWPPPPWDWPWPWWPWPWWPWWWPWPPWWPPWPW
400 60 34 53 PPWWWPPWPWWWPPPPPWPDPPPWPWWPWWPWWPPPPWPP
200 991625347 68 89 PPPWWWPPPWPPWWPWWWWWPPPPDWWWPWPWWWPPWWPW
200 495453883 15 81 PWPPDPWWPWPPWWWPWPWPPWWPWPPPWWWWWWWPWWWW
200 580857977 9 71 PPPWPWWPPPPWPWWPWPPWPPPWPPWPDWWWPPWWPPWW
200 827452967 55 26 PWWWWPPPWPPPWPPPPWWWWWPPPPPPPPWWPPPPWPPD
400 47 8 20 WWDPPWPPWPWPPPPWWWPWPWPPPPWPWWWWPWWWPWWP
200 821647593 44 50 PWPWDPWPWWPWWWPWWPWPWPPWWPWWPPWPWWWPWWWP
400 99 73 36 PWPPWPPDPWWPWPPPWPPWPWPPPPPPPWWPWPPPWPWP
400 98 38 19 WPWPPPPPWWPWWPPPDWWPWWWWPPPPPWPPWPPWPWWP
400 28 81 17 WPDPPPWWWWWWPWPWPWWPWPWWPPPWPWPPWPPPWWWW
200 901311338 96 29 WPPWWPPWWWPPWWPPPWWPWWWDPPPWWPPPWPPPWPWW
200 670675678 6 81 WPPPPWWWWWPPWWWPWPDPPPWPPPPWWWPWPWPWWWWW
400 37 94 40 PPWWPPPWWWWPPWPPWWPPWWPWPWWPPDWWPWWPWWWP
200 531062451 42 27 PWPDPWPPPWWPWWPPWPPPPPWWPWWPWPPPWWWWWPPW
200 314581305 28 83 PPPPWPPPWDPWPWPWWPPPWWWWPWWWWWWWPPWPWPPP
200 556502698 9 43 WWWPWWPWWWPPPWWWWWWPPWWDPWWPPPPWWWWPWPPP
400 19 71 20 DPPPWWPWWWPWPPPWWPWWPWWWPWPWWWWWWPWWPPPW
200 979040240 68 26 WWWPWWWPWWWPWWWPPPDPWPPWPWPWPWWWPPWWWWWP
200 436785375 95 91 PPPPPWPWWPPPPPPPWWWWPPPPWWWWWWDPWPWPWPWP
200 871514279 50 81 WWWPWWWWPPPPWPWWPPWPPPDPWPWWPWPPWWWPWWPP
400 72 84 38 PWWWWWWPPPDPPWPPPPPWPPWPWWWPPPWWWWPWPPPP
200 531048140 21 64 PPPPPWWPWWWWWWWWWPWPWWWPWPWWWWPWPPDPWPPP
400 55 95 17 WPPPWWWWWPPWPWWPPPWWPPWPPWWWWWWPPPPPPWWD
200 914866107 82 67 WPWPPWWWPWPPWPWPPPPPPPPDWPWWWPPWPWPWPPWP
300 713165706
400 17 94 24 WPPPPWWWWWPPWWWPPWWWWWDPPPWPWPPPPWWPWWWP
200 429162071 22 18 WWPWWPWWWWPPPPWWPWWPPWPWWDWWPWWPPPPPWPWW
400 89 22 41 WPPWPPDPPPWPPWWPWWPWWPPPWWWWPWWPWWPPWPWP
400 63 10 40 PPWPWPWPPWPPPPPWWPWPWWPWPWPWPWWPWWPWDWWW
400 23 55 41 PWPPPPWWWPPWPDWPWPWPWWPWPWPPPWWPWPWWWPWP
300 73834207
200 866056696 40 42 PWWPPPPPWPPWPWWWWPPWPPPPPWDWWPPPPWWPPWPW
200 777698145 25 81 WWPPPPPPWWPPWPPWPPPDPWPPWPWWWWPPWWWWPPWP
200 58009483 78 57 DWPWWPWPWWWWPPWWPWWWWWPPPPPPPWPPPPWWPWWP
200 563147278 58 73 PWWWWWPWPPPPPWPPWWWWWPPPWPWPWWDWWPPWWWWP
300 217194228
400 35 27 34 PWPWPPPPPDPPWPWPPWWWWWPWPPWWPPPPWPPPPPWP
400 58 16 37 WWWPPPWPPWPPPPWPPPPPPPPWPDWWPWPPWPPPWPWP
200 737365140 87 30 PPPWPWPWPPWWPWPWWWWPWWWPPPWDPWWWWPPPPPWP
200 280839519 21 27 PWWPWWWWPWPWWPWPDWPWWPWWWWPWPPWWPPPPWWWP
400 99 27 16 WWDWPWPPWWPPWPWWPPWWPPWPPWPWPWPWWWPPPWWP
400 34 52 38 PPWPWWPPPPPPWWWWWWWPPWPDWWWPWPWPPWWPPWWP
200 908474317 2 51 PPPWWWPPWPPPWPPPPPWWWPWWWWWWWPWPWWDWWWPP
400 32 36 39 WPWPPPWPWPWPWWWPPWWWPPWWWWPPWWWPPDPPPWPP
400 44 11 18 PPPDWPWWWWWWWWWPPWWPPPPPWWWPPPWWPWPPPWPW
300 959507387
300 436785375
200 604499482 6 5 WWPPWWWPDWPPPPWWWWWPPWWWPWWWPPPWWPPPWPPW
400 28 70 51 WWWWPPWPWPWPWWPPPPWPWPWWWWWPPPPPDWPPWPWW
200 742248036 43 97 WWWPWPPPWWPWPWWWWWPDPPWPPPPWPWPWPPWWWPWW
400 3 75 35 PWWPWWPWWPWPPPWPPWPPWDPPWWPWWPWWPPPWPWWW
200 66314223 34 52 PPWPPWPWPWWPWWPWWPDPWWWWPPPWWPPPPWPWPWPP
200 81268512 81 42 PWPPPWWPPPWPWWPDWPPWPPPWWPPPWWPWPWWPPWPP
400 86 30 41 WWWPPPPPWWPWDPWPWWWWWWWPWPWPPWPPWWPWWPWW
300 835125272
200 704319149 58 23 WWWWWPPPWWPPPWPPWWPPWPPPPWWPPWWWDWWWWWPP
400 10 79 16 WWPWPWPWPPWPWPPWPPPPPWWDWWPPWPWWWPWWPWWW
400 52 88 18 PWWWWPPWDPWPWWPWWWWWPPWPWPPWPWPPPWPWWWPW
400 6 36 24 PWWWWPPPWPPPPPPWPPPWWWPWPWPDWWPWWWWPWPPW
400 62 66 52 PWPPWPWWPDWWWPWWPWWWPWWPPPPPWPPWPPPWWPPW
200 675252875 87 48 DWWPPWWPWPWWPWPWPPPWWWWWWPWPWPPPWWPPWPWW
400 33 66 19 WWWPWWPWPWWPPPPPPWWWWWPPWWDWWPPPWWWPPWWP
400 82 64 34 WPPPWPPWPPPPPPWPPWWWPWWWPWPWWPPWPDPWWPPW
400 29 12 31 PWPWWPPPWWWPPPWPPWPWPPWPWPWWPWWWWWWWWPDP
300 337677357
300 863100021
200 106519359 80 48 PPPPPWWWPWPPWPPWPPPPWWWPWPPWPWWWWPDPWPPW
300 494943637
400 74 76 37 PPWPPWPPWWPPWPWWPPDPPPPPPWWPPPPWWWPWPPWP
200 261394149 41 46 PPPPPWWWPPPWPWWWPWWPWPPWDWWWPPWPWWWPWWWW
300 701727102
400 93 2 38 PPPPWPWWWWWDPPPPPPWWPWPPPPPPWPPWPWPPWPWW
200 914012903 12 37 WPWWPPWWPPWWWPPPPPWPWPWPWPWDWPPPPPPPWWWW
400 76 21 33 WPPWWWPPWPWPWPPWPWPWPPPPPWPPWDPWWPWWPWPP
200 314611644 5 75 PWWPWWWWWWPWWPWWWPPWWWWWWPWPPPWPPDPWPPWW
400 12 28 56 WWPPPPPPWPPWWPPDWPWPWWWWWPPWPPPWWWPPWWPW
451
100 100 50 200
297975343 2 14 PWPWPWPPWWPPWWPWWWPWWPPPPWWWWWWWPPPPPDWPPPWPPWWWWW
786169410 14 45 WWPWWPPWWPWWWPWWWPPWWWDWPWPPPWPPWPPPPPWPPWPWWPPPWP
86027687 87 37 WWWPPWWPWWWWWWWWPPPWWDPPPWPWWPPPWPPWWWWWPPWWWPWWPW
988255135 65 95 PPPPWPPPPWWWPPWWPDWPWPPPWWWWPWWWWWPPWPPPWWPWWPPPPP
300835331 27 61 PPWPPWPWWPPPWPWPWWPWPPWWWWWWWWPPWWPPPWDWPPPPWWWWWP
473694771 63 43 PWPWWWWWWPPWPWWPPPWWPWWPPWWPPWWWWWPPPPPPWWWWWWWWDW
435648140 58 32 WWWWPWPWPPPPPWPPWWPWWWPWWPWPDWWPPPWWWWPPPWWPWPPWWP
722496707 35 11 WPPWWPWPPPWWWWDWWPPWWPWWWWWWPWWPWWWWWWPWWWWWPPWPPW
581590279 88 20 PWWPPPWPWPWPPWWWWPWPWPPWWWWWPWWDPWWWWPWPWWPWWPWPWW
520032287 15 60 WWPPPWWPWPPPWPWPWPWWWPPPPWPPPWWPPPWWWWWWWWWPPDWPPW
842400647 38 46 PPPPWPWWPWPPPWWWWPPPWPPPWWWWPWPWDPPPPPPWWPPPPPWPWW
802050295 45 92 WPWWPPWDPPPPPPPWPPPWWPWWWPWPWPWWPPWWWWPPWPWWPPWWPP
998801031 86 34 WPWPWWPWPPWPWWPWPPWPWWPPDWWPWPWPWWWPPWPPWPWWPWWWWW
29846012 100 50 PPPPWWPPDWWWPPPPWPPPPWWPWWWWWPPPWWPPWPPPPWWPWPWPPP
2948453 100 94 WPWWPWWPWWPWWPPWWPWWPWWWPPWPPPPPPPPWPWWPWPWPPPPDPP
861224940 85 9 WPWWDWPWPWWWWWWPWWPWPWWPPWWWWWWPWWWPWPPPPPPPWWWWPP
52551122 99 5 WWWPPWWWWWPPWWWWPPWWWPWPPPPPDPPPWWWWPWWPPWWPWWPWPW
466973781 10 54 WWPPDPWPPWWPWWWPWWPWPWWWWPWPWPPWPPPWWPPWPWWWWWWWWW
949997281 70 84 WPPPWWPPPPWPWPWWPPWWPPPPWWPPWWWWWWPWWDPWPPWPWWWPPW
706398512 63 41 PWWWPWDWPWPPPWPPWWPWWWWWPWPPWWWWWPWWWPPPWPPWPWWWPW
158609061 44 7 WWPPPDPWPPWWPWWPPPWPPPPWPWPWPWWWPWPWWWPWPWPPPPPPWW
299833000 97 53 WWPPWPPWPPWWPPWWWWWPWPPPPPPPPPWPPPWWWDPPPWPPPWWPPW
6960562 13 21 WPPWWWWWWPWWPWPWPWWPWWWPWWPWWPPWWWDPPPWWWWWWWWPPPW
577423785 72 59 WWPPPPPPWPWPWWPWPPPWWPWWWPPWPWWPPPPDPWPPWWPPWWWPPP
536259030 9 42 WWPPPDWPWWPWWPWPPPPWPWWPWPPPWPPWWWWPWWWPPPPWPWWPPW
833875205 69 25 PPPPPWPPWPPWPWWWWPWPDWWPPWPWWPPWPPWPWPPWPWWPWPPPPP
162186715 16 87 PWPWWPWWPWWPDPWWWPWWPPPWPWPWPPPPWPPPWPPPPWWWWWWWWP
754217045 9 13 WPPWPWPWPPPWPPWWPWPWWWPWWPWPPWPWPWWDPPPPWWPWPWPPWW
944133698 4 42 PWPPWWWPPWWPPWWPWWPWPWWPPPPPPWPPWPPPWWWWPWWWPPWDPP
521766628 52 95 WWPWWDPPPPPWPWPWPWPWWPWWPWWWPPPPWWWWPWPPWPWWWPPWWW
204720943 63 3 WWPPPWWPWWPPPWPWPDPWWWWPPWWWWPWWPWWPWWPPPPWPPWPWPP
482403904 89 27 WWPWWPPWWWPWWWWWWWPWPWWWPPPWPWWPPPDWPWPPWWPPPPPWWP
301972985 72 71 PWPPPPWPPPWPPWPWPPPWWWWWWPPPWPDWWWPWPPPWPWPWPPPPPW
25912647 97 79 WPDPPWPPWWPWPWPPWPPPPWWWPWPPWWPPWWPWPWWWWWPWWPWPPW
17315107 90 18 WWWPPPWWWWPWWWWWWPWWWPPPPWWWWPWPWPPPPPPPWPWPWWWPDW
218510791 59 82 WWWPPDPPWWWWPPWWWPPPWPPPWWWWPWWWWWPWPPPPWPPWWPWPWW
641620904 19 79 WWWPPWWPPWWWWWPPPPPWPWWPWWPWWWDWWWWWPWWPPWWPPPWPPP
22542865 100 68 PPPPPPWPWPWWWPPWWPPPPPWPPPWWPWPWPPPWWWPWWWDPPWPPWW
964327641 47 56 WPPWPPPPPPWWPPPPPPWPPWPWPWWPWWWWPPWDWWWPWWWPWPWPWP
260459788 52 33 PPPWDWPPWWWPPWPPPPWWPPPWWWWWPPPPPPWWPWPPPWPPWPPWPW
327699526 93 60 DPPWWWWPWPWPWPPWWPWPPWWWWWWWPWWWWPPWWPWPWWWWWWPPWW
569971365 100 61 PPWPWWPWWPPWWPPWPWWPPWPWPPPWWWPPWPPWPWWWDPPWPPPPWW
912233833 55 61 PWPPWPPWWWWPWPPPWWPPWPPWPWWPPPWWPWWPWPPWPPWDPPWPWW
702756793 71 55 PPPWWPPPWDPPPPPPPWPWWPPPPPWPPPPWWWWWPPPPWPWPPPPWPW
65474819 11 50 WWWPPWWPWPPWPPWPWWWWWWPWPWWWWWWWPPWPWWWWWWPDPWWPPP
156338115 93 28 PWWPPWWPWWPPPWWWPWWWPWWPWPPWWWWWPPWWPPDPWWPWWWWPWW
485533298 22 10 PPPPWWWWWPWWWPWWPPWPPPPPPWWPPWWPWWWWPPDPPWPPWPWWPP
46590969 73 50 PPWWWWWWWWWPPWPPWPPWPPPPPPWWPWWPPPPWDWPWPPWWWPWPWW
550792558 48 67 WPWPWWWWWWWPWWPWPPWPPWWWPWWPPWWPDWWWPWPPPPWPWPWPPW
267522207 79 82 PPWPPWPPWDPWPWWWWWPWWPWPWPPWPPPWWPPPWWWPPPWPWPWPPW
195670242 32 23 WWWPPPWPPPPPWWWWWWWPPWWWWPPPWWWWPPPPWPPWPPPPPWPWPD
338577075 18 11 PPWWPPPPWPPWPPDPPWWWPWPPWWPWPPWWPPWWWPWWWWWWWPPPPW
833924581 98 71 PPWPPWWWWPPPPWWPPWWWPPPPWPWWDWPWWWWWPWWPWPWPWPWWPW
592086851 62 95 DPPWWPPPWWWWWWPPWWPPWPWWWWPWPWPWWPPPPWPPPWWWWWPWWW
200578562 12 46 PPWPDPPWWWWWPPWWPPPWPWPPWPWPWWPPPPWWWWWPWWWWPPWPWW
97784585 64 10 PPWWPWPWPPWWWWPWPWWWWWDPWWWWWWPPPWWWWWWWPPPWPPPPPW
303424066 4 82 PPPPWWPPWPPPPPDPWPWPPWWWWPPWPPWPPWWWWWWWWWPPWWPPPP
268571687 51 71 WPDWPWWPWWPPPWPWPWWWPPWPWPPWWWWPPWWPWWWPWPWPWPWWPW
66803909 43 68 WWWPWDWWWWPPPWWWWPPWPPWPPWPPWWWWWWPWPWWWWWWPPWWPWW
887240977 20 65 WWWPWWWPWPPWWPPPPWPWPPPPWPWWPWPDPPPWWPPPPPWPPWWWWW
689297604 62 51 WWWPWPWWPPPPWPWPPWPPWWWPPPWWWWPPPWPPPWWPPDPPPPWPPP
174475022 83 88 PPPWPWWPWWWPPPPWPPPPWPWPWPPPWWPPPWWPWPWPPWPWPWDPPP
550838610 28 58 PWWPWWPDWPWWPPPPPWPPWPWPPPPWPWPWPWWWWWWWPWWPWWPWWW
5875155 83 40 WWWPWWPPWWPWWWPPWWWPWPWPPWPPWPPPWWPWWWWPWPPPWWWPDW
593945916 18 24 PWWWWPWPDPPWWPPPPWPPPWPPWPPWWWPWPWPPPPPPPPWPWWWPPP
536975652 38 98 PWWPPWPWWPWPPPWPPWWWPWPWPWWPWPPWPPPWPPWWPDWWPWWPWW
581282511 53 58 PPPWPWWPPWPWWWDWPPPWWPPPWPPWPWWWPWWPPWPPWPPPWWWPWP
995692164 27 87 WWWPWPPWWPPDPPWWWWPWPPPWPWPWPPPWWPPPPPWPPWPPWWWWWW
565035129 73 23 WWWPPWPPWPPWWPPWWWWWWPPPWWPPPWPPPWWWWPPDPPWPPPWWPP
356586582 91 72 WPPWWPWPWPPWWPWPPPPWPPPWWWPPPWPDWPPPWWPPPWWPPPWWWP
477562737 88 86 WPWPWWWPWPDWWPPPWPWWWPPPPPWPWWPPPWPWPPPPWPWPPWWPPP
16715521 9 63 PPPWPPWWPPPPWPPWDWPWWPPWWPPPWPWPWPWWPWPWWPWWPWPPWW
497093621 73 2 WWWPWWPPWPWWPWWWWPWWPPWPWPWPWPPWWPWPPPWPPPDWWWPWPW
641997809 26 81 PWPWPWWPWWPPPWPPWWWWPWWWWPPPPWPPPPWWWDWWPPWWWWWPWW
517072577 74 50 PWWWPPPPWWWPPWWWWWWPWWWPWWWWWWPWPWPWPPWWPWWPWDWPPW
15721358 48 5 PWPWWWWWWPDWPPWWWWWPWWWPWWWPWWPWWWPWWWPWPWWPPPPWPW
229459393 53 54 WPWPWWPPWWPPWWPPPWWPPPWPDPPWPPPWWPWWPWWPPPWPWWPWWW
62952063 12 83 WPPPWPPWPWPPWWWWPWPWWWPWPDWWPWPPPPPWPWWPPWPWPWWPPP
413190705 87 49 PWPPWPWWPWPPPWWPWPWWWWPWPPPPWPPWWWPWPPWWPWPWWWWWDW
530246096 39 1 WWWPPPPPWPWWWPWPPWPPWWPWPWWWPPWWDPWPWPWPPWPWWWWPPW
690370734 8 84 PPPPWWPWPDPWWPPWPPPPWWWWWWPPPPWPWWWWPPPPPWPPPPPPPP
26269917 15 47 PWPPWWWWPWWPPPWPPPWWPPPPPPPPWPDWPWPPWWWPPPWWPPWWPW
796699018 80 68 PWWPPWPWWPWPDPPWWWWPPWPPPPWPPPPPWPPPWWWWPPWWPWPPWW
738647594 5 7 PWPPPWWPPPWWWWWPPWWWWWPPPPPPWWWWWPPWPPWWWWWPPPWPDW
760693861 49 12 PWPPWWWPPWWPWWPPWPWPPWWWPPWWPPWPWPDWPPPPWWWPWPWWPP
992035832 56 93 PWWWWWWWWWPPPPPWWWWPWWPWWWWPWPWPWWWWPWPDPPPPWWWPPW
458016080 94 13 WWWWDPPWPPPPPWWPWWWWWWWWWWPPPWPWPPPWWWPWWPPWWWWPPP
994215883 92 63 WPWWPPPPWPPWPPPPWWWWPWWWPPWPPPWWPPWWWPPPPWWPPPDPPP
50399538 43 5 PWPWPPPWWWPWPWWWWPPPPWDPWWWWWWPWPPWWPWPPWPPPWPPPWP
15252350 54 58 PWPPWPPWPWWWWPWPWPWWPWPPPWWPPWWPPPWPPWWPDWWPWWPWWP
496179819 57 44 WPWWPPPPPWPPPWPWPDPWPPPPPWWWPWWWWWPPPWWWWWWWPPWPWP
728237054 5 46 WWWPPWWWWWPPPWPPPWPWPPPPPPWPDPPWWPPWWWWPPPWWPPPWWW
97975513 55 98 WPWWPWWWPPWWWWPWWPPWPWPWWWWWPPWPDWWWPPPPPWWPWPWPWP
941396875 16 37 WWWPWWPWWPPPPPWWPPWPPPPPWPWPPWPWPPPWWDWPWPPPPWWWPP
449521776 75 28 WWPPWWDWPPWPPWPWWWPPWPPWWPWPWWWWWPPWWWWWWPWPPWPPWP
485646098 94 14 PPPPPWWWPPWPWPWPWPWPPPWPPWWWWPPWWPDWPPPWPPPPPPWWWW
864867652 74 21 WWWWWPWDPWWPPPPWPWWPWWWWPPWWWWWWPPWWPWWPWPWPPWWWWP
693626703 60 35 WPPWWPWWWPPWWWPDPWWPPWPPPWPWPPWWPPPPPPWWPWPWPPPPWW
81650254 91 14 PPWPPPWWWWPWWPPWPWPWPPPPWPPWWPPPPPWDPPPWPWPWPPPPPW
924815035 14 77 WWPWPPWWPWWDWPPPPPPPPPPPWWWWWWPPPWPWPWWWWPPPPPPPWP
449946988 33 51 DWPWPPWPWPWPPPWPPWWPPPWWWWPPPPPWWPWPPPWPWPWWPPWPPP
573186203 47 55 WPWPPPWWPPPPWPWWPPWPDPWWWPWPWWWWWPWWPPPPPPWWWPWPPP
429180523 26 98 WWWPWPWPWPPPPWPWWPPWWWWPPPPWDPWWWWPPWPWWPWWPPWPWPW
351894588 95 12 WWWPPPPWPWPPPPPWWWWPWPPWPPPWWWDPWWWPPPWWPPWWWPPPPP
369987368 37 15 WPWPWDWPPPPWPPWPPPPPWWWWWWWWPPWPWPWWPPWWPWWWPWWWPP
434103024 38 33 WWWWWWWDPPPWWWPPPWWWPWWPPWPWWPWWWWPPPPPWWPPWWPPWWP
891991960 96 15 WWWWWWWPPWWPWWPWWPWPWPWWPWPWPPDPWWWWWPWWPPWPPPWPWP
744121576 39 28 WPPWWPWWPPPPPWWWPPPWWWPWPWWWWPPWDPPPWWWWWWPWWWWPPW
977661113 83 1 WPPWPWPPWPPWWPPPPPWPPWWWWWWPWWWWWPWPWPDPPWWPPPPWWW
686358122 24 56 WWWPPWWWWPWWWPPPWPPWPWPPPWWWPWPWPPWWWPPPDWPPPWPWPP
342057707 61 53 PPDPWWWPPPPPPWPWWPWPPWPWWPPPWWWWPPWPWPPPPWPWWPWPPW
587606600 7 76 WPPDPWWPWPPPPPPWWWWWWWPWPPPPPWPWPPPPPPPPPPPWWWPPWW
315883633 28 83 PWPWPPPWPWWPPPWPPWPWWWPWWPWPPPPPWPPPDPPPPWWWWWWPWW
513230759 86 40 PWPWWPPPWPPPPWPWPPPWPPPPPPPWWWWWWWPPWWWPPWWPWWPDPP
845416197 51 38 PPPPWWWPWWWWPWWPPDWPPPPWPWWWWWWWPPWPWWPWWPWWPWWPWW
570163322 51 37 WPWPWWWWPWWWPPPPWWPPWWWWWPDWPPPPPWWPWPWWWWPWPPPWPP
255568831 17 37 PWPWPWPWPWWPWWPWPWPWWWWPWWPWWPWPPWWWWPPWWDWWPPPPWW
277558076 90 16 WWPWWWPWPPWPWPWPPPWWWPPWPWDWPPPWWWWWPWWPWPWPWPWPWP
912282308 52 27 PPWPWPWWDWPPPPPWPWWPWPWPWPPWPWWWPWPWPPWPWPPWWWPWPP
702778826 4 10 PPWPPPPPPPPWPPWPWPPDWPWWPWWPWWWWPPPWPPPWWWWPPWPWWP
681457784 95 17 WWWPPWPWWPWPWWPPWPPWPWPPWWPPPPPWWPWPPPPPWPWPPWWPWD
804411506 61 65 PWPPPWWWPDPPPWWPWPWWWPWWWPWWWPPPWPPWPPWWWWPWPPWWWW
10615338 54 79 PPPWPPPPPPWWPWWPWWWPWWPPPPWWPPDWWPPPPPWPPPPWPWWPPP
801027983 50 28 WPPPWPPWWWWWWPPPWPWPWWDWWPWPWWWPPPWWWPWWWPPWWPPPWP
954245224 37 63 WWWPPWPWWPPPPPPPWWWWWPPWWWPPWWWWWWPWWWDWWPWWWPWPWW
500643654 47 44 WWWPWPWWPPPPPWPPPPPWPPWDPPWPPWPPWPPPPPWWPPWPPPWWPW
207786892 8 3 PPPWWPWWWPPWPWPPDWPWPWPWPPWPWWPWWWPWWWPPWWPPPWWWWW
25466952 51 30 WPPWPWWWPWWWPPPWPPPPWPWPWWPPWWPDPWPPWWPWWPWWWPWWPW
163643162 48 63 WWWWPWPPPPWWWPWWWPWWWPWPWPWWPPDPPWPWPPWWPPPPWWPPWP
241360288 30 1 PPPWWWPPPDPPWWPPPWPWWWPPWWWPWPPWPWPPPWWWPPPWPWPPWP
201553663 11 15 WWPPWWWWPWWWPPPPWDPPPWWPWWWWPWPPPWPPPWWWWPWPPWPWPP
635525879 7 89 PPPWPPWWWWWWWPPPWWWPWWPPPWPPPPPWPPPWWWWWWPWWWPDWPW
688331235 23 89 WPWPPWWWWWPWWPDWPPPWWWWPWPWPWPWPPWWWPPPPWPPWWPPPPP
600721363 82 65 WWWPPPWPWWWPPDPWPPWPPWPPPWWPWPPPPPPPWWWPPWPPWPPPPP
679070208 85 55 PPWWWPWWPWWPWWPPWPWPWPWPWPDWPWPWWWWWWPPPPWPWPWWPPW
776599485 48 34 PPWWPWWWPPWWPPWPPPWPWWPWPWWPPPWWWPPPPPPDPPWPWPPPPP
385362485 35 81 PPWPWPWWPWPPWWPWWWPWWPPWWWWWPPWPWWWWPWDWPPWPPWPWPW
807049301 94 44 WPPWPWWWWPWWPWWWPWWWPPWPPWPWPPPWPDPPWPWWWWWWPWWWWP
311158114 91 49 PPWWPWPWPPPWPWPWPPDWPWPPWWPPWPWPWPWPPPWPWWPWPWPPPP
404884918 73 59 WWPPPPWPWPPPWWWPWPWPPPPDWPPPPWPWWWPPPPWWWWPWPWWWWW
528373283 16 1 WPWWWWWPWPWPWPWPPPWPWWWPWWWPWWWPWWWPWPPDWWPPPWPPPW
129794751 83 47 PWPWWPWWPWPPWPPWPPPWWPPPPWPPPWPPPPPPPWWWPPPWPPWWDP
694137725 97 73 WPPWWWWPWWPPWPPWWWPPWPPWPWWWPPWPWPPWPDWPWPWPWWPWWP
773674519 55 18 WPWWWPWWWPWPWPDWWWWWWWPWPWPPWPWPWPWWPWPPPWWWPWPPPW
994607920 76 95 PPPPDWWWWWWPWWWPPWPPWPPPPPPWPWPPPPPWPPWPWPPWPPWPWP
958676797 9 69 WWWWWWPPWWWWWWPWWWWPPWWDPWPWWPPPWWWWPPPWPWPPPWWWPW
156092022 83 7 WWPWPWPPWPPPPPPWWPWPPWPWWPPPPPDWWPWWWWWPWWPWWWPWWP
292796111 65 18 WWWPPPWWWWWPWPWWWPWPWPWPPWWPWWPPWWPWWPWPWPWPWPPWWD
566734251 42 68 PPPWWPWPPWPWPPPWPWPPPWWPPPWPWPWWWWPPPPPDWWPWWPPWPW
233773971 69 61 WWWPPWWWPPWWPPPWPWWWWWPWPWPWPPWWPDWWPWWPWPPPWPPPWW
902037960 79 7 PWPWPWWWWWPPWWPPPWWWDPPWPPWWWPPWPWPPWPWWWPWWPWWWPP
965219164 50 80 WPPPPWPWPPPPWPPWWPPPWPWWPPPPWPWPWPWWWWWPWWPWPDWWWP
249578101 6 78 PWWWWWPWPWPPWPPPWPPWPPWWPWWWWPWPDWPWWPWWPPPWPPWWPW
797158957 34 7 WWPPWWWPPPWWWWPPWWPPPWWWPWPWPPPPWPWWPPPWWDPWWPPWWW
333569794 65 6 WWPWPWWWPWPWPWPPPPWWPPPWPWWWWPWWWPPPWWPWWWDWPPPPWW
800173767 100 76 PWPWPPWWWWPWPPWPPPDPPPPPWWWPPWPWWPPPPWWWPWPPPWPPWW
631124418 30 52 WWPPWPPWPPPWPWPWWWWWPWPPWPPWPWPPDPWPPPPWPWWWWWWWPW
580500959 62 74 PWWPPPPWWPWPPPWWWWPPWPPPWWPWDWPPPWWWWPWWWPWPWPPPPP
271571882 90 58 PPWWPWWPWWWWWPPWPPPPPPWPWPWPWPPWWPPPPWWWPPPPWWPPDP
105233052 31 87 WWPPWPWPWPPPPPWPPPPWPWPPWWWWWPWWWWWPPWPWPWWWPWPDPW
324838856 67 23 PWWPPWWWPWWWPWPPWPWPPWWPWWWDPPPPWPWWWPWWWPPWWWPPWP
94537262 24 62 WWPPWWPWPPWWWWWDPPWPWPWWPWPPPWPPWWWPWWWWPWPPWWWPPW
902079023 30 36 WPPPPWWPWPWWPWWWWPPPWWWPWWPWPWPWWPPPWPPWWDPWPPPPPW
20492189 22 65 WWWPWWPPWPPWWWDWPWWPWWPWWWWWWWPPPPPPWPWWPPWPWWWWWW
822491234 79 61 WWWPDPWWWWPPPPWWWWPPPWPWWPPWWPWPWWWWWWPWPWWPPWWWWW
783481895 11 1 PWPWWPPDWPWPWWWWPWWWWPWWWWWPWPWPWPWWPWWPWWWPWPWWWP
238561650 24 94 WPWPPWWWWWWPWPWWPWPPWPWWPPWWWPWWWWPPWPWPWWPWPDWPWP
313048510 53 33 PWWPWPWPPPPPWPPPWPWDPWWWWPPWPPWWPPWPWWPPWWWPWWPWWP
51312189 30 43 WWWPWPWPPPPWWPPPPPWWWWPDWWWPWWWWWWWPPPWWWPPWPWPWWP
762166404 78 72 PWPWPWPWWWPWPWPPWPPWWWPPWPWWPPWPWPWWPPPPWPDWWWWPWW
258899607 26 1 WPPPWPPWPWWWWPWWPPWWPPPPWDPWWPPPPWPWPPWPPWPWPPWPWP
665503072 14 4 PWPWPWWWPWPWPWPPWWWWPWWPWPPWWWWPPWPWPWPWWWPPPPPDPW
746764869 47 33 PPWWWPWWWPPWWWPWWPPPPWPPPPWPWWWPPWPWWDPWWWPPPWPPWP
811622141 73 37 WPWWWPPWWPPWPPWPWWWWWPWPWPPPPWPWWPWPWDWPWPWWPPWPWW
670967053 59 64 WWPPWWPWWWPWWPPWPWWPPPPWWWPWWWPWWWWWPPWDPWWPPWPPPP
52333005 79 77 WWPWPWWWWPPWWWPPPWPPPPPWWPWWWPWWWPWWWWPWWPWPWWPDWP
51487567 99 61 PWPWWPPPPPWWWPWPPWPWPPPPWWWPWWPPPWWWWDWWWWWWWWWPWW
465251051 94 67 WPWDWWPWPPWWPWPPPPPPPWPPPWPPWPPWPWPPPWPWPWPPWPWWWP
796014812 95 61 WWPPWPWWPWWWWPDPPPWWPWPWPWPWPWWPWWPWPPWPPWWPWPWPWP
833298675 2 43 WPWWPWWPPWWPWPPWPWWPWPPPWPPWWPPPWWWPWPPPPPPWWWPWWD
695531016 32 93 PWWWPWPWPPWWPWPPWPWPWPPWWDPPPPPWPPPPPWWWWWPPPPPWPP
213649236 83 58 DWWPWPWPWWWWWWWWWPPPPWWWWWPWWWPPWPWWPPWWPPPPPPPWPW
240553277 29 74 WWPWWPWPPWPWWWPWDWPWPPPWWPPPWWPWPPPPPWWWWWWWPPPPWP
800620320 94 10 PWPPPWWPPPPWWPPPDPPWWWPWWPPPWWWWWWWPPPPPPPPPPPPPWW
103385351 86 75 WPPWWWPPWWPWPDWWWPPWWPWWPWWPPPPPWPPWPPPPWPPPWWPPWW
54794781 2 9 PPWPPPPWWPWPPWPWWPPPWWWWPWWWPPWWWWWWWWPWWDWWPWWWWW
481287189 12 85 WPWWWWPWPPPPPPWWPWWPWWWWPPWDWPWPWPPWWPPWWWPPPWPWPP
81728442 45 64 PWWPWPPPPWWWWPPWWPPWWPPPWWPWPPPPWPPWDPWPPWPWPWWPWW
984616741 6 41 PWPWPPWWWWWWWPWPWPPWPPWPPWWWWDPWWPPPWWPPWWPWPPPWWP
389421122 21 41 PWPPWPWWPWPWDPWWWWPPPWWWWWPPWWPWWPWWPWWWWWWWPWPWWW
42390039 58 62 WPPPWPPWPWWWWPWWPWPWWPWPWWWWWDPPWPPWWWPPWPPPWWPWWW
651564 64 96 PWWWPPDWPPWWWWWWWWPPWPPWWWPPWWWWPWWPWWWWPPWPPPWWWP
152975976 48 17 WPPWWWDWWPWWWWPPWPWWWWWPWPPWWWPPWWWPPPWPWPPPWWPWPW
615600596 9 28 WPWPWPWPWWPWWPPPPPPPPWWWWPWWWPPWPPWDPWWPWWPPPWPWPP
621302023 69 52 WPWWPWPWWWWPWPWWWPWPWPPPWWPWPWWPPWPPWWPWPDPPPPWPWW
392583024 33 71 WWPWPDWWPPPWPPPPWPPPWPPPPPPWWPPPWWWWWPPWWWPWWWPWPW
45112404 47 98 WPPPPPPPPWWWWWWPWPPPWPPWPPPWWPPPPPPWPWWWWWWPWWWDPW
68294748 70 21 WWWWWWPPWPWWWWPWPPWPPWWWWPWWWPWPWPPWWWPPWPWPWWDPPW
19981112 89 16 WPWDPWWPWWWPWWPPPPPPPPPPPWWPPWWWWPWWWPWPWWPPPPPPPP
340210193 94 51 WWWWWWPWWWPPWWPWWPPPWWPPPWPWWPPDWPPWWWWWPPPPWPPWWW
200 104283783 13 22 WPWPWPWPPWWDPWPPPWPPWWPWPWPPWWWPWWWPWPWPPWWWWPPWWW
400 75 86 1 WPPPPPPPPPPWPPWWPWWWWPWWPWWPWWWPDWPWPWWPPPWWWWPWWP
200 175266693 76 54 PWPWWPWPPWPWWPWPPPWPWWPWPWPWPPPPWPWDWPWWWPWPWPPPPW
300 15252350
200 51689239 80 57 PWWWWPWPDWWWWWPPPPPPPWWWPWWPWWWWWPWPWWPWWWWWPWPPPW
400 35 11 1 WPWWPWPPWPWWPWWWWWWWPPWWWPWWPDPPPPPWPPPWPPWWPWPWPP
300 776599485
200 325862055 59 20 WPPPPPPPPPWWPPWPWWDPPWPWPPWWPPPWPPPWPPWPWPWWWPPPWP
300 998801031
300 195670242
400 45 66 -1 PPWPWWWPWPWPPPWWWDWWWPWPPWPPPWWPPWWPPPWWWPWWWPWPPW
400 19 62 71 PWWWWWPPPPWPPWPPPPPPWPWDPWPWPWWWWWWPPPPWPPWPPWPWWP
300 988255135
300 861224940
300 303424066
300 81728442
200 774843550 42 71 PWPWPPPDWWPPWWWPPPWWWWPWPPWWPWWWPPWWWWPWWWWPWWWPPW
400 77 30 66 PPPPPPWPWPWPWPWPWWWWWPPWWWPPWWPPWWPPPWPDWWPWPWWWWP
200 308675818 77 45 DWWPPWWPPWWWPWWWPWWWWWPPWPWPPWPPPWPPWWWWWWWPPWPWWP
400 81 93 49 WWPWPPWPWPPPWWWWPPWPWPWPWPDWPPPPWWWWWWWWWPPPWPPPWW
200 221886184 92 96 WPPWWPWPWWPWPWPDPWWWWPPPPPPPWPPPWPWWPWWPPPWPPPPWPW
300 536975652
200 673974525 99 17 WPPPPPPWPDWPPWPWWWPPWWPWPWWPPWWPWWPPPWPPWWWWPPPWWW
300 760693861
400 71 23 63 WWDWWPWWWWPPPWPPWPWPWWWPPWPWWWPWPPWPPWWWPPPWPPPWWW
400 26 40 57 WWPDPPPPWPPPPPWWWPPWWPPPPWWPWWPPWWPPPWPWWPPPWPWPWW
200 468854492 51 21 WWWWPPWWWPWWWWWPPPWPPPWPDWWWPWPWWWPWWWPWPWPPPWPPWW
200 680963506 12 67 WWWWPWPPWWWWPPPWWWWPWPPWPWWWWPPWPWWPPWPWWPPWWPPPPD
200 937330842 59 9 WDWWWPPPPWWPWPWWPWWWWPWWWPPPPPPPWWPWPPPPWWPPWPWPPW
400 56 89 73 WWWWPWPWPPWPPWPWWPPPPWWWWPPPPPWWDWWPWPWPPPWWPPWWWW
400 10 43 73 PPWPWPPWPPPWPPPWPPWPWWWPPPPWDWPWPWWPWPWPPWWPWPWWPW
200 529267536 92 55 WPWPPPWPPPPPPPPPWWPPWPPPWWWWPPWWWWWPPWWWPPPWDPPPPW
400 1 57 70 PWWWPPWPPPPWWWPWWWPWWWPPPPPWDPPPWWPWPPPWPPWPPPPWWW
400 7 35 69 PWPPPWPPPWPWPWPPWWWDWWWPPWPPPWWWPWWPWPWWPWPWWPPWWP
400 99 30 51 WPWWWPPWPPPPWWWPWPDWWWPPWWPPWPPPPWPPWWPPPPWPWPWPWP
400 85 23 41 PPPWPWPWWWPPPPPWWWWPWWWPPWWWWPPWWDPWWPPWPWWPWPWPPP
200 159988582 2 40 PPPPWPWWPPWWPWWPPPPWWWPWPWWWWWPWPWWWWWPPWPWWPPDWWW
400 17 2 46 WPPWPWPWPWPPPWWPWWPDPPPWPWPPWWWPPWPPWPPPWPWPWWWWWW
200 723162889 80 39 PPWPPWWWWPDPPWWWPPPPWPPWWPWPWWWPPWPPPPPWWWPPWWWWPW
200 96734551 48 11 WPPPWPPWPWWWPWWPPWWWWPPPWDWWWPPPWWWWWPPPPPWWWPPWWW
400 3 41 23 WWWPWDPWWPPWPWWPPWWPPPWPWWPWPPPPPWPPWPPWPPWWPWPWPW
200 892807340 99 88 WWWPPWPWPWPPPWPWPWPWWPPWWWPPWWPWWPPWPPPWDPPPPPWPPP
200 609433598 98 83 PWWPWWWPPWPDWPPPWPPPPWPPPPPPWWPPPWPPPPPPWPPWWPPWWW
200 818280434 80 37 PWPWPPPWPWPWPPWPWPWWPPWWDWPPWWPPPPWPWWPWWPWWPPPWWW
200 664324126 63 74 PWPPPPPDPWWWPPPPWWWPWPPPWPPWPPWPPWWPPWWWPWWPWPPWWW
300 333569794
300 833924581
200 926190631 68 49 PWPDWPWWWWPPPWWPWPWPPPPPPWPPWWPPWPWWWWPPPPWPPWWWPP
200 219418139 21 97 PWPPWPPWPWPPPDWWPWWWPWPWPWWWWPWWPWPPPPWWWPPWPPWWWP
200 466228700 54 96 WWWPWPWWWPWPPWPWWPWWWDPWPWPPWPPPWWWPPWPPWWWPWPPPWW
200 580243049 43 92 WPPPWPPWWPPWPWPWPPWPWWWPPWWWPWWPWWPWPPPDPPWPPPPPWW
400 89 29 90 PWWWPWWWWPWPWWPPPPWWWWPWWWWWPWWPWWPWWPPPPPWPWPWDWW
200 446533422 85 42 PWPWWPWWPWWPPWWWWWPWPPPPPPPPPPWPPWPPWWWDPWPWPPWWPW
200 73228649 33 8 WWWPWWPWPPWWWPWWWPPWWPPPPWWPWWWWPPPWPWWPDPPPPPWWWP
400 52 25 27 PWWWWWPWWPPPPWWPWPWWWWPPPWPPWPPWPPPPWPDPWWPWWPPPPP
400 36 96 71 WWPWDPWWPWWWPWPPPPPWPPPPWWPWPWPWWWWPWWWPWWPWWPWPPW
200 612803976 28 41 WWPWPWWWWPPDPPPPPPPWWWWPPPPWPPWWWPWWWPWWPWPPWPPWPW
300 786169410
400 83 29 72 PPWWPPPPPWPPPWWWPPWWWWWWPWDPPWPPWWPPWPWWPWWPPWWPPP
200 577783987 41 71 PWWPPWDWWWWPPWPPWWWWPPPWPWWWWPPPWPWPWPPPPPPWPWPPWW
200 71883531 80 4 PPWWWWPWPPPWPWWPWWWPWWWWWDWPWPPWWWWPWWWWWPWPPWWWPW
400 61 2 53 DPWWWWPPWPWWWWWWPWPWWPPWPPPWPWWWWPPWWPPPPPWWPWWPPP
300 783481895
200 858656693 77 82 WWWPWPPPWWWDPWPPPPPPWPWPWWWPWPPPPPWWPPPPWPWPPPWPPP
400 2 29 69 WPPPWWPWPWPPWWPPPWPPPWPPPWPWWPPWPWWWPWPWWPWWWDWPWP
200 599151430 2 65 WWWPPPWPPWPPWWPWPPPWDWPPWPWWWPPWWWPPPWPWPPWWWWPPWW
200 410484753 72 30 WPPPWPWPPWWWWPPPWPWWPPPPPWWPPPWWWPPPPPPWDWPWWWPPPP
200 423547834 69 56 PWPWPPWPPWPWWWWWPWWWWDPWWWPPWWWPWWWWWPWPWWPPPPWWWW
200 404297062 11 60 PWPPPWPWWWWPWWPPPWPPWWWWWPWWWWWWDWWPWPWWPPPWWWPWPW
200 376862258 8 18 PPPWPWWWPPPPPPWWPWWWWPPPPWWWPWPWWPWWPPPPPDWWPPPWWW
400 12 6 82 PPWPWPPWWPPWPPPWWPWPPPPWWPPWPPPWPWWWWPWPDWWPPPWWPW
200 363077900 17 39 PPWWWPPWPPPWWWPPPPPPWPDPPWPWPWPPWPWPPWPPPWPWPPWWPP
200 84833816 33 78 WPPWWDWWWWPWPWWWWPPPWPPPPWPWPWWPWWPWWPWPPWPPWPWPPW
200 389870823 13 8 PWWWWWPPPPWPPWPPWWWDPWPPPPPWWWWWPPPPWPWWPWPPPWPWWP
200 659699929 50 13 PDPPPPWWPWPPWWWWPWPWWPPPWWWPPWPWWPWPWPWPPWPPWWWPPW
200 457080005 85 77 WWWWWWWWWWPPWPWPPPWWWWPPDWWWPPWPWPWWPPPWPWPWPWWWWW
200 633487239 68 70 WPPWWWPPPPWPWPPPWWWWPPPPWPPPWPPPWWWDWPWPPWPPWWPWWP
200 551609669 49 90 WWPPPPWPWWDPPWPPPWPWPWWWPPPPPPPWPWPPWPWPPPPWWPPPWP
200 846591125 67 89 PWWPPPWPPWPWWWPWWWPPWPPWPWWWPWWWPDPWWPPWWPPWWPPPPW
400 88 43 51 PWWWPPPPPWPWWWWPWWWWDPPWPPWPPPWWPWWWPWWWWWPWPPPPPW
200 228666010 71 35 WPPPWWPWWPWPPPPDPWWWPPWWWPPPPPPPPPPWPPPWWPWPWPPWWW
400 47 46 45 WWWWWPPWWPWPWWWDWWPPPPPPWPPPPPWWPWPWWWWWPPPWPPPWWP
200 361552613 86 52 WPPWWPWPDWPWPPWWPPPWWPWWWPPWPWWPWWWPWWPPPWWWPWWPWW
200 49680885 21 40 PPPPWPPPPPWPPWWWWPWDPPPPPWWWPPPWPWWWPPWPPPPWWWWWWW
200 652659484 46 14 PWWPWPWPPWPWWWPPPPPWWWWPWPWWWWPWWPPWPWWWDPPPWPPWPP
400 76 66 -1 PPPWWWPPWWPPPWWWWWPPWPWPPPWWPPWPPWWPWWPDWPPPWWPWPW
200 231608757 38 11 PPPWWWWWWWPPPWPDPPWPPPPPPWPPPWWPPPWPPWWWPPWWWPWPPW
200 161376116 67 98 WPWPPWWWPWPPWWWWPPWPPWPDWWWWPWWPPPPWPWWWPPPWWWPPWW
400 13 42 26 WWPPPPPWPPPPPWPWWPWPWPPDPPWPWWPWPPPWWPWWWPPPWWPWPW
200 45399575 60 90 WWWPWDPPPWWWPWWWPWWWWWPPPWPPPPPPWWPWWWWPPPWPPPPPPW
300 797158957
300 842400647
400 48 65 48 PWWPPPPDPWPWWPPPWWPWPWWWWPPWPWWWWWPWPWWWWWPPWPPWWW
200 915441919 7 59 PWWWPWPPWPPPPWWPDPPWPPPWWPWWWPWPWWPWWWWWWPWWPPPWPP
300 68294748
200 61449555 97 59 WPWPPWWPWPWPDWPPPPPWWPWPWPPWWPPWPWWWWPWWPWWWWWWWWW
200 662305921 32 30 PPWPWWPPPWWPWPPPPWPPPPWWWPWWWWPWWWWPWWWWWPPWWDPPPP
300 376862258
200 73728774 80 88 PWPWWPPPPPWPPDPPWWWWWPPWPPPPWPWPPWPPPPWWPPWWWWPPWP
200 850069478 99 78 PPWWWPWPPWWWWWPWWPWWPPPWPPWPWPWPWWPPPPPWPPWWWPPDPW
400 1 3 70 PWPPWWPWPWWPPWPPWPPWPPPWPWWWPPPPPWPWPWWPWWPDPPWWWP
400 15 45 51 PPWWPPPWWWWWPPWWWWPWWPPWWPWPPPWWPWWPWDWPPWWPPPPPWP
200 346357683 23 57 WWWWPDWWWPWPPWPPPPPWWPPWWWWPWPWWPPWWPPPPPWWWPWWWWW
200 649807427 95 57 WWWWWWPWWPWWPWWPPWWPPWPPWWWPWPPWPPDPWPWPPPWPPWWPWW
200 968859229 47 60 WWWPWWWPPWWWPPWWPWPPPWPPPWWPPPWPWWPPPDPPWPPWPPPWPW
400 44 2 50 PPPWWPPWWPWPPWPPPPPPWPPWPWWWWWWPPWPWDPWPPWPWWPPWPW
200 877964440 46 34 WPPWWWPPPWWPPWPWPPPPWDPWWPPPWPWPWWPWWWWWWWWPWPWWPP
200 380743732 44 28 WPWPPWWWPWPPWPWWWWPWPPDPWPPWWWPPPWPPWPWPPWPPWPPWWP
200 437715557 27 33 WPWPPPWPWPPPPPPPPPPWPPPWWPPWWPWPDWPPWPPWPPWWWWPWWP
300 51487567
300 680963506
200 112655100 61 56 WWPWPWPPWWPWWWWPWPPWPWWWPWWPWWDWWPPWPPWPWPPPPPWPWW
200 401257731 7 12 PWPWPPPPWWWPPPWWWWPWWPPWWWWWPPPPPWWPWWWPWPPWWWWWPD
400 73 98 44 WPWPWPPPWPPWPPWWWWPWPPWPPWWPWWWWPPWPPWWWDWWPWPWWWW
200 669405778 37 77 PPWPWWPPDPPWWWWPWWPWWPPPWPPPPPPPPPPWPPWWPWWPWWPPWP
200 780094827 60 13 PPPPWPWPPWPPDWWPWWWPPWWWWPPWWPPWWWWPWWPPPWPPWWPWWW
300 229459393
300 722496707
200 370119989 76 39 PWPWPWPWWPWWPPPWWWWPPPPPWWWPWWWWWPPWPPWWPPWWDWWWWW
200 9438513 36 72 PPWWWWWPPWWPPWWPPPWWDPPWWPWPWPPPWPWWPWPPWWWPPPWPWW
300 338577075
300 662305921
200 291780233 1 61 DPPWWWWPPWPWPPWWWPWWPPWWPPWWPWWWWPWPWPWPWWPPWWPPWP
200 684211649 99 92 WPWPWPWWWPPWPPPPWWPPPPPWWPWWPPPPPPPPWPWWPPWWDPWWPW
400 59 92 41 PPWWPWPWPPPPWPPWWWWPWPWPWPWPWPPWDPWWWWPWWPPPPPWPPW
300 158609061
400 58 97 24 PWWDPPWPPPPPWWPWWWWWWPPWWPPPWWWWWWPPWPWWPWPWWWWPWW
200 464774732 14 20 PWPWPWWPPPPWPPWWWWPWPPPWWPPPWWDPPWWWWWPPPWWWPWWPPW
300 481287189
200 88791488 95 66 PPPPWPWWPPPPWWWPWWPPWWWPPPPPPPWWWPWPPWPPPWWDPWWWWW
200 570580595 3 44 PPWPPPPWWWPPWWPPWPPPPPWPWWWWPWWWWWWPDPPWWPWPWWWPPP
400 12 29 70 WPWWPWWWWWWWWPPPPPWPWPPPWPWWPWWPWPWPWWPPWPWPPWDPPP
200 23362542 17 80 PWWPWDPPWPPPPPWWPWPPWWWPWWPPWPWWWWWPWWWPWPWPPPPPPW
400 16 11 49 PPPWPPWPWPWWPPPDPPWWWPPPPPPWWPWPWWPPWWPPPPPPWPPPPP
400 84 76 75 DWWWPWPWWWPPWWWWWWPPWPWWWPWWPWPWWPPWPPWWPPPWPWPWPW
200 202488393 57 47 PPPPWWPPPPWPWPPPWWPPPPPWPPPWWWWPWPWWPWWWWPDPPWPWPW
200 799284342 91 51 WPPWWWPPWPWPWPWPPPWPWPPWPPWPPWPWPPWWPDWPPWPWPPWPWP
400 87 14 43 PPPPPWWPWWPWPWWWWWDWWWPPPPWPWWPWPPWWPWWPPPPPWWPPPW
400 59 100 50 PPWWPPPWPWPWWWWWWPPWPPWWWWPPWPPPWPWPWPPDWWPWPWWWPW
300 958676797
200 830635059 65 62 WPWWWPWDPWWWWPWPWWPPPPPWWWPPPPWPPWPWWWPWWWPWPPWWWP
200 938512550 73 3 WWPWWWWWPWWWWWPWPPWPPWPWWWPPPWPWPPWWWPWPWPPWDPWPWW
200 746130187 2 62 DPPPWWWPWWPPWWWWPWPPWWWPPWWPWWPWPWPPPWPPWPPWPPWWWP
400 45 29 75 PDPWWWWWPPWPWPPPPPPPPWPWPWWPWPPWWPPWPPWWPWWWPPPPWP
400 9 99 49 PWWPWPWPPWPPPPWWPWWPWWPWWWPPPDWPPPWPWPWWPPPPPPWPPW
200 31147302 26 94 WPPPDPPPWWWWWWPPWPWPPPPWWWPPWPWPWWPWWPWPWWPWWWPPPW
400 25 29 122 WPWPPWPPPPPDPPWWPPPWPPWPWPWPPPPPPWPPPPPPWWPPWPPWWW
400 79 40 40 PWWPPWPPPPWPPWPWWPPPPPPWPWPPPPPWWPPWDWWWPWPPWWPWPW
200 811280716 3 96 WDPWPWPPWWWPPPWWPWPWPWPWWPWWWWWPPWWWWPPPWPWWWPWWWP
200 985448642 39 68 PWPWWPPPPPPPPWPPPPPWWWPPPWPPPPPWPPPWPPPPPWWWPPWWDP
400 44 61 47 WWPPPPWPWWPPPWWWWPPWWWWPPWPPDWPWWPPPWWPPWWWPWPPWWP
200 88278856 47 45 PWPPWPWWWWWPWPPPPWDPPPWWPWPWWWWWPWPWPWPPPPWPPWWPPW
200 76919919 86 62 WWWWPPPPWPPWWPWWWWPPPWWPDWWWWWPWWWWWWWPWPWWPPPWPWW
200 504381399 95 5 PWWPWWWWWWPPWWPWWWWWWPPWWWWPWPPWPWWPWPWPPWWPWPDPPW
200 302211345 53 11 WWWPWPWPWPPWWWWWPPWPPPWWWWPPPPWPWWPWWPPPWWWWWPWPDP
300 268571687
400 27 72 45 PWWWPWPWPPWWPPPWPWPWPWDPPPWWPPWWPWPPPPWPWPPPPWWWWP
200 204369521 95 35 PPWWPPWPWWWPWWPWWPPPWPWPWWWPWPWDWWPPWWWWPWWWPPWPWW
200 846932347 50 84 WWPPPWPWPWWPWPDWPWWPPPWWPPPWWPWWPWPWWWPPWWWPPPWWWW
200 30060972 30 67 PWPPWWWPWWPPPPPWPPWPPWPPPPWPPWPPWPWWWDPWWWWPWPWPWP
200 980542102 72 38 PWPWWWWPWWPWWPWWPWWWPWDWPPWPPPWPPWPPPPWWPPPPWPWPPP
200 25324190 75 19 WPPWWWWWWWPPWWWPPPWWWWPWWWWPPPDPPPPPPWPPPPWPWWPPPP
200 371294784 52 59 WWPPWWWWWWPWPWPPPPWWWPWPPPWPPWPWWWPWWWPPWPWPWWDPPW
300 609433598
300 497093621
200 60609631 36 38 PPPPPPWWWPPWPWPWPWWPPPWPPWWWWPWWPWWPPPPWWWPPWPWDWW
200 975529946 25 53 WPWPPWPPPWPDWPWWWWWPPPWPPPWWPPPWPWPWPPPPPWWPPWPWPW
400 16 3 44 WPDPPWPPWWWPWPPPPPWPWPPPWWPWPPPWPPWPWWPPPWPPPPWPWP
300 485646098
200 925883527 73 1 PPPWWWWWWPWPWWPWPPPPPPPWPWWWPWPPWPWWDPWPPPPPWWPPWW
200 427416201 44 9 PWPPWPWWDPPPWPPWWWPWPPWWPWPWWWWPPPWWWWPWWPWWPWPPPP
200 265553116 79 71 WPWPWWPPPPPWWPPPPWPWPWWDPPWPWWWPWWPWWWPWWPPWWWPPPP
200 418389847 72 79 WPPPPPWPPWWWPPWWWWPWWWPPWWPWPPWWWPDPWWWWPPPPPPPPWW
200 62591635 60 80 PPPWWWPPPPPPPWDPWWPPPWWWPWWWWWPPPPWWWWWWWPWPPWWPWP
400 26 43 40 PPWWPPPWPWPWPPPWPPWWWPWPPPPWWPPPPWWPPPWDPWWPWWPPPP
200 675948817 28 88 WPWPWWWWPPWWPPWWPWWPPPWWWPPWWWPWWWPWPWPWPPPPWPWPDW
200 509080761 21 60 PPPWDWWPWPWWPPWPPWWWPWWWPWPPPWPPWWWWWWPPPWWPWPPWPW
200 610645064 77 38 WWWPWPPPPPPWPWWWWWWWPPPPPWPWPWWPPPPWPWPWPWPPWWDWWW
400 70 23 70 PPPWPPPWPWPPPPWDPWPWPWWWWPPWPPPWWPPPPPPWWPWPWWWWWP
400 56 73 40 WWPPPWPWPWPPWWWPWPWWPWWWPPWWPPPWPPWPWPWPWPPDPWPWPW
300 877964440
300 156338115
200 215061385 7 13 PPPPWDWPWWPPPPPPPPWWPWWWPWWWPWPWWPWPWWWWWWPWWPPPWW
400 11 74 22 PPPPPWWPWPPPWPPWWWPPWPPWPWWPWPWWPWWWWPPPWWPDPPPWPP
400 11 23 49 PWWPPWWPPWWPPWWPWWPPPPPWPPPWPWPPPWPWPPPPWPWWWPPPWD
400 95 27 24 PPWPPPWWWWPWPWWPPWPWPWWWPPWWPPPWWWWWPWPWWWWDPPWWPP
300 97784585
200 127885121 25 31 WPPPPPPPPPWWPPPPWWPWWWPDWWWPPPPPPWPPWPWPPWPPWWWWPW
300 702778826
200 850562354 30 88 WWWPWWPPPWWPPPWPWPWPPPPPWWWWPWPWWPPPDPPPPPWWWWPWPP
400 38 85 23 WPWPWWPWPWWPPPPPWWWWWWPWPWPPDPPWPPPWPWWWPWPWWPPWPW
400 74 61 50 WPWWPPDWPPPWWWWPPWWWWWPPWWWWWPWWWWPWPWPWPWPPWPPPPW
400 87 59 46 PWDWWPWWWWPWPPWWPWPPWPWWWWPWWPPPPWPPPWPWWPPPPPPWWP
200 876882072 61 48 PPPWWPPPPWPPWPWPWWWWPPWPWPWWWWWPWPWPPWPPPPWWPDWPWP
300 23362542
200 77789175 51 14 PPWPWPDPWPWWPPWPWPWWWWWWPWWWPWPPPPWPPWPWWPPPPWPWPW
200 922771022 1 27 PWWWPPPPPWPWPPPPWWPPPPPWWWPPPPWWPWWPPPWPPWDPPWPWWW
400 7 90 45 PWPWPPWPPPWPWPPWPWWPWPPWPWWPPDWPWPPWWPPWWWWPPWWWPW
400 73 50 1 WWPPPWWPWPPWWWWPPPWPPPWWWPPWPWWWPPWWWPWWWWWWPPPWDP
200 848322547 41 26 WWWPWPWWWPPWPPPPPPPPWPPDWPWPWWWWPPWPPPPWPPWPPPPPWW
400 93 97 48 PWWWPWPPWPWPWPWPPPWPPWPPWWWWWWWPPWPPWDWWWWPPWWWWPW
200 698597002 65 95 WWPWWWWWPWWWDWWPWPPWWWWPPWPWWWPPPWPPPWWPWWWPPPWWPP
200 754766072 25 60 WWPWPPPWPPPPPWPPWWPPWPPWPPPWWPWPPWPPWPWWWPPPPWDPPP
300 891991960
200 85650553 20 76 PWWWWPWPWWWWPWWPPWWPPWPWWPPWPPWWPWDPWPPPPPWPWWWWPP
400 83 47 1 PWWPWWWWWWPWPPPWPPPWWWPWDPPPPWWWPWWWPWPPWPWWWWWPPP
300 77789175
200 244405913 44 65 WWPPPPPWPPPPPWWWWWWPPPPPWWPWPDWPWPWWWPWPWWWWWPWPWW
200 357093177 56 53 PPWWWPWWWPPWWWWWWWPPWPPDPWPWWWPWWPWWWPWPPPWPPWPWPW
400 66 9 62 PPWPWWWPWPPPWPWWWPPPPPWPPWWWPWWWWPPWPWPWPPPPWPPWDP
400 37 30 23 WWWWWPWPWWPWWPWPPPPWPPWWWPDPWWPPPPPPWPPPWWWPPPPPPW
300 265553116
300 342057707
200 441311805 8 24 WWWPWPWWPPPWPPPPWPPWPWPWWPPWPWWPPWDPPWWPWPPPPWWWWP
200 791517145 42 43 WWPPPPDWPWPWWPPWPPWPWWPWPWWWPWPPWWWPWWWPWPWWWPWPPW
200 299847748 26 93 PWWPPWPWWWWWWWWPPPPWWPWPWPPWPWPWPWWPPPPWPPDPWPPPWW
300 51689239
300 573186203
300 641620904
400 76 80 26 PPWWPWWPPPDWWPWPPWWPWWPWWWWWPWPPPWWWWWPPWPPWPPWPWP
200 12262004 32 65 PPWWPPPPPWPWWWPWWPPPPPWWPPWPWWWWDWPPWPPPPWWWWWWPPP
300 45112404
400 36 94 45 PWWPPPWWWWWPWPPPWPWPPPWWWPWWPWPPWWWPWWWDWPWPPPWWPW
200 97167250 78 16 PWPWWPPWWWWDWPPPPPPWWWWWPWWPPPPWWWPPPWWPWWWPPWWPWP
400 56 90 39 WPWPWPPWPWPWWWWPWPPPWWPDWWWWWWWWWWWWPPWPWPWPWPPWPW
400 28 66 68 WWWWWWWPWWPPPPPWWPPDPWPPPPWWPWPWPPWPWPWWPPPWWWWWPP
200 364566510 3 13 WWPDPWPPPPPPWPPWPWWPPWPWPWWWWPPPWWWWPPWWWPPWWWPWPW
200 567440710 68 60 PWWPWPWPPWPWDPWWWPWPWWWWPPPWPWPWWWWWWWPWWPPPWPPPPP
300 96734551
200 101361175 80 82 PPWPPPWPPWWWPWPWWWPPPWWPPWWWWPPWPWPWWPPWWWWWDPPWPW
200 815691939 98 57 PWWPWWPPPPWPWWWWPPWWWWPWPWPWPWWWPPPPPWPWPWPPDPWWPW
300 437715557
200 978853506 1 67 PPPPPWWWWPWPPWDWWPPWPWPPPPWWPPWPPPWWWPWPWWWPWWWWWP
200 834958654 35 55 PPPWPPPDPWPPPPPWWPWPPPPPPWWPPWPWWWPPPWPWPPPPWPWWWP
300 833875205
200 149534365 12 10 PWWPWPPWPWWWPPPPWWWWPWWWWWWWPWDWWPWPPWWWPPWPWPPPWP
200 267494352 19 83 WWPPPWWWPPWPWWWPPPWPPWPPWWWPWWPWWPPPPPPPPWWPWPWPPD
400 18 38 64 WWWWWWWPWPWWWWPWPWPDPWPPPWPWPWPWWPPPWWWPWWPPWWWWPP
300 912282308
200 808005654 9 38 PPPPPWPWWWWWPWPWWWPPPWPPPWWPWWPPPWPPWWWWWDWPPWWWPP
200 602712475 74 35 PPPWPWWPWWPWPPPWWWWPPWDWPWPPPPPPWWPPWWWWWPWPWWWPPW
400 81 19 64 WWPPPWPWWWPPPPWWPPPPPWWWPPPWWPPPPPPWWWWWWPDWWWWPWP
200 627307565 23 77 WWWWWPPWWPPPPWPWPPWPPWWPPWPWWPPWPPPPWWWPWWPWDWPWPP
400 26 58 46 PPWPWWWPPWWWPWPWPPWWWPPDPWWWPWWWPWWPWWPPPPPWWPPWPP
200 527565570 59 45 WDWPPPPWPWPPWWWPPWPPWPPPPWWPWWPPWPWWPPWPWPPWWWPWWP
200 245294901 83 31 WPPWWWWWWPPPWWWWPPPDWPPPWPWWWPPWPPWPWWPWWWPWWPWPWP
300 255568831
300 551609669
300 228666010
200 280775635 16 76 PWWWWPPWPWWWWPPPWPPWWPWWWPWWPPWPPPWWPPPPPPDPPWWWPW
300 527565570
200 83092773 20 6 PWWWPPWPWWWPPWPWPWPWWPWWWPPPPDWWWPPPPPWPWPWWPWWWPP
300 587606600
400 87 8 68 PWPWWPPWPWWWWDWWWWWPPPPWPWPPWWWWWWWWPPPWPWWWWWWWWW
200 245648516 32 59 WPWWWWPWPPWWWPPWPPPPWPPPWPPPWPWPWPPWWPWPPWPWPPWWPD
400 97 31 41 PWDWPPPPPWWPPPWPWWPPPWWWWPWWPPWWPWWWPPPPPWPPPWPPWW
300 902037960
400 87 84 71 PPWPWWPPWDWWPPWPWPWPWPWWPPWWWWPWPWPWWPWWWWWPWPPPPW
400 41 53 48 PWPPWDWPWWWPWWWPPPWPPPPWWWPPWWPWPPWWWWPWWWPWPWPPPP
400 20 17 47 PPWPPWWPPPPWPPWPPWPPPWPPWPPWWWPWWWWWPPWPWPPPWPDPWW
400 96 73 25 WWPWWWPWPPPWWPWWWWWPPWWWWWDPWPWWPPWWWWPWWPPWPWWWPW
400 1 4 41 WWWPPPPPPPWPPWPPPWPPPPPWWWWPWWWWPWWWWPWPPWWDWWWPPP
200 79420392 88 31 WPWWPWWWWPPPWPWWWWPPPWPPPPWPPWWPPPWWPWPPWPWPPPDWWW
400 12 96 52 PPWDPWWWWWWPPWWPWPWWWPPWWWWPPPPWPPPWWWPPWPPWPPPPPP
300 954245224
400 91 62 24 WWPWWPPWPWPPWPWPPWPWWWPWPDWWWPPPPWWWWWWWWWWWPPWWPW
200 87798605 12 13 PWWWWWWWPPPPWWPPWPPWPWWPPWWWWWWPPPWPPPPPPDWPPWWPWP
300 985448642
200 6089568 37 79 WPPWPWPPPWWWPPPPWWWPPDPWPPWPWWPPWPWWPWPPPPWWPPWPWP
300 800173767
200 784520326 82 28 WPWWWPWPWWPWWPWPWWPPWWWPWWPPPPWPWPWWWWPPPWWPWPDPPW
300 207786892
200 25369778 38 94 PWWWPDWWWWPPPPPPWWPPPPWPWWWWPPPWPPWWWWPWPPPPWWPWPP
200 655052173 46 97 WWPPPPWPDWPWPPWPWPWPWWPWWPWWWWWWWWWWPPPWPPPWWWWWWW
200 947107505 41 33 PWPWPPWPPWDWWPPWWPWPPWWWWPWPPPWWWPPWWPPWWWWPWWPWPP
300 159988582
200 937075930 37 63 WPPPPPPPPPPWWWPPWPWWPWPWPWWPPWPPWWPWPPWWWPWWPPDPWP
200 519048330 15 89 PWPWWWWWPPPPWPWWWWPWWWWPDPWWPWPPPPPWWPPPPPWPWWPPWP
300 202488393
200 977749661 36 35 WPPWWWWPWPWPPWWWPPPWWWWPWPPWPPWPPWPWWPPWWDWWWPPPWP
200 713575408 71 26 PPWPPPPPPWPPWWPWWWPWWWPWWPWPWWWWWWPPWPWWDPWWPPWPPW
400 25 57 79 PWPPWWWWWPWWWPWPDWWWPWWPWWWPWWWWPPWPWWWWPPPWWPPWPP
200 17585123 91 19 WWPWWWPWPPWWPPWWWPPWPPPWPWWPWWPDPWPPPWPWPWPPWPPPPW
400 20 52 26 PPWWPPPWPPWWPDPWWPWPWWWPPPPWWPPWPWWWPPPWPPPPPWPWWW
300 267522207
300 796014812
400 41 89 66 WPWWPPWPDPWWPWPPWWPPPPPPPWPWPPPPWWWPWPPPPWWWPPWPWW
300 796699018
400 32 17 56 WPPWPWPWPPPPPPPPPPWPPWPWPWPDWPPPPPWPPPPWPPPPWWPPPW
200 649802802 37 54 WWWWWPWWPPPWPWWPPPPWPPDWPWWWPPPPWWPWWWWWPWWWWWWPPP
200 623015008 54 98 WWPWPWWWPPPPWPPWPPWPPWWPDWPWPWWPWWWWWWPPPPWWPWWWPP
300 25912647
200 354397678 46 68 WPPPPWPWWWPWWPWDWPPPWPPPPWWPWWWPPWPWWWWWWPPPPPWWWP
200 160505907 52 35 PPWPPPWWWWPWWWWWWWWPPPWPPPWWWWPWPWPPWWWPWWDPPPPWPW
400 39 87 41 WPWWWPPPWPWPPWPPPWWWWWPDPWWWWWWWWWWWWWWWWPPPPWPWPP
300 652659484
200 316140012 10 91 WPPWPWPWPWPWPWPDWPPWWPWPWPPPPPPWPPWPPPWWWWWPWWWWWP
200 827376689 39 6 PPPPWWPPPWPPWDWWWPPPWWPPWWWPPWPWWWWPWWWWPWPWWPWWPP
200 143616271 51 80 WWPPPPPPPWDPWWPPPWWPPWWWPWPWPWPWPPPPPPWPWPWWPWWPWW
400 69 76 52 WWWDPPWPWPWPWPPPWPWPPPWPWWWPPPPWPWWPWPPWWPWPPPWWWP
300 9438513
300 655052173
200 605196190 24 71 WDPPPPPPPPWWWPPWWPWWWPPWWWPWPWWWWPPPPPWWPPWPPPWPWW
300 466973781
400 22 12 24 PDPPWPPPPWPPPPPPWWWPWWPPPPWPPPWPWPPPPWWWPWWWPPWPWP
400 54 21 45 PWPPPWPWPPWPPWPPPWPDWWPPWWWWPWPWWWPWWPWPPPWPPWWWPP
200 726089616 19 7 WPPPPPPPPPWPWWPWWPPWWWPWPWWWPWPPPPPWDPWWPWPWWPWPWP
400 5 35 22 PWWPPPWPWPPWWPDPPWWPPWPPWWPPPPWWPWPWPWPPPWPWWPWPWP
400 18 40 67 PWWPPPWWWPWWWWWPPWWWPWPWPPWPWWPPPWWPWWPWWWWPWWPDPW
200 970907111 92 88 WPPWPDWPWWWWWPWPWPPPWWPWWWPWPWWPWWWWWWPPPPWWWPWPPP
200 607426476 62 4 WPPWWWWWWPPPPPPPWWPPPWWWPWPPPDPPWPPWPWWPWWPWWWPPWP
400 35 59 24 WWPPWPWWPWPWPPWWPPWWWPWPWWWPPWPPPWWWWWPWWWWDWPWPWP
300 649807427
300 42390039
400 90 45 44 WWPPWWWPWPPPWDWPWPWWWPPPWPWPWPPWPPPWPPPPWWPWPWPPWW
200 533623067 48 65 PPPPPWPPWPWPPWPPPPPPWWWDPWPPPWPWWPPPPPWWWPPPWWPPPW
200 157040604 38 55 WWWWWPWWPPWPWDPPPPWWPWWWWPWWPPWWPWWPPPPPWWPWWWWWPW
300 970907111
400 21 85 60 WPWWWWWPWWWPPWWPWPWPWPPWWWWPPWWWPPWPWDPPWWWWPWWWWP
300 280775635
400 58 22 51 WPWDWPPPWPWWWWWPPWWWWPPWPPPWPPPPPPWPWPWPPPPWPPPWPP
300 466228700
400 3 8 28 PWPWPPPPPPWWPWWWWPPWPPDWPWWWWWPWWPWPPPPPPWWPPPPWPP
400 56 28 51 WWPWPPWPWPPPPDWPWWPWWPWPWPWPPPPWWPWWWPWPWPPWWWPWPP
400 64 87 77 WDWPWWWWPWWWPPPPPWWPWWWPWPWPWWPPPPPWPWPWPPWWPWPPWW
400 9 93 47 PWWPWWPPPPWPDPWPPPWWWPWWWWPWPWWPPPWWPPWPPWWWPWPWPP
200 610743998 27 66 PWWPWPPPWWPWWWWWWPWWPWWWWPWPPPWPWPPWWWWPWPWDPWWWPW
400 92 16 49 PWPPWWPPPPDPPWWPWWPWWWWPWWPPWWPWPWPWPPWPPWPPPWPWWP
200 890808939 24 87 PPWPPPPPWWPWPWWWWWWDWWWPWWPWWWPWPWWWPPWPWPWWPWWPPP
300 20492189
200 455766619 57 18 PWPPWPWPWPPWWWDWWWPWWPWWWPPPWWWPPWPWPWWWPPWPWPWWPW
400 17 62 23 WWWPPWWWWWPPPPPWWPPPWPPPWWPWPPWWPPPWPWPPWWPWPPPPPD
400 22 14 51 WWPPWWPWPPWWPWPWPWWPPPDWPPWPWPWPWPPWWPPWPPPWWWWPWP
300 356586582
400 61 63 24 WWPPWDPPWWPPWPWPWWPPWWWWPPPPPWPPWPPPWWWWPPWWWPWWWW
400 66 12 32 WWPPWWWPWPPWWPWWPWWWPWPWWPWWPWWWPWPWPPWWWDPPPPWWPW
400 46 84 47 WPPWWWPPWPWWPPWPWPPWPWWWWPPWWWWWWWPWWPPPPWDWWPPWWP
300 325862055
400 76 79 26 PPWPWPWWWPWPPPWPWPDPPWPPWPPWWWPWPWPPPWWPWPPPPWWPWW
200 743721878 42 6 PPPPPPWPWPWPWPPWWPPPPWPPWPWPPPPWPPWPWWWPPPPPWPDWPW
400 48 36 50 PPWPWPPPPWWPPWWPWWWWWWPWWDWPPWWWPWPWWPWWPWPWWWWWWP
300 827376689
400 62 27 48 PWWPWPPWPPPWPPWPPPPWPWWPPPPWPWPWWPWPPPDPWPPPWPPWWW
200 426143659 14 85 WPPWWPWPPWPPWPPWPPWPPPPPWWPWWDPWPPWWPWPPWPPPPWPWWW
400 51 78 31 PWPWWWPWWPWWDWPWPPPWPWPPPWWPPWPPPPPWPWPPPPWWWPPWPW
400 25 89 49 PPPWPPPWPPPWPPPWWWPPPDWPPPPPPWPWPPPWWPWWPPWPWWWWPW
200 871063420 55 37 PWPPPWPPPWPWWWPPPWPPWPWWWWWPWWPWWPPWWPWWPPWDWPPWWP
400 51 9 22 WPWPDPWPWPWPWWPWWPPWWWWWWWWPPWWWPPWPPPPPPPWPPPPPWP
200 722862255 46 54 PPWPPPPWWPPDWWPPWPWPPPWPPPPWWPPPWWWWPPWWPPPPWWWPWP
300 361552613
300 29846012
400 24 30 45 PWPWWPPPPWWPWPWPPPPWPWPWWPPWWPPDPWPPWPWPPPPWPWPPWP
300 30060972
400 49 93 51 PPDPWPWWPWWPWWWPWPPWPWPWWPPPPPWWWWPWPWWWWWPPWWWWPW
200 811409770 23 98 PPWPPPWPWPPWWWDPWPWWPPWWWPWPPWPPWWPWWWWPPWPPWWWWWP
200 381876026 90 7 PPWPPWDPWWPWPWWPWPWWPPPWWPPPPWWPPPWWPPWPPWPPPWWWPW
400 69 43 52 WPPWPWPWWPPPPPPWWPPWWPWPPWWPWDPWWWWWPWWWPPWWPPWWPW
200 5003845 17 15 PPDPPPPWWWWPPWWWWWPWPPPPPPWWPPPPPWWPPPWPPWPPWPWWPP
200 585437862 14 83 WPPPWPWPPPPPPPWPPPWWPWWPWPWPPPWPWWPDPWWWPWPPWPPWPP
200 495917473 2 32 WWWWPWWPWPWPPPWWPWPWPWPWWWWPWPWWPWPPPWPWPWPDPWWPPW
300 937075930
400 51 36 20 WPWPWPWWPWWWWWPPWWWPPWWWPWPPWWPWPWPDPWWWPWWPPPWWPW
200 361059947 54 6 DWWWWPWPPWWWPWWWWPWPWWPWWWPPPPWPPWWWPWPPWPWWPWPPPP
200 826674863 60 7 WWPPWPPWWPWPWPPPPWWPPPPPWPPWWPWWPPWDPWWWPWPPWWPPPP
200 781666362 18 84 WPPPPWDWPWWPWWPPWWWPWPPWPWPPPWPWWPWPWWWPWPWWPPPWPW
200 885950891 64 53 DPPPPPWPWPWPPWPPWPWWPPWPPPPWWWWPWWWPPWPWPPWPPPPWPW
200 694625756 43 99 WPPPPPPPPPWWPPWPPDPPWPWWWWPPPPWPWPWWWWPPWPPPWPPPWP
400 85 68 22 WWWWPPPWWWWPPPWPPPPWPPPPWWWPWPPWWWWWWPPPPWPDPWPWPP
400 56 44 29 PPPWWWPPWPPWPPPWPPPWWPPPWPPWPPWPPWDPPPWWPWWWWPWPPW
400 77 39 51 WPWPWWPWPWPPPWPPPWPDWPPWWPWWWPPPWWWWPWWWPWPWPWPWWW
200 888266926 87 14 WWWPDWPWWWPWWWPPWWPPPPPPWWPPPWPWPWWPPWWPPPWWWWWWPW
200 53308894 48 8 WWPPPWPPWPWWWDWPPWPPPWPPWPWPWWPPWWPWPPWPWPWWWWPPWP
400 7 71 44 WWWWWWPPWWWPWPWWPWPWWWPWPPWWPWWWWWPPWPWWWPDWWWPWWW
200 704945982 61 57 WPPWPPPWWPWWWPWPWWWPWDPPPWWPWWPPWWPPPPWPWWPPWWPPWP
200 513654232 91 28 PPPWPPPPWPPPWPWWWWWWWPPPWWPWPWPPWWWDWPWWPWPPPWPWWW
400 34 2 -1 PWWWPWPWPWPWPWWPWWPWWDWPWPWPWPPPPWWPPPWPWPWPPPPWWW
200 894713122 42 65 PWPPWWWWPWPDWPPWPWWPWPWWWPWWPWPWWPWWWWWWWWWPPPWPPW
400 54 100 49 WPWWWPWWWPPWWPWPWWWWWWWWWDWPPPPPWWWPWPPPPPWPPPWPPW
400 8 73 48 WWWWWWWWWPWWWWWPWWDPPWPPPWWWPWPPWPPPPPPPWWWPPWWPWW
200 866507381 4 48 WPPPPWPWWPWWWWPPWPWWPDPWWPPPWPWPPPPWPPPPPWPWWWWPWP
400 74 30 39 WPPPPPPPWPWWPWPPPPPWPWPWWPWPPPPWWPPPDPWWWPWPWWWPWW
300 426143659
400 64 53 1 PWWPPPWPWWWWPWPWWWPWWWPPWWWWWPWWPWWPWWPPWWWWPPPWPD
400 30 88 1 WWPWWWWWPPPWPPWDPPWPPWWPPWPWPWWPWPPWPWWPPWPPPPWWWP
300 97167250
200 12988793 40 45 WWPWPPWWWPWWPWPWPWWWPPWPPPPWWWWWWPPWWPWWPPPDPWPPWP
300 389421122
200 279680369 85 99 PWPPPWWWPWWPWPPPWPWPPWDPPWPWWWPWWPWPWPWPPPPWPPWPWP
300 581282511
200 728386673 79 8 WPPPWWWWPWWWPWWPWDPWPPWWWWWWWWPWPWPWWPWPWWPPPWPWWW
200 23838442 51 79 WPWWPPWWWPPWWDWPWPWWPPWPWWPWPWWWPWPPWPWWWPPPPPWPPW
400 47 97 46 PPPPPPWWPWPWWPPWDPWPPWPWWWPWWWPWWWWWPPPWPWWWPWWWPW
200 331148725 60 66 PPWPWWWPPWWWPPPPPPWPPWPWWPPPPWWWWPWWWPPWPPPWWWDPPW
200 499119325 77 10 PPPWWPPPPPWWPWWPWWPPWPWPPWWWPWPWWPWWWWPPPWWDWWWWWW
400 10 74 65 PPWWWWWPPWWWPWPWWPWWPWWPPWWPWWPDWWWWWPWWPWPWPWWPWP
400 68 51 44 PPPWWPPWWPPPPPPWWPWPPWPWPPWPWPWPWWPWPWWPPPPWPPPDPP
400 60 72 43 PPWWPPPWPWPWWWPPPPPPPWWWWPWDWPPWPPWPPWPPPPPPWWWWPP
200 369063410 43 44 PPWWWWPPPPWPPPWPPWWDPPPWWPWPPPWPWPWPPPWPPPWPWPWPWP
400 84 72 54 PPPWWWWPPWWWPWWWWWWWPPPWPPWPWPWPPPWDWWWPWPPWWPPWWP
400 94 24 1 WPPPPPWPWPPPWPPPPWWWPWWWPPPPPWPWPWDWPPWWPWWWWWPWWW
400 36 55 24 PPPWPPWPWWWPPPWWWPDWWPWWWPWPWWWPPWWPWWWWPPPWPWWWWW
400 2 70 50 WPWWWPPWWPDWPPPWPPPWPPWPPWWPWWWWWWWPWPWPPWWWPPWWWP
200 932968938 92 93 WWWPPWWPPWWWWWPWPPWPPWPPWWWPWPWWWWPWDPWWWPPPPPWWPP
200 852815144 25 98 PWPWWWPWWWPWWWPWWPWWWWWWWWPWPPWPPDWWPPWWWWPPWPWWPP
400 56 64 25 PWWPWWWWWWWPWWWPWPPPWPWWWPPWWPWPWPPWWPPPWWWPWWWPDP
200 798497308 12 25 WPWWPWWWWPWPPWPWPWWWWWWPPPPPPWWWPDPWWPPWWWPWWPWPWW
400 44 86 49 PPPWPPWWWWWWWPPWPPPWWPPWPPWPWPWWPPWPDPWWPPWWPWWWPW
400 78 37 51 PPPWPWPPWPWWPWPPPPPPWPDWWPPWWWWPPWWPWPPWWWPPWWWWPP
300 357093177
400 41 93 20 PPWDPPWWPPPWPWWPPPWWPPPWWWWWWWWPPPPWWWWPPPPPPWWWPP
300 10615338
300 599151430
300 808005654
200 936800206 75 74 PPPPPWWWPPPWPWWWPWPWDPWWWPWPPPPPWPWPWPPWWPWWPWWPWW
400 25 53 1 PPDPPPPPPWWPPPPWPPPWPPPWWPWWPPWPPWWPPWWWPWPPWPPWWP
400 13 64 48 WWPWWWPWWWWWWPPPWPPPWPWWWPWWPWWWPWWWWPWWPPPDPWPWWW
400 33 3 47 WWWPWPPPPPWPWWPWWPWWPPWPWWWWWPPPPPWWPDPPWWWWPPPWWP
300 83092773
200 383222901 75 49 PPPWWPWWWPWWPPPPDWPWWWWPWWPWWPPWPWWPWPWPPPPWPWWPPP
300 245648516
400 79 55 22 DPWPPPPWWPPWWPWPWWPPWWPPWWPPPPPPWWWPPPPWWWWWWWWWWP
200 273477305 17 9 PPPPWWWPWWPPPWPWWPPWWWWWPWWWPWPDPWWPWPWWPPWWPWWPPW
200 264127267 64 47 PPWPWWPPPWWWPWDWWWWPPPWWWWPWWWPWWWPPPWWPWPPPPPWPWP
300 231608757
200 38004040 62 38 PPPWPPWWWWPWPWPWPPPPWPPWPPPWWWWPWWDPPPWPWPPWWWPPPW
400 54 13 49 PWPPPWPPPPWPWPWPWPPWWWPWWPWPWPPPWPWDWWWWWWPPPWWWWW
400 15 83 20 PPWWWWWWPPDPWPWWWPWPWWWPPWWWPWPWWWPPPPWWPPWPPWWPPW
300 73228649
300 519048330
300 509080761
400 91 63 51 PWPPWPPWPWPWWPWWPPWPPPWWWPPPWPPWWWPPPWPWWPWPPWDPWW
300 713575408
400 92 8 53 WWPPPPWPWPWPWPPWWPPPWWPPWDWWWPPPWPWPWWPWPPWWWWWWWP
300 887240977
400 55 41 25 PPWPPWWWWWPPPDPPPPWWPPWWPPWWPWWWPWPWWPPPPWWPPWWWPP
400 58 42 46 WWWPDPWWPWWWPPWWWWPPPPPWPWPPPWWWWPPWPWWPWPWPWPPPWP
300 949997281
300 890808939
400 2 93 27 PPWWPPWWPPDPPWWWPWPPPWWPWPWPPWPPWPWWWPPPPPWWWPWWPP
400 92 97 69 PWPPPPPWPWWWWPWPWWWWPWPWWWWWWPPPWDWPWWWPPPPPWPWPPW
300 798497308
400 9 67 47 WWWWWPWWWWPWWWWPPWWWWWPDWWPPWPPWWWWWPPWPWPWPPWPWPW
200 278545983 1 82 PDPWWWWWWPPPPWWWPWPPPPWWPWPWPPWWPWWPWWPWWPWWWWWPWP
400 47 69 25 WPPWPWWPWWPPPPPWWWDPWWWPWWPPWWWPPWPWWPPWWWWPPPPPWW
200 2821305 54 93 WWPWPWPWWPPWWWWPWPWPPPPPWPWWPPPPPPPWPWWWDWWWPWWPPW
200 629883309 3 45 PPWWWPWWPWWWWPPPPPPPWPWWWPPPWPPPWDPPPPPPWWPPPPPWWP
400 86 93 66 PWWWPPPPPWWWWWWWPPWPPPWWWWPWWPWWPWWPWPPWPWPPWWPPDW
200 542675079 12 58 PWPWPPPPPWPPWPPPWWDPPPWPWWPPWWWPPPWPPWWWWPWPPPPWWW
400 69 20 67 WPPPWWWWWPPPWWPWWDWWWPPPPWPWPPPWWPWPWPPWWPPWWPWPWW
400 12 94 24 PPWWWDWPPWPPPPPPPPWWWPWWPPWWWWPPPPWWWPWPPWPWWWPWPP
551
100 100 50 250
907999803 25 33 WPWWWWPWWPPPPPWPWWPWWWWWWPDPWPWWPPWWPPPPWWPPWPPPWW
791517937 31 11 PWPWWPWWPPPPWWWPPDWWWWPPPPWWPWWWPPPWWWWWPWPWPWWPWP
309710556 57 31 WWWPPPPPWPWPWWWPWWWPWWWPWWPWWPWPPWWWWWWPWPDWPWWWWP
492031099 20 48 PPWPPPPWPWDPWPWPWWPPWPPWPPWPPPWWWWPWWPWPPPPWPWPPPW
342324247 34 91 PWWWDPWPWWWPPPWPPPWWPWPPPPPWPWWPWPWWPWPWWWWWWPWPPW
156478163 78 71 PWPPWPWPDPPWPPWWPPWPWPWPPWWWPPPWPWPPWPWWWWPWWWPPPW
27555230 24 84 PPWWPWPPWPWWPWPWPWPPPPWDPWWPWWPWPPWPPWPWWPWPWPPPPP
308019727 51 14 WWPPWPWPWPPPWPPWWPPWPPPWWWWPWWWWPPPWPPWPPDWPPPPPPW
191271257 95 65 PWPDWWWWWWWPPPWWPWWPPPPWWWPPPWPWPPPWWPWWPPPPWWWPWW
538955130 55 87 WPWPWWWWWPPWWPDPPPPWWPWPPWPPWWPWPWWWPWPWPPWWPWPPPP
816449482 19 77 PWWPPWWPPWPWWWWWPPDPPPWWWPPWPWPPWPWPWPPWPWWWWWPWPW
283804 86 3 PPPDPWPPWPPPWPWWPWPPWWWPPPPPPWWPPWPWWPWWWPPPWWWPWP
436885597 57 2 WWPWWPPPPWWPPPWPWWWPDWWPWWPWPPPWWWPPWPWWWPPPPPPWPP
928958174 94 81 PWWPPWWWPPWWPPPPPWWWPDWWWWPPPPWWPPPWPWWPWPPPWPPPWP
311398971 4 65 WWWWPWWWWWPWWWWPWPWDPWWPPWPPWPWPWWWPWWPPPWPPWPPPWP
33951025 80 99 WPPPPPPPDWPPPPWWPPWPWPWWWPWWPWPPWPPWPWWWPPWPPPPPPW
72080765 93 30 PWWWPPWWWPPWPWPPPPPWPWWPPWPPPPWPWWPPPPWPPPPWWPPDPW
413019507 81 8 PWPWDPPWWWWPWWWPPPPWPPWPPWPPPPPWPWPWWPWPPPPWWWWPPW
214532563 20 18 PWPWPWPWWWWPWWPWWWWWPPWDPPPPWPWWWPWPPPPPWPPPWPWWWW
952650132 40 27 PPPPPPWWWWWPWWWWWDPWPPPWPWPPWPPPWWPPPPWPWPPPWWPWWP
645351154 90 26 WWPWWWPPPPPPPWPWWPWPWWPPWPPWDWWWWWWWPWWPPWPWPWPWPP
715363500 11 18 PPPPPWPPPPWPWWWWDWWPWPPPWPPPPPWPWPPWPPPWWWWWPWPWWP
277080179 35 95 WPWWPDPWPPPPPWPPPPWPPPPWWWPWWWWWWPPPPWPWPWWPWPPWPW
250983022 81 91 PPPWPWPPWPPPPPPWWPPPWPDPWPWWWPPWPPPPWPPWWPPWPWPWWP
557271527 9 16 WPPWPWWDWPPPPWWWPWWWWPPPPWPWWWPWWWPWPWWWPWWWWPWWWP
812478928 98 86 PPWPWPPPWPWPWWWPWPWPWWPPDPPWPPWWWPPPPWPWWWWWWWPWPP
560492861 95 12 WWPWPWWPWPWWPPWWPWPPWWPPPWWDPWWPWPWWWPWPWWPPPPPPWP
315493302 11 35 PWWDPWPWWPWWPPPWPWWWWPWWPPWPWWPWWWPWPPPWPPWPPWPWWP
462347487 17 56 PDWPPPWPPPWPPPWWWWPPPPWPWPPWWWWPWWWWPPPWWPWWWPWWWW
55172353 81 28 PWPPPPPPPPPPPWPWPWWWPDWPWWWPWPWPPWPPWPWPPPPWPWWWPP
85123081 80 55 PPPWWPWPPPWWPPWWWPPPWWPPPPPPPWWPWPPWWPPPWPWWWPDPWP
227286875 54 42 PWWPPDPWWPPWPPWPWWWWPPWPWWWWPPWPWPPWPPPPPPWWWWWWPP
682564425 96 21 PWPWPPPWPWWWPPWPWPPDWPPPWWPPPPPPPWPWWWPPWPWWWWPPPP
259121290 10 9 PPPWPPWPWWPPPPWWPPDWWWWPWWWPWPPWPPPWPWPWWWPWPWWPWP
51525670 75 78 WPWWPWPWWWWPWWPPPWPPWPPPWWPPWWWPPPWWWPPPPWPWPWPDWW
818993718 100 20 PDPWWPPPPPWWPWWWPPPWPPPPPWPWWPWWPWWWPPPPWPWWPWPPWW
955684449 50 54 PWWPWWPWPDWWWWPWWWPWWWPPPPPWPWPWWPPWPPWWPWWWWWWPPW
855781481 91 43 WWPPPWPWPPWWPWPWPWPWWWPWWWWPPWPWPPPPPPPWPPWWDPPPPW
767157843 33 45 PWWWWPPPPWPPWPWPWWWPWPPDWPPPPPWWPPPPWPWPPWWPWWPPPP
646114095 46 77 PPPPPPWWWPWPWPWWPPWWPPWPWPWWWPWWDWWPPWPWPWPPWPWPPW
17286474 8 77 PPPPPPWWWWDPWPPPPWPWPPWPWPPWWWPWWWWPPWWWWPWWWPWWPW
988451869 3 79 WWPWPWPPWWPPWWWPPPPPWWPWWWPPWWWPDWPWPWPWPPPWWWWWWP
325552637 1 83 WWPPPWWWWPWPPWPPPWPPWWWPPPPPDPWWWWWWWWWPPPPWPPWWWP
32845998 47 38 PWPWPWPPWWPPPWPWPPWWPPPWWPPWPPPPWWPPWWPPWDPWWWPPPP
487708266 16 84 WPWPWWWPWWWPPWWPPWPPWPWWPWWWWPPPWWWPPWPWWPPPWWWDPP
231362737 95 44 WPPPPPPWWWWPWPWWWPPPWWWPWPWWWPPWWWDWWPWWWWPPWPWPPP
92223930 84 8 WPPWWPWPPPPWPWPPPPPPPPPPWWWWWPDWPWWWWWPPWWWPWPWWPP
932185668 33 59 PPPPWWPWPWWWPWPWWPWPPPPPPWPWWPPWWWWPPPPWPPWWWDPWPW
70011909 51 32 PWWWWPWWPWPWPPWWPPWWPPPWPWWWPWWPPPWPWPPPPWDWPWWPPW
340283657 5 21 WWPWWPWWWWPPWWWPDWWWWPPWWWPPPWWPPPWWPPWPWWPPWWPPPW
24731398 28 13 PWWWPWWWPWPPWPPPPPWPWPPPPWPWPPPPPPPWPDWPWWWPWWPPPP
220572827 12 54 PPWWWPPWWWPPWPWWPPPWPWWWPPWPPPPPWWWPPWPWPPPWWDWWWP
567361053 70 71 WWWWWWWPPWPWWDWWWPPPWWPWWPPWWWPWPPPPPPPPWPPPPWWPWW
646967917 64 99 PDPWPWWPPWPPWPWWWWPWPPWPWWWPPPWPPWWPPPPPPPWWWWWPPP
3310909 32 90 WPWPPPWPPWWPDWWPWPPWPPPPWWWPWWWWPWPPPWWPWPPPPPPWWP
35761051 4 91 WWPPWPPWDWPWPPWPWPPWPWWWWWWPWWPWWWWPPWPWWPPWPWWWPW
173678473 37 3 WDWPWWPPWPWWWWWPWPPWWPPWWWPPPPWWWWWPPWPPWPPPWPPWPP
101051220 60 15 PPPPWWDWPWPWWWWPPWWPPWWWWPWWWPWWPWWPWPPWWWPPWPPPPP
785061352 95 21 WPPWWPWPWPWPWWDWWWWWPPPWWPPWPWPWPPPPWWWPPPPPPPWPPP
689516120 81 4 WPWWWWWPPPPPWDWPPPWWPPPPPWPPPWWWWPWPWPPWWWWWWWWPWP
716233679 71 37 PPWWWPWWWPWWWPPWPWPPPWWWPWPWWWWWPPWPPDPWPWPPPWPPPW
902342787 32 35 PPWWWPPWWWPDPWWWPPWWPPPPPWWWPPWPPWPWPWPPWWWPWWPPPP
548417231 63 17 PPPWPPPWPPWWWPPWWWWPDWWPPPWWWWWPPWPPPPWWPPWWWPPWWW
62295482 21 11 WPPPWWPPWWWPWWPPWWPPWPWPWPWPWPPPPDPPWPPPPPPPPPWWWP
512467211 73 40 WWPWPWPWPDPPWWPPWWWPPWPPPWPPPWPPPPPPPPWPWPPWWPPWPP
632290299 64 56 WWWWWPPWWWPWWWPPWPWPPWWPPWWPPWWPPPPWWPPWWPPDPWWWWW
602828870 74 89 DWPWPPPPWWPWWWPPPWPPWPWWWWWWPWPPPWWWWPPWWWPPPPPPWW
887043656 85 13 WPPPWWWPWPWPWPPWPWWPWPWWPPWDPWWWWPWPWPWWPPPPPWPPPP
951362315 96 50 WWPWPPPDWPWWWPWWPWPWPPPPWWPWPWWWPPWWWPWPPWPPPWWWPP
145774878 91 24 PPPWPPPPPWPWWWWWWWWWPDWWPWWPWWPWPWWWPPPWWWPWPWPWWW
801860485 87 37 WDPPPWPWPWWWWPPPPWPPWPWWPWWPPPWWPWPPPWPWWPPWPPWWWW
63776316 32 76 WPPWWWPPPWPWPDWPWWPWWWWPPWPPPWPPWPPPWPPWWPWWPPWPPP
687221407 64 79 PWPPPPWWPPPPPPWPPPWPPWPPWPWDPWWPWPWPWPPWPPWWPWPWPP
577137971 98 61 WPWDPWWWPPWWPWPPWWPWPPPWPPWWPWWWWPWPPWWWPPWWWWWPPP
707615030 95 62 WWPPWWWWPWPPPPWWPWWWPPPWPPPWPWPWPPWPPPDWWPPPPWPWWP
955300471 74 16 WPPDPPPWPWPWWWPPPWPWPWWPWPPPPWPPWWPWWWWWWPPPWPWWWW
739257998 12 56 WPPWWWWPWWWWWPPWWPPPPPPWPWPPPWPWPPWWPPWWWPWPDWPPWP
354887914 98 53 PPPWPWWWPWPPWPPPWPWPPWWWPWWWPPWWWWPPPWWWDPPWWPPWWP
605741643 7 76 PWPWPPPPPPPPWWPWPWWPPWPWWWWWPWPWWWWPWPWWPWDPWPWWPW
9980946 1 19 WPWPWWPPPWWWWPPPPWWWPPWWWPPPWWWWWPWWPPDWPPPWWWWPWW
17782483 3 69 PPPPWWDPWWWWPWPPPPWPPPWPPPPPWWWWPPPPPWWWWWPPWPPPPW
723296676 36 86 WPPWPPPWWWWPPWPPPPPWPWDPPWPWPWWWPPPWWWWPWWWPWWWWPW
835839382 85 90 PPWWPPPPWWPWPWWWDPPWPWPPPWWWWWWWPPWWPPPWPPPPWPWPWP
308758552 51 35 WWPWWWPWWPPPWWWPPPDPWPPWWPPWPPPPPWPWPPPWWWPPWPWWWP
356572265 60 1 WPWPPWWPPWPWWWWDWWWWPWWPPWPWPPWPWPPWPPPPPWPWPPPPWW
525453285 58 27 WDPPPWWWWPPWWPPPWPWWWPPWPPWPWPWPPPPWPWWPWPPPWPPWWW
286065912 55 70 PWWWWPPWWPPWWPDWPWWPPPWWPPPPWPPPWPPWWPWPWWWWWWWWWW
60628365 33 79 WPWWPWWWPWWDWWPPPPWWPWWWPWWPPPWWWPPWWPPWPPPPWPPPWP
930444381 1 73 WWPPPWWPWPWWPWPWPWPWWWWWPPPWWWWDWPPPPWPPWPWPPWWWWW
323959703 47 64 WDWWWWPPWPPWWPWPWPPWPPPPWPWPWWWWWWPWPPWPPPPWWWPPPW
555242214 68 46 WPPPWWDWPWWPWWPPWPPWPPWWWPWWPPPPPWWWPWPWWWWPWPWWWW
134961524 70 16 PPWPPPPPPPPWDWPWWPWPPPPWPPPPPPPPWPWWWWWWWWWWWPPPPP
158712464 99 36 WPPWPWWPPWPWPWWPWWWWWWWWWPWPDWWWPWWWPPWPPPWPPPPPPW
902947558 8 67 WPPWPPPPPWWPWWPWPPWPWPWWWPPPWWWWPWPPPWPWPPPPDWWPWW
307987656 55 93 PWPWPWPPWPPWWWWPWPPPDPWPWPWWWWWPWWWWWWWWWPPPPWWWWW
882247807 22 77 PWPWWWWPWPWWWPPWWPWPWPWWPWWPWPWPPWPWDWPPPWPPPWWPPP
544869182 81 23 WWPPPWWPWPWWPPWPWWPWWPWWPWPPPPPWPPPPWWWWPWPDPPPPPW
52400749 13 51 WWPPPWWPPWPWWPPPDWWWPWPPPPWWWWWPWWPWPPPWWWWWWPWPWP
639732301 93 19 WPWWPPPPPPPWPPPWPPWWWPPPWWPWPWWPPWWPWWPWPPWWDWWWPW
598226401 41 42 DWPWWPWPPWPWWPWPWPWPWPPPPWPPWWPPPWPPPPWWPPPWWPWPWP
149443685 17 84 PPPPPPWWWWWWPPWWPWPWPWPPWPWPWWPPWWWPDPWWWPPWWPPWPP
465643634 97 62 WWWWWPWWPWWPWPPWPWWWPWWPPDPPPWPWWPWWPWPPPWWWPPPWWW
297902749 89 57 WWWPWWWPPPWWPPDPWPWWPPPPWWPPPPPWPPWPPWPWWWWPPWWPPP
31518926 73 58 PPWWWPPWWPPWWPWWWPWPPWPPPWWDWWPPPWWWPWPPWWPWPPPWPW
263777924 85 60 PPPPWPWPWPPPWPPWWPWPPWWWPPWPWWPPDWPPPPWWPPPWWPWPWP
5234075 94 90 WPPPWWWWWPWWWWPWPPWPWPPDWPPWPWPPWWWPWWWPWWPPWPWWPW
365626520 42 49 WWPPWWPPWWPWPWWWPPPPPWPPPWPDPWWWWWPPPWPWWPWPWPPWPP
53830741 87 46 WWPPWWWPPPWPWPWWPPWWWPWPDPPWPWWPPWWPWPWPWWPPWWWWWP
180539864 88 73 WWPPWWWPWPWWWWWPPPPDWWWPWWWWWWWWWPPPPWPPWWWWWPWWWW
711322194 56 99 WWPPWWWWPWPWPWPPWPWPPPPPWPWWPPWPWPWPPWWPDPWWPPWPWP
259103728 87 65 WDWPWWWPWWPWPWPWPWWWPPPWWPWWWPWPWPWWWWPWPPPWPWPPWW
48973946 40 28 PWPPPWPWWPPPDWPWPWWPWWWPPPPWPWWPWWWPPWPPPWPWWWWPWP
577804007 66 21 PWPWWWWPWWPPPWWWDPPWWWPPPWPPPPWPPPWWPWPWPWPPWPWWPP
794852724 71 33 PWWPWPPPPWWWPWPPPWWPWPPDPPWPPPWPWPPWWPWPWWPPPWPWWP
135425888 4 84 WPWWWPWWWWPWPPWWPPWPPWPWWWDWPPPWWWPWPWWPPPWPPWPWPW
806824838 7 44 WWWPPWWWPPWWWPPPWPWPWWPWWWWPPPWPPPWPPWWWPDWWWPPWWW
277562188 98 95 WPWPPWPPWPWWWWPPPWPPWPPPWPPWPPPWWWDWPPWWPPWWPWPWPW
75431350 29 54 WPPPWPPWWPPWWWWPPWPWPPPWPPPPWPPWPPWPPPWPWDPWWPPPPW
871899618 41 96 WWWPWPWPPWWPPPPPWWWPPWPWWWWDPPPWPWPPWWWWPPWWPWWPWP
491070732 13 40 WWWWPPPPWPWWWWPPPPWPPPPPPWWWWPPPPPPDWWWPPWWPPWPPPW
771908371 22 18 WPWWWWWWWPWPPPWWWWWPPWWWWWPWPPWPWWWWWPPWPWPWWPWDPW
781123233 29 48 PPPPPPWWPPWWWWWWPPPWPPWWWWDWPWWWWWWWPWWPWPPWPWWWPP
429869330 23 68 PWPPPWPWPPPWWPPWPWWWPWPWPWWPPDWPPWPPWWPPPWWWPPWPPP
690548904 91 8 WPWPWWPWPPPWPPPPWPPPPPWWPWWPPWWWWDPPWPPWPPWPWPPPWW
6288973 28 16 WPWWPWWWWDPWWWPPPWPPPWPWPWWPWWPPWWPPWWWPWWPWWPWWPP
500003402 8 35 PWPPPPPPPPPPPPWWPPWPPPPPWWWWWPPWWPWPWPPWDPWWPPPPPW
885034694 28 56 PPWWPWPPPWWWPWPWPWWWWPPWWWWWWWPWPWPWWPWPDPPPPWPPWP
750931861 54 75 WPWPPWPWPWWPPWPWWPWPWWWWPWWPPPPPPWWWPDPPWPPWPPWPWP
7036615 92 14 PPPWPPWPPPPPWWWWWWPWPPPPPPWWPWPPPWPPWPPDWPPPWPPPPW
811630011 50 1 PPWPWPPWWPWWWWWPWPWWPWPWPWWWWWWPWPPPPWPWWPWWDPWWPP
912693435 91 36 WWWPPWPPPWWPPPPPWWWPPWPPPWWPPWWWWWWWDWWPWPWWPPWWPW
227034515 43 76 WWWPPWPWWPPWWWWPWWPPPWWWPPPPPWWWPPWPDPPPWWWPWPWWWW
225942047 34 49 PPWPWWWWPPWPWWWPWWPWWPWPWWWPPWWWWPWWWPWWWWDWWPWPPP
556015065 96 28 WWPPPPPWWPPPPPWWWWWPPPWPPWPPDWPWWPPWPPWWPPPWPWPPPW
596292745 13 92 WPPWPWPPWPWPWPPWWWWPWWPPWPPPPWWPWWPWPPPWWWDWWWWPWW
413871387 68 86 WPWPPWWPWPPWWPWPPPWPDPPWWPWPWPWWWWWPWPWWWWWPWWWPWP
414652397 68 66 PPPPPPPPPWWDPPPPWWWWWPPWPWWWWPWWPWPWPPPWPPPPPPPPPW
50212767 83 82 WWPPPPWPWWPWWWPWWWPWWDPPPWWWWWPPWWPWWPWPWPWPWWPPWP
630056885 24 47 PWPWWPWWPWPWPPPPWPWPPPWWWWWWPPWPPPDWWWPPWPPWPWWWPW
707177033 36 95 PWWPWWWPPWWPPWPWWPPPPPWWPPPWWWPWPWWPPWPWWWDWPWPPWP
674588211 29 2 PPPWWPPWPPPWPPWWWPWDWWPWWWWPWPPPPWWWWPPWPPWPWPPPWW
923880262 38 51 WPPWWPDPPWPPWWWPWWPPWWWWWPWWPWPWWWWPPPPPPWWWPWPPWW
8831367 3 56 PWWWPPPPPPWWPWPPWWWWPPWPWWWWPPWWWWWDPPWPWPWWWWPPWW
581503291 96 81 PPPPPWPWWPPPWPDWPWWPWWWWWPPPWPPPPWPWPPWWPWPWWWPWWW
684428545 55 64 PWPWWWWWWWPWPPWWWPWPPWPWPWWWWWWPPWWWPWWWPDWWPPPPWW
884526876 53 15 WWPPPPWWWWPWWWPPPWPWPWWPWWPPPPPPWPWPWWWWDWPWWWWPWW
95952885 17 49 PWWPPPWPDPWPPWPWPPPWWPWWWPWWWPWPWPPPPWPPPPWPWPPWPP
743938012 10 37 WPPWPPPWDPPPWPPWWPPPWWWWWWWPWWPPPPPWPWWPWPWPPPPWWW
115093574 24 57 WWWPPWPWPWPPPPPWPWPPPWPWPWWPWPWWWWWPPPPPWPWWPDWPWW
366495929 84 73 WPPPPWPWPWWWWWWWWWWWWPDWWWPPPPPWWPPPPPPWWWPWPWWWWP
32834236 53 18 WPPPWPPWWWPPPPWPPPPPPWWPWPWWWPPWWDPWWWWWWWWPWWPPPP
235298667 50 59 WWPPWWWWPPWWWPPWPPPWPWWWWWWPPPDPWWPWWPWPPPPPPWPWPP
799126596 29 43 WWWPWPPPWDPPWPPPWWWWWWWPWPPPWPPWWWWPWPPPWPWWPWWWPP
575011573 5 13 WWPPPPWPPPPPPPPWDWWWPPWWWPPPPWPWPWPWPPWPPPWWPWPPWW
525402583 58 61 WPWPWPWPPWPWPWWWWWDPPPPWWPWWWWPPWWWWWWPWPPPPWPPWPP
813054186 7 77 PWWWWPPWWPPPWPPWWWPWWPPPWPPWWPPPPWWPPWPWPPPPWWPPDW
700256322 94 42 WPWWWPPWWPWPWPPWPWPWPDWPPWPPWPWPWWPWPWWPPPPWPPWPWW
723938198 10 81 PWWWPWPPPWWWPWWWPPWPPPWWWPPPDWWPWWPPWWWWWWWPWWWPPP
1384107 44 74 PWWPWPPWWPWPWPWPPWWPPWPWPPPPWPPWPWPWDPPWPPPPPPWPWP
659638733 3 4 DWPWPWPPWWWWPWWPPWWWPPPWPPWWPWWWPPWWPPPWWPPWWPWPWW
216709096 31 12 PPWPPPPPPWPPPDWWPPPWWWWWPPPWWWWWPWWPPPPWWPPPWPPWPP
422114129 95 26 PPWWWWWPPPPWPPWPWPPWWWPPDPWWPWPPPPPPWPWWWPWPWWWWPP
103386638 95 46 WWPPWWPPWPWPPPDWWPWWPWWPPWWWPWWWWWWWWWWWWWPPPWWWPP
294817029 86 16 PPPPPPPPPWPWWWWWPPWPWWWWPWWDWWWPPPPWPPPPPWWPWPWWWP
647737525 71 61 PPWWPWPWPWWWWPPPPPPWWPWPPPWPWWWWPPWWPPPPWPPWPDWWWP
604954228 64 53 WWWWWPWWPPWPPPWPWWWWPWWWWWWWWWPDPWWPPWPPPPWPPWPPPP
592809959 69 92 PWWWPPWWPWWPWPWWWWWWPWWPWWPDPWWWPPWWPPWPWWWWPPPWWW
122736203 27 68 PPWDWPWWWPPPWWWPWPPPWPWPPPPPPWWWWWPPWWWPPWPPWPPWPP
802647740 48 49 PPPWPWWPWPPPWPPPPPPDWPPPWPPWPPPPPPPWPWPWWWPPWWPPPP
62156246 76 86 WPPWPWPWPPPWPWWPPPPPPWDWWWPWWWWWWPWWWWWWWPPWPWPPWW
707039239 97 16 WPPWPWWPPWWPWDPWWPPWPWWPWWPWWPWPWWPWWPPWWWPPPWWWWW
577143722 64 68 WWPPWWWPDWPPPPPPWWPPPWWWPWPWPWWPWPWWPWPPPPPWWPWWWP
166712483 3 7 PWPPWPPPWPWPDWPPWWWPPWPWPPWWPPPWPPWWWWPPPPWPWPWPPW
925484028 45 81 WWWWPPPPWDPPWWWPWPWWWWPPPPPPWPWPWWWWWWPWWPPPPWPWWP
668173894 85 43 WWPPWPPPPPWWPPPWPPWWWPWPWPPPWWPWPPWPWWPPPPPPPWDPPW
39413584 33 82 PWPPWWWWPPPPWPWWWWWPWWWDPWPPPWPWPPWPWWWPPPWWPWPWPW
7809246 30 2 WPWPPPPDWPWPWWWWPPPWPPPPWWWPPPPWPPPWWPPPPPWWWWPPPW
583797389 34 70 WPPPWPPPWDPPWWWWPWWWPWPWWWWPWPPPPPWPWPWPPPWWPPWPPW
519511010 74 91 PWPWWWWPPDWPWWWPPWWPWPWPPPWPPWPPWPWPPPWPPPPPWWPPPW
67847063 82 53 PWPPPPPPPWPWPPWWPWPWWPPWPPPWWWPPPPWWPWWPPWWWWDPWPP
209412648 55 5 PPPWWPWPWPPPPWWWPWWWWPWPWWWWPWPWPWWWPPPPWWDWPPPPWP
287136760 39 55 PWWWWPPPWPWPPPPWPPPWPPWPWPWWWWWWWPDPWWPWPPWPPWPPWW
197366292 14 96 PWWWWDWPPWPPWWPPPPPPPWWWWWWWPPWWPWWWWWPWPPPWPWPWPP
791382862 85 58 PPWPPWWPPWWPPPPWWPWPWWWWWWWPPPWWWPWWPPWDPPPPWWPPPW
408245570 40 4 WWPPWWPWPPWWWWPPPPPWPWWDPPPWWWWWWPWPWPPPPPWPWPWPWW
127155556 67 6 PWPPPPPPWPPPPPPPWWPPWPWWPPWWWPPWWPPWWWWDWWPPPWPPWW
860792308 70 3 WPWPWWPWPPWPWWPPWPPPPWWPWPDWPPWPPPPWPPWPPPWWWPPWPP
417712204 5 36 WWWWPWWPWPWPPWPPWPWWPWPWPWWPPWWPPPDPWPPPWWPWWPWPPP
606846448 95 13 WWWPPPWPWPDWWWPPWPPPPWWWWWPPPWWWWPWPWWWPPWWPPPPPWW
553759961 32 57 PWPWWWPWPPPWWPPPPPPPWPPWPWPWPPWWPWWWWWDPPWPPPPPPPW
49571378 56 47 PPDWPWPWPWPPPPPWWPWPPWPWPWPPPPWWPWWWPPWPWWWWWWPWPP
42654755 61 24 WPWPPPWWPWWWPWPWPWWWWWWPWWWWPPWWPPPWWPWDWWPPWWWWWP
441297484 20 66 PWPPWWWPPPPPWWWDPPWPPPWWWWWPWWWPPPPWPPWPWPPPWPWPPW
201059675 95 24 PWPWPWPPPPPPWPDWWPPWWPWWPWWPPPWWPPWWPWWWWPWPWPWWPP
433841204 76 82 PWWPPWWWWPWPWWPWPPPWPPPWPWWPWPWPPWWWPWPWWPDPWWWWWW
224081868 98 12 PWPPWPPWWPPPPWWPWPWPWDPPPWWWWPPWPWWWWWPWWPWWWPPWPP
15369612 64 15 WPPWPPWWWPWPPPWWPPPPPWWPWPWWWPWPPPDWWWWWWWWWPWPPWP
507326211 98 3 PPPWPWPPPWPPPPWPWWWWPPPWPWWPDWWPPPPPPPPWWWWPPWWPWP
149051969 88 69 PPPPPPWWPWPWPPPDPPPPWWWWWWWPPPWWPWPPPPWWWPPWPPWWPP
67376997 60 23 WPPWWWWWPWPWPPPWWWWDWPWPWWWPPWWWPPWPPPWPWWPWWWWWPW
350849951 9 44 PPWPPWPPWPWPPWPPPPPWPWPPWPDPPPPPWPWPPWWPPPPWPPPPPP
254958607 14 55 WPPWPPPPWPWWPWWWPWPWDWPWPPWPPPWWPPWWPWPPWWWWWWWWWW
848571732 50 91 WWPPPWPPPPPWWWPPWPPPPWPWWWWWWPPWWWWPWWPWDPPWPPPWWW
628690839 95 91 PWWWWPWPWPWWPWWWWPWPWDPWWWWPPWWWPPWWPWPWPWPWPWWPPP
138819576 88 82 WWWPWPWWWWPWPPWWPPPWWPWWWPWWPPWWPWWWWWPWPPPDWWWPWP
826641666 39 43 WPWDPPPPWPWPWPWPPPWPWWWWWPWWWPPWPWWWWWPWPWWPPWPWWP
195647711 53 12 WPWWWWPWWWWPWWWPPWWPPPWWWWWWWWPWWPPPWPPPDWPPWPPPPW
926165956 93 8 PPPPPWWWPWWPWWWPWWPWWWPPWPPPPPPPPWPPDWPWPWPPPWPPWP
99620182 20 36 PWPWWWPWPWPWPDWPPWWPWPPPWWPWWWPWPPWPPPPPPPWWWPPWWW
62122300 81 11 PWPWWPWPWWWWWPPPPDPPWWWPPWWWPWPPPPWWWWPPPWWWWPPWPW
237715926 54 47 PPWWPPPPPPWPWWPPWWPPWWWWPWPPWPWWPPWWPWWPPPWWDPPWPW
147734599 15 75 WWPPPWPWWDWWWPPWPPPPWPPWPPPWWPPWWPPPPWWWWWPWPWPPWW
665341779 59 89 WWPWPPWWPPWPWWWPPPPPWWWPWPWPPWWWPWPWPPPWPWWWWPPWPD
877359688 63 46 WWPWWPWPPWWWWPPPWPPWPWWWPPWWWWPWPWWPDWPPWPPPWWWWWW
532554612 32 82 WWPWPWWWDWWWWPWWPWPPWPWPWWWWWWWPPWWWPWWPWWPWPWPWPW
506282166 58 29 WPPPPPPPPPPPWPPWPPWPWPWWWWWPWWPPPPWWPPPPPPWPPDWPWW
192437799 81 7 PPPWPPWWWWWPPPWDWWWWPWWWPPPWPWWPWPWWWWWPPWPWWWPWWP
952433665 52 4 PWPPWWWPPWPPPPWWPPWWWPPWWPPPWPWWPWWWPWPPWPPPWWDWWP
752331656 63 20 WPPWWPWPPWDWPPPWWPWPWPPPWPWPPWPPPPPWPPPWWPWPWWPPPP
668407393 61 75 PPWPPPPPWDPWPPPPPPWPWPPPPPWPPPPPPWPPWWPPWWWPWWPPWP
196306313 100 71 WPWPWWPPPWWWWWPPPWWPWPWPDPWPPPPWPWWPWWWWPWWPPPPWPW
3853119 25 9 PWWPWWPPPWPPWWWPPWWPPPWDPWWWPWPWPPPPPWPWPWPWPWWPPP
426446699 99 11 WPPDWPPWPPPWPPPPWWWWWPPWWWWWPPPWPPPPWWWPWWPWWPPWPP
310894144 55 23 PPWPWWPWWPPPWWPWWPWWWWWPPWWPWPPWWPDPPWPWWPWWWWPWWW
278504548 70 79 PWPDWWPWPPWPWWPPPPPPPWPPWWWWPWWWPPPPPPPPPWPPPWWPPP
25107735 56 55 WWWPWWPPPPWWWPPPWWPWWWPWDWPPPWPWPWPWPPWWPWPPWWWPPP
103196687 87 14 PPWPWPWPDPPPWPPPWWPPWPWWPWWPPWPPWWWWPPWPPWPPWWWWWP
180991399 46 67 WWWWWWPPPPPWWWWPDWWPPPPWPPWWWPPWPPPWWPPWPWPPPWWWPW
8546419 17 19 PWWPWWPWWPWPPWWWPWPPWWPWPPPPWWPPWPWWWPPPWPWPDPPWPP
578397733 22 58 PWPWWWWPPPWPPWWPWWWWPWWPWWWPWWWWWPPDPWPPPPPWPPWWWW
268247743 33 2 PWPPWWPWPWDPWPPWWWWPWWWPPWPWWPPPPPPWPWPWPPPPWPPPPP
630988591 31 64 PPPPPPWPPPWPWWPWWPWWWWWWWWWPPWWPWWWWWWPDPWPWPPWPPW
52314394 89 14 DPPWPWPWWWWWPWPWWPWPPWPWPWWWPPWWPPPPWWPWWWPPWPWPWW
823832601 78 25 WPWWPPPWPWWWPWWWWWPWPWPPPPWPPPWWDWPWPPPPPPPPPWPPPW
975213842 49 78 WWPPWPWWPPPWPWPPDWPWWPPWWWWPWWWPWWWPWWWWWWPPWPPPPP
505287650 50 73 PWPWWWWWPPPPPPPWPPPPWWPWWWPPPPPPWWPPPPPPDWPPPPPWWW
227336583 57 35 WWPPPWPWWWWWWPDWWWPPWPPWPPPWWWWWWPPPPPWPWWWWPWPWPP
679838085 95 52 WWWWWWWWPWPWWWPPPWWDPWWPWPWPWWWWWPWPWWWWPWWWWPPWPP
913182768 51 69 WPWWWPWWWPWWWWPWPPWWWPWWWDPWWPPWWWPWWPPPPWWWWPPPPW
850332843 27 60 WPWPWWWWPPPPPPWPPPWWWWWWWWWPPPPWWWPWPWPPPPPWWWDWPP
539458057 91 58 PWPWPPWWWPPWWWPWWPWWPPWWWWDWWPWPPPWWWWPPWPWWPPWWPW
925105126 82 75 PWPPWWPPPWPWPWPWPPWPWDWPWWPWPWWWPPPPPWPWPWPPPPPWWP
53134665 14 78 WPWWWPWWPWWWPWPWPPWWPPWPPPPWPPWPPWDPPPPWPPPWWWPPWW
65979900 29 64 PWPPWWPWPPPWWPPWPWPPPDWPWWWWPPWWWPWWPWPWWPWPPPWPPP
419202225 73 33 WWPPWWPPPPWPPPPWWPPWPWPPPWWPPWPWDWWWPPPWPPWWWPPPWP
191994864 1 63 WPWWPPDWPWWPPPWPWPPWPPPPWWPPPPWWPPPWPPWPPWPPWPWPWW
734223699 7 88 WPWPPPWPWPPWPWWWPPPWPPPPWDPPWPWWWWPWPWPPPPWPWPPPWW
118755265 13 43 WWPPPPWWPWWPPWPPWWPPPPWPPWPWPWDPWWPWWPPPWPPPWPWPPP
934425895 19 9 PPPWWWPWWWPPPPWPPPPWWPPDWPPWPWPPWWWPWPPWWPPWPPPWWW
666126367 78 63 PWWPPPPWPWWDWWWWWWWPPPPPPWWPWPWPPPPPPPWWPPWPWPPPWP
400 21 95 1 PPWPPWPPPPPPWPWPPWPPPWWWPWWPPWPDWWPWWWWPPWWWPWPWPW
200 18446443 35 82 WWWPPWDPPPPPPWPPWWPWPWWPWPWPPWWWPWWPWWPPPPWWWWWPWP
400 49 46 47 DWWWPWWPPWPPPWPWWWPPPPPWWPPPPWWPWPPPWWWWPWPWWPPWWW
300 583797389
200 957070388 44 19 PPWWPDPPPPWWWPPWWPWWWPWPPWWWWPWPWWWPPWPPPWWWWPPPWW
400 68 16 27 WWPWWWWPWPWPPPWWPPWPPPWPWWDWPPPWWPPWPWPWWWWWPWWWPW
400 65 37 25 PPWPWPPPWWDPPPWPPPWWWWPPWPWWPPPPWWWWPPWWWPWPPPPWWW
300 277562188
200 340492284 33 78 WWPPWPPWPWWPWDPPPPWPPWPWPWWWWWWPPWPWWWWPPWPPPPPPWP
200 420326482 56 37 WWPWPWWWWPWPPPWWWWWWPWPWWPDWPWWWPPWWWPPWWWWWPWWPPP
200 623878990 59 19 WWWPWPWPPWPPWWWPWWWPWPPPWPPWWPPPPPWPPPWPDPPPPPWPWW
200 895699074 57 99 PPWWDPWPPWWPWWPPPPPWPWPWWWPWWWWWWPWPWWWWWWPWWWPPWP
200 372502136 79 40 WWWPPPWWWPPWWPPPPWWWPPWWPPPPPPWPWPPWPWWWWPWPPDWWPW
200 532071266 25 100 WWWPWPWWPWWPPPPPWPWWWWWPPWPWWWWPWPPWWWWWDPPWPPPPPP
400 80 90 67 WPWDPPWPPWPPWWWWPPWWWWWWWWWWPWWWPPWPWWWPWPPPPPWPPP
400 46 63 1 WPPWWWWWWWWWPPPPPWWWWWWWWWWPWWWWWPWPWWWPWPDPPPPPWW
400 77 43 48 DWPWWPPWWPWWWWWWPPPWPPWPPPPPWWWWPPWPWPWPPWPWWWPWWP
200 215982028 3 60 WWWPWPWWWPWPWPPPWWWWPDPPPPWPWWWPWWPPPWPPWPPWWWPWPW
200 79717956 54 45 PWWWWPPPWWWPWPPWPPPWWWPWWPPWWWPDPPPWPPWWPWPPPPPWWW
200 304356985 46 78 PWDWPWPWPPPPPPWPPWWPPPWPPWWWWWWWWPPPWPPWWWWWPWPPWW
400 17 100 50 WWPPWPPDPWPPPWWPWWWPPWPWWWWWPPPWPWWWPPPPWWWPPWWPPW
400 47 44 53 WWWPWPWPPPWWWPPPPPPPWPPDWPPWPWPPPWPWPPWWWPPWPPPPWP
200 688750590 59 75 PPWWWPPPPWWPWPPWPPWPPPPWPPPPPPWPWWPWPWPWWWDWWPPWWW
200 480880586 85 93 WWWWPPPPWWPWWPWWPPPPWWPWPWPWWWWWWPPWWPWPWWWPPWWDWP
200 976288641 74 27 PWPPPPPWPWPPWWWWPWPWWPWWWWPPPPWPDWPWPPWPWPPWPWWWWW
400 34 83 69 WPWWWPWPWPPPWPWPWWWPWPPPWPWWWWWPPWWWPWPWWPPPWPDPWW
200 371550636 41 61 PWPPPWWWPWPPPPWPPPPWWWPPWPWWWDWWWPWPWWWWPPWWPPWWWP
200 403825854 71 55 WWPPWWWWWPWWPWPPWWWWWWWWPPPPPWDPWPWWWWWPWWPPWWPWPP
300 17782483
200 833765131 67 28 WPPWPWWWPWWWWWPWWWWWPWWWPPWPDWWWWWWPPPPPPWWWPPWPWP
400 79 96 49 WWPPPPWWPWPPPWWPPPWPPWWWPWWWPWWWWPPWWPWPWWPDPWWWWP
200 115964313 4 96 WWWWDPWPPWWWWWPPPPWPWPPWPPPWPWPWPWWPWWPPPWPPPPWPWW
200 415143300 21 74 WPWPDPWPWPPWPWPWPWWPPWPWPPWPPWWWPPPWWWWWWWWPWWWWPW
400 56 22 68 WWWPWPPWPWWWWPPPPWPPPWPWPPPWWWWWWPWPWWPWWWPPPWWPDW
200 861169034 4 7 PPPDPPPWWWPPWWWPWPPWPPWWWPPWPWPPPWPPWPWWWPPWWPPPPW
400 83 84 48 PPWWWWPPWPPPPWWPPWWWWPPWWWPWWWWWPPWWPWPWWPPPWPPPDP
200 581734128 14 31 WWPPPPPWWPPPPWPWPWPWWPWWWPPDWPPPPPWWWPPWPWWPWWWPPW
400 74 77 47 PWPPPWWPDPPWPPPPPPWPPPWPPPWWWPWWPWWPWWPWWWPPPPPPWW
300 103386638
200 444245961 36 18 WPWWPWPPWPWWPWPWWPWPPWWWPPWWWWDWPPWWWWPPPWWWPPPWPW
200 582089575 3 96 PWPPPWWWWWPWWPPPPWWWPWWWWWWPPWWWPPPWPWWPDPWPPPPWWW
200 412700462 50 53 WPPWWPWPWWWPPPWWWPPPWPWPPWPWWPPPWPWWPPWPDPWWPPPWPP
200 436582938 68 40 PPWWPWPWPWPWWPPWWWWPWPPPPWPDWWWPWWPPWWPPWWPWPWWPPW
300 32845998
400 81 4 1 WWPWPPWWPPWPPWPWWPWPPWPPWPPDPPWPPWPWPWPWWPWPWPPPPP
400 50 17 46 WPWPWWDWWPPWWPWWWPPPWWPPWPPPWPPPPPPPPWPWPPPWPWPWPP
400 11 46 58 PWPWWWPPWWWWDPPWWPPPWWPPWPWWPPPPPPWPWWWPPPWWWWWWPP
400 63 10 68 PPWWDWPPWWPPWPWWPPWWPWPWPPPPWWWWWPWWWWPPWPPPPWWPPW
200 228930792 82 79 WWPPWPWWWWPWWWPWWPPWPWWPPWWWPPPPWPWWWPDWWWPPWPPPWW
200 412246573 66 16 WWWPWPWPPPWPPWWWPPDWWPWWPPPPWWWWWWWPWPPPPPWPPPPPWP
200 127564330 68 85 PPWPWPWPPWPPWWDPWPPPWPWPPWWWWWPPWPPPPPWWPPWWWPWPWW
400 25 95 56 PPWPWPPWWDWPPWPPPPPPWPPWWWPWWWWPWWWWWPPPWWPPPWWWWP
400 48 6 92 PWWWPWPPWWPPWWPWPPPPPPPWWPWWPWWPWDWPWWWWPPWWPPPWPP
200 564110347 25 93 WWWPPPPPWWPPPPPPPPWPPWPPWWWPPPWPWWPPPWWPPWWPWWWDPP
200 227605297 13 74 WWWWWPWWWWPPPPPWPWPWPWWWPPWWWPPWWWPWWWWPDWPPWPWPWP
300 739257998
200 498977563 39 3 WPWWWWPWPPPPPWWPWWWWPDPWWPPWPWPPWPWPPPWWPPPPWWPWWW
400 58 94 47 PWWPPPWWWWWPWWPWPPPWPWPPWWWPDPPPPPWPPWPPWPWWPPPPWP
200 549292731 55 65 PWWPPWPPPPPPPWPWWPPPPWWWPPWPPWPPPPWPWWPPDPPPWWWWPW
200 54529266 100 46 PPWPWWPWPWPPPWPPPWPPPPWWPPDWWWWWWPWWWPPPWPWPWPWWPP
400 83 100 73 PPWPPWPPWDPPPPWPWWPWWPWWPWPWWWPWWPWWWWPWWWPPPWWWPP
200 548792749 30 45 PWWWPPPPWWPPPPWWWPPPWWPPPPWWPWPPWPWPPPWPWPWPPPWPWD
200 906047986 83 77 DWPPPPPPWPPWPWPWPWWWWPWPWPPPWPWPWPPPWPWPWPWPWPPPPP
300 684428545
200 156425087 83 67 PPWPWWWPWWWWWWWWWPPPWPPWPWWWWWPWPWPPPPPPWPDWWPPWWW
400 13 62 26 PWPPWDPPPPWPPPWWPPPPPWWPPPPPPWPPWPWWWPPWPWPWWPPPWW
200 210750968 65 47 WWPWWPPPPPPWPWPPPPWPPWWPWWWPWPWPPPPDWPPPWPWWPPWWPW
300 371550636
400 75 71 26 PPPPPWWWPDWPWPWWWPPWWPPPPWPPPWPPPPWWWPWPWPWPWPWWPW
300 192437799
200 738198188 93 7 WWWWPWPPWWWPWWPPWDWPPPWPPWPPPWPPPWPPPPWPPPPWWPPWPW
200 552694205 28 85 WPWPWPPPWPWPPWPPWPPPWPWPPPWWWWPPWWPWWPPPPDWPPPWPPP
200 284963111 58 12 PPPPWPPWWWPWWWWPPPWDWWWWPPPPPWWWPPPPPWPWWPPPWWWPWW
200 235255646 72 64 WWWPWPWPWPWPWPPPWPPPPWPWWWWPWWPPPPPPDWPWPPWWWWPWWP
400 1 95 42 PPWPWPPWWPWWPWWPWPPPWPPPPWWPPWWWWPPPWWPWPWWDPPPWWW
200 178739006 17 32 WPWWWPWPPWPPPWWPPPPWPDWPPWWWPWWPPWWWWWPPPWWWPWWPPW
200 728378978 30 6 PWWWPPPWPPWPWPWWWPWPPPWPDWWWWWPWWWPPWPPPWWPWPWWWPW
200 80742249 25 87 WWDWPPPPPPPPWPWWPWPPWPPPWPWWWPWWWPPWWPPWWPPPWPPPPW
400 95 51 24 PPPPPWPWWPWPWPWPPPPWWWWPPWPPWWWWWWPPWPPPWWPDPPPPPP
400 79 38 72 PWPPWPPPWPWPWWWWPPWWWPPWWWWPPWPPWWWWPPPPPWPPPWDPPW
200 63764452 72 19 WWPPWPWWPWPWWPWPDPPPPPWPPPPPWWWWWWWWPWPPWPPWWWPPPP
200 902584513 85 9 WWPPWWPPPPPWPWWPPPWWWDWWWPPPWPPPPPPWPPWWPWWPPWPPPP
300 632290299
200 365360204 34 60 PWPPWWWWPWWWPPWWPPWWWPWPPWPWWWWPWWPWPWWWPWWWDWPWWP
200 141541186 29 13 PPWPPPPWPWWWPDWPPWPWWPPPPWPWPWPWWWWPPWPWPPWWWWPPWW
200 366965261 73 45 WWWWWWPPPWWPWPPWWWPPWWWPPDWPPPWPWWPWWWWPPPWPPWWPWW
400 76 7 1 WPPWPDWWWPPWWPWWPWPPPPPPWPWPWPWPWWPPPWPPPPWPPPPPWW
400 83 63 29 PPWWWPWPPWPPWWPPWPWPWWPWPPPPPDWWPWPPPWPWPPPPPPPPWW
300 366495929
400 3 76 20 PPWPPPPWPPPPPWPWPWPPPWWWWPPWPPWWPWPPPDWWPWPPPPPWPP
300 596292745
200 263514698 50 32 WWWPWPWWWWWPPWPPWWWPPWWPWWWPPPPPPWWWWWPPPPPPPWPDPP
400 65 78 49 PPPWWWPWWPWWWWWPWPWWWPPPPWPWWPWDWWWWPPPWPPWWPPWWWW
200 559780403 44 26 PPPWPWWWPWWWPPWPPPWWPPWPWWWPWWPPPWDPWWPWPPWPPPWPWW
300 771908371
200 33857006 5 15 DPPPPPWWWPWWPWWPPWPPWWWWWWWPPPWWPPPWWPWPPPPPPWWPPW
200 542176140 88 23 PWPPPWPWPPPPWWWPWWPPWPPWPPWWWWWPWPPPPPWWDPWPWWPPWW
200 913908584 92 27 PWWPWPWWPPPWPPWWWPPWWWWWPWWWWWPWWWWWWPWPPWWDPWWWWW
200 134174712 26 39 WWPWWWWPPWWWWWWPWPWPPPWPPWWPWPWWWWDWPPPWWWPPWWWPPP
400 85 50 43 PWPPWPPWWWPWPWWWWWWDWWWPPPPWPWWPPPPPWWPPPPPWWWWWPW
200 1229742 4 16 PWPPPPWWPPWPDWWWWPWPPPWWWWPWWWWWWWWWPWWWWPWWWWWPWP
200 453259505 1 81 WPPWPWPWWPWWWPPPPPPWWWPPWPPPDWWPPWWPWPWWWWWPPPPPPP
200 756247972 77 87 WWWDWWPPPPPWWWWPWWPPWPWPWPWWWPPPPPWWWPWPPWPPPPPPWW
200 442960816 85 3 WWWWPWPWDPPPWPPWPPWPWWWPPPWPWPWWWWPPPPWWPPPWPPWPWP
400 63 77 26 PWPPPPWWWWPPPDWWWPWWPPPWPWWWPPPPWWPPPPWPWPWWPPWPWW
200 280934722 34 70 WPWPPWPWWPPWPWPWPPWPDPWWWPPPWWWPPWWWPWWWPPPWPPPWWW
200 816924174 29 77 PPWPPWPWPPPPWWDWWWPWWWPWWWWWPPWWPWWPPWPWPPPWPPPWWW
300 80742249
200 700165651 16 79 WPWWWWWWPPPWPWPWPPPWPWWWPWWPPWPWPPPPWWWPPPDPPWWWWW
200 893072537 60 80 PPPPWWPPPWWPPPPWWWWWPPWWWPPDPPPPWPPPWWWWPWWWPWWPWW
200 558669146 42 72 WWWPWPWWPWWPWWWPPPPWWPWWWPWPWPWWPPPPDPPPWPPWWPPWPP
200 878553893 31 27 PWWWPPWPPPWPPPPWPPWWWWPWWWWWPWWWWPPPWPPPWWPDWWWWPP
400 72 2 48 PPWWPWPPWPPWWPPPPPPWPDWPPPWPWPWPPWPPPWPPPPWWWWWWWP
200 893505337 68 67 WWWPWPWPWPPDWPPWPWWPPPPPWPPWWWWPWWWPPPPWPPWPPPWPWP
200 477106690 81 79 PPWWPWDWWWWPPPWWPWPPWPWPWPWPPWPPWPWPWPWPWPWPWWWWPP
400 80 14 23 PWWWPWPPPPPPWWWPPPPPWDPPWWWWPPPPPPWWWPWWPWPWPWPWPP
400 70 19 49 PPPWPWWPWWWWWPWPPPWPPWWWWPPPPWDPPPWPPWWWPWWWWWWWPW
400 10 12 71 WPWDWWPPWWWPPWPWPPPPPWWWPWWPWPWPWWWWPWPPWWPPWPPPPW
200 784925949 60 35 PWDPPWPPPPPWWWPWPPPPWWWWPPPWWPPWPPPPWWPPPPPPPWWWWW
300 835839382
400 55 74 45 WWWWPWPPWWWPPWPPWWPPWPPPWPWPPPPPPWPPWPDPWWWWWPWPWP
200 962715049 80 30 WWPPPPWWPPWWWWPWPPWWDWPPPPPWPPWWPWPPPWWPWPWPPPWWWW
400 48 68 46 PPPPWWWWWPWPWWWPWWPPWPPWWPWWPPPPDPWWWWWWWWWWPWPPPP
200 640077552 23 36 PPPWPPWWPWWPPPPPPPPWWPPWWWPWPPDPPWWWWPPWWWPWWPPWWP
200 205555002 56 75 PPPPWWWWPWWWPWPWPPWWPPWPWPWWWWWWWWPPPWDPPWWWWPWPWW
200 922324000 56 96 WWPWPWWWWWPPPWWPPDPWPWWWPWPPWPWPPPWPPWPPPPWWWPWPPP
200 464313307 53 60 PWWWPPWWPWWPWWPWPPPPWWWPWPWWWWPPPPPPWWPPDPPWWPPWPW
300 422114129
200 91337101 90 1 PPPPWPWWWWWWPPPPPPPWWPWWPPWWPPWPWWPWPPWDPWWWPPWWWP
400 2 9 47 WPWPPPPWPPWPPPWPPWPPPWWWWPDPPWPWPWPWWPPPWWWPPWWWWP
400 46 57 66 WPWWPPPWPWPWWPPWPPWWPPWPWWWWPPPWDWPWPPWWPPWWWPPPPP
300 552694205
400 94 76 50 WPPPWPWPPPWPWPPPPWWWPWPPPWWPWPPPPWWWWWWPPPWWPDWWWP
200 464070548 40 59 PPWWWPWPPWPWWPWWDWWPWPPWPWPWPWWPWWWWPPWWPWPWWPPWWP
400 33 85 46 PWDWPPPWWPPWWWPPPPPWWWWPPPPWWPPWPPPPWWPPPPPWPPPPWP
300 92223930
400 18 22 65 PPWWWWPWPWPWWWWWPWPWDWPPPWPWWPWPPWPWPWPWPPPPPPWPPW
200 515898297 98 45 PPWPPWPWPWWWPPWPWWWWPPWPWWWWWWPPWWPPPPPPWWPWWPWWWD
200 831318965 42 47 WPDPWWPPWWWPPPPPPPWPPPWPWWPWPPWPWWPPPWPPWPWWWPPPPP
400 8 84 46 PPPWWPWPWPWPPWPPPWPPWPPWWPWPPPWWWPPPPPDWPPWPWWWWWW
200 624700366 93 54 PWWWWPWWPPWPWPWPPWWWWWWWWWWWPPDWPWPWWWWPPPPWWPWWPP
400 71 28 43 WWPWPWWPWWWPPPPPDPWPPPPWWPPWWWWWPPWWWWWWWWWWPPWWPP
400 76 64 50 WPWWWWWPPWWPPPWWPPWWWWWPPWWWPPPWPPWPWPWWWDPWWPWPPW
400 96 39 29 DPPWWPPWWPPPWPWWPWPPWPWPPPWPPPPWPPWPWWPPWPPPPWWWPW
300 307987656
300 606846448
400 49 34 1 PWWWPPWWPPPWPWPPPWWPWWWPWPPWDWPWWPWPPWWPPPPWWPPPWP
200 443631659 2 46 WWWWWWWPWWPWWPWWDPPWPWPWPPWWWPPPPPPWPPPPPPWWPWPWPP
400 84 9 23 WPPWPPWPPPWPPPWPWWPWWWPWPWPWWWWWWWWWWWWWWPWPWPWPPD
200 558509271 48 33 PPWWPDWWWPWPPPPPWPWWWPWPPWWWPWPWPPPWPPWPWPPWWPPWPW
200 361004098 33 28 WWWPPWPWWPWWWWPWWPWPWWPWPPWWWPWPWPWWPWWPPPWWWWWDWP
300 134174712
300 512467211
200 99087092 98 6 WWPPPPWWPPWWWDWPPWPPPWWWWPPPPWPPWWPWPPWWWWWPPPWWWW
300 487708266
200 171016527 71 35 PPWPPPPWPWPWPPWPWWWPWWWWWPWPPPPPPPPWPWWWWWPDWPWWWW
300 414652397
300 67376997
200 841777364 71 57 DPPPPWWWPWWWWWPPPPPPWWWWPWPPPPPPPWPPWWPPPWPPWWWWWP
300 408245570
200 483475487 97 5 WWWPPWWWPWPPPWWPWPPWPWPWPWPWWWWPWPPWPPWPPWPWWPPDPW
400 25 12 48 WPPPWWWPWWPPPPWWWPWPPWWWPPWPPPPPPPPWPWPWWWPPWPDPWW
200 349675850 89 42 PWPWPWPPDWWWPWPPPPWPPPWPPWWPWPWWWWWWPPPWPPWPPWWWWP
200 283546386 95 13 WWDWPWWPWWPWPPWPWWWWWWWWWPPPPPPWPPWPWWWPPPWPWPWWPP
200 789644203 64 10 PDPWWPWWPPPPPPPPPWWPPPWWWPWPWWPPWPWPPWPWWWWPWWWPWW
200 740871025 32 1 WPWPWPWWPWWPWPPWWWWPPPWPWPWWPPWWPWPPPWDPWPWWPPPPWW
300 413019507
200 4857429 15 72 PPDPWPPWWPPPWWWPWPWWPPWWWPPPPPWWWWWWWWPWWPWWPWWWPP
200 583003619 34 100 WPPWPPWWWPWPPPDWWWPWPWPWPPPWWPPPWWWWPPWPWPPWPPPWPP
400 14 55 1 PPPPWWWPPPPPPWWPDPWPWWPPPWWPWPWPWPPPPWPWPWWWWPWWWP
200 991810179 27 51 PWPWWWPPWPPWDWPWWWPPPWWPPWPPPWPWPPWWPWWPPWPPWWPWWP
300 462347487
200 260583772 92 68 WWWDWPPPWPWPPWWPPWPWWPPPPPWWPPPPWPPWPWWPWPWPWWPPPW
400 21 48 58 PPDWWPWWWPWWPPPPPWWWPWPPWWPPWWWWPPWPWPWWWPPWPWPWWP
200 258632104 53 70 WWPWPPWWWWWPWPWPWWPPPPPWWWWWPWPPPPWWPPWPWDPPPWWPPP
400 39 11 68 PWPPWWWPWWWWWWWWPPWWPPPPWPWWPWPPWPWPWWWPWPDPPWPPPP
200 207632377 5 31 WWWWPWPWPWWPDWPWPWWWWPWPWWWPPWPWWWPWPWWPWWPWWWWPWW
200 546003866 77 43 PPWWWWWPPPPPWWWPWWPPWWWPWWWWWPPPWDPWWWPPPPWPPWPWWW
200 492755186 7 45 PWWPWPPPPPPPWPWWPPWWPPWWWPWPDWPPWWWWPWWPWWWWWPWWPW
400 41 95 46 WWWWWWWWWPPWWPPPWPWDWPPPPPPWPPWPPPPWWWPPPPPPPWWWPW
400 85 82 44 PWPPPWPPWPPPWWWPPWPPPPWPPWPPDPWPWPWPWPPPPPWPPWWPWW
200 83986423 54 62 WPPWPWPWWWWPWDWPWWWWPPWWWWPPWWWPPWPPWPPPPWPWWPPPPP
400 47 46 50 PPWDPPPPPPPWWPPPWWWPPPPWWPPWPWWWPWWPWWWPWWWPWWWWWW
200 141485399 93 62 WWWPWPWPWPPPPPWPWWPPWPWPPWPPWWWWPWDWPWWPPPWWPWPWPP
400 100 43 44 WPWPWPWWWPWPPPPWPPPWWPWPPPWWWPPPWPWWDWWPWPWPPPPPWW
300 957070388
200 775522717 89 60 PDPPWPPPPWPWWWWPWPPWWWWWPWWWWPPWWWPWPPPWWWPWWPWWWW
400 71 21 45 WWWWPWPPWPPPPPWPWPWWWPPPWPWPPWPWPDPWWPPWWWWPWPPWPW
200 176301012 91 28 PPPPPWWWPWWPWWWWPPWWWPWPWWPWPPPPPWPDPPPPWPPWPWWWPP
200 159433828 15 16 PPWWWPPPWWWPWWWWPWPWPPWWPWWPPWWPWPWPPWWPWWWPWWDWPW
200 686544458 81 26 PPPWWWWWPWWWPWPWWWWWPDPWPWPWPPWWPWWWPWWPPWWPPWWPWP
200 21800197 56 5 PWPWWPDWPPPWPPPPWWWWWPWPPPWPWPPPPWWPPWPWPPWPPWPWPP
200 149724962 34 75 PPPPPWWWPWPWPPPWPWPPPWWPPDPPPWPPWWPWPWWWWPPPWWPPWP
200 591851152 73 64 WWWWPPDWPWWPPPPWWPPPPPWPWWPPPWPWWWPPWPWWWWPWWPWWPP
200 426176055 23 69 WWWWPWPWPPPDWWPPPPPWPWWPPWWWPPWPPWWPPPWPWPPPWWPPWW
200 118526856 9 28 PPPWWWWDPWWPWWWWWPPPWWPWPPPWPWWWWWWWPWPWPWPWWWPPWW
200 446234934 10 47 WWPWPPWPPWPWPWPWPWWPPWPPPWPPPWWWWPWWWWPPPWDPWPWWPP
200 794810350 52 17 WPPPPPPWPPPPWPPPPWPWPWPWPWWPDWPPPWWWPWPWWPPPPWWPWW
200 723578806 53 99 PWPPWPPDWPWWWPWPWPPPWWWWWWWPPWPPWPWWPPWWPPPPWPWWWP
200 529431993 81 71 WPWPPPWWPWWWPPWWPPPPDPWWPWWWPPPWWWWWWPWWWPPWPPPWWP
400 12 4 45 WPPPWWPWWWWPPPPPWWPWWWPWPWWPPWPPPPWPWWWWPWWPWWPPDP
400 75 33 23 WWWPWWWWPWPWPPWPPDPPPWPPWPPPWWPWPPWPPPPWPPWPWWWWWW
300 235298667
400 49 16 51 WPDWWWPWWPPWPWWWWPWPWWPPPPPWPWWPWWPWPWPPWWPPWWWPPP
400 19 69 69 PWPWWPWPPWPPPPWWWPWWPPPWPWWWPWDPWWPWPPPWWWWWWPWWWW
300 464070548
200 715942643 88 2 WPPPWDPWPPWPWWPPPWPWWPPPPPPWWWWWWPPPWPWWPWWPPPPPWP
300 55172353
300 8831367
200 373971272 52 70 PWPPPPPWPPWWDWPWPPWPWPPPWWWWPWWPPPWPWWWWPWWPWPWWWW
200 166885240 4 25 PPPWPPPWWPWPPPPWWPPWPPWPWPWWPWPWWWWWDPPPPPWWWWPPPP
200 574392791 5 27 WWWPPPPPPPWPWPPPPPWPWPWWPPWPWPPWWWWPPWPWPWWDPPPWWP
300 480880586
400 21 57 46 WPWWWWPPDPWWPPWWWPPPWPWWWPWWWWPWPWWPPPPWWWPPWPPPPP
400 37 40 45 WWWWPWPPPPWPPWPPWWWWPPWWWPWPWWPWWPPPPPWWPWPWPWPWWD
400 17 84 1 PWWWWPPWWPWPWPWWWWWPWPWWPPWPPWPPWPWPWDWPPPWWWPPPPW
400 38 90 54 PPPPPWWPPPWWPPWWPWWWDPWPPWPPPWPPWPWPPWWWPPWPWWWPWP
400 94 17 51 PWPPPPPPPWWWWWWWWPPPWPWDPWWWPPPWWWWPPPPPPWPWPWWPPW
200 545637277 89 85 WWWWWWWWWPWWPWWPWPPWWWWPWWPWPWWPPPWWWWPWWWWWWWWWDW
400 41 28 27 PPWWWPPWPPWWDPPPWWWWPWWPPPWPWPWPWPWPWWPWWWPWWPPPWP
400 96 32 28 PPWWWWWPWPWPPWWDPWWWWWPWWPWWWPPWWPPPPWWWPPWPPPPPWP
300 532071266
300 906047986
200 283457418 92 48 WPPPWWWPWWPWPWWPPPWPPPWPWWPWWWDPWWPWPWWWPWPWWPPWPP
200 55948863 90 22 PWWWWWWWWWWWWPWPPWPPPWWWWPWPWPWWWWDPWWWPWPWWWPWWPP
400 28 3 26 WPPWPWWPWPPPWPWPPWPPWWPPPPWPPPPPWPWPWWPWWPPPDPPWPP
400 66 61 68 PWPPWPWWWWWPWWWWPPPWPWPPWPWPPWPWWWWPWPPWWPWPWDPWWW
400 15 54 19 WWPWWPWPWWWWPPPPPWPPPPWDPPWWWPPWWPPWPWPWWWPWWWWPWP
400 78 5 48 WPWWPWPPWWPDPPWWWWWWPWPWWWWPPWPWPWPWWPPPPPPWWWWWPW
400 20 79 49 WWPPWWWPWWWWPWPWWWPWPWPWWPPPWWWPWWPDWPPWPPWWPWWPPW
200 594335374 51 10 PWPPWPWPPWPPPPWPWPDPPPPPPWPPPPPWPPWPPPWWWPPPPWWPWW
200 72725003 61 72 PWPPPPWPWWWWPPWPWWWPPWWPPPPPWWPWPWPWWWWDPWPWPWPPWW
300 544869182
200 742210160 32 70 WPWPPWPWWWPPWPDPWPWPWPPWWWPWPPWPWWPWWWWWWPPPPWWWPW
400 24 90 53 PWWWWWWWWPWPPWWPWDWWPPPWPPPWWWPWWWPPPPWWWWWPWPWPWP
300 127155556
200 722080913 80 62 PPPWWPPWWPPWWWPPWWWWWWPPWWPWPPWPPWPWWDWWPWWPWPWWPW
200 123935279 60 90 PWPWWWPWWPPWWWPPPWWWPWWPPWWWPPWPPPWPPPDWPWWPWPWPWP
200 208249343 80 93 WPWPPWWPWPWPWPWWPPPPPPWWWPWWPWPDPWPPPWWPWPWPWPWWWW
200 120725638 10 68 PWPWWWWPWPWWWWWWWWPWPPWPWWDPPWPPPWWWPWWWPWWWPPWPWW
300 682564425
200 3884331 66 6 WPWWWWWWWPPPWWWDWWWPWWPWWPWPPWPPPPPPPPWWPPWPPPPWWW
200 609977750 61 3 PWPWWPPPPWWPDPPPWPWWPPPPPWPWWWWWWWWPWPWWWPPPWPWWWW
400 29 95 29 PWDPPPWPPPWWWPPWPPPPWWWPWPPWWWWPPPWWWWWWWWWPWWPPPP
200 705556356 93 96 PPPWWPPWWDPPPPWWPWPPWWPWPWWWPPPPWPPPWWPPPPPPPWPPWP
200 750391251 80 59 PPPWWPWPWWWWPWPPWWPPPWWPPWWWWWWPPPWPPWPPWPPPWWDWWW
300 492031099
300 884526876
200 920677328 76 49 WWPWWWPWWWPWWPPWPWWPWWPDPPWWWPPWPWPPPPWPPPWWWPPWWP
200 186188987 27 66 PWWWWPPPPPWPWPDWPWWPWWPWPPPWWPWPPWPWPPPPPWWPWWPWPW
400 63 81 25 PWWWPWPDWWPPPPWPPPWPPWPPWWPWWWWWWWWPPPPWPWWWWPPWWW
400 88 2 1 PWPWPWWPPWPWWPPPPWWPWDWPPPWWPPWWWWPPWPWWPWPPPWWPWW
200 353041254 35 98 PPPWPPWPWPWPWWPPWWWPWPPWPPPPPPPWPWWWPPDPWWPPWPPPPW
300 841777364
400 95 10 41 PPWPWWPDPPWWPPPWPWPWPPPPPWPPPPPPPPPPPPPWPPPWWWWPWW
300 173678473
200 49939853 23 59 PWWPWPPPWPPPPPWWPWWWPWWPPPPWPWPWWWWWWWDPPWPPPPPWWW
300 283546386
200 250418262 35 50 PWWWPPWPPWWDPPWWWPPPWWPWWWWWPPPPPPPWPWWWWPWPWWPPWW
200 175680025 13 10 DWPWPWWWPPWWPWPPPWWPPPPWWPPPPWPPWPWWPWPPWWPPWPWWPW
300 715363500
400 6 48 71 WPPWWWPPPWPWPPPPWWWWPWPWWWPWWWPPWPWWWPWWWPWWDPWWPP
400 16 37 46 PWDPWWWWWPWWWWPPWWPPWPPWPWPWWPPWWWWPPPWWWPWPWPWWPP
400 17 20 25 WWPWPWPWWWWWPPWPWWPWWWPPWWWPWDWPWWWPPWWPWPWPWWWWPW
200 703346015 98 100 WWDWWWWWWWPPPPPPPPWWWWPWPWWPPWPWWPWWWPPWPWWWPWPWWW
200 751528345 39 84 PPWWPPDPWWPWPPPPWPWPPPWWPWWPPWWPWWPPPPPPPWWPPWWWPW
200 217832842 49 9 PWWWPPWWPPWPWDPWWPWPWWPPPPPPWWPWWPWWWWPWPPWPWWPPWP
300 816924174
200 283579366 39 40 WWWPWWWWPWWWWPWWPPWWPWWWWPDWWWWPPWPPPWPWPPPPPPWPWW
200 803129599 15 100 WWWPPPPWPPPWWWPWPPWWPWPWWWPPWPWWWPWPDWPPWPWWWPPWWW
300 63776316
200 258819695 85 78 PPWDWPPWPWPWWPPWWPPPWWPWWPWWPWPPWWWPPWWWPPPPPPWPPP
300 913908584
300 925105126
300 403825854
400 76 44 27 PWPPWWWWWPPPWWWWWWPWWPWPWPWWWWPPWPPWWWPWWDPWWWWPWP
200 922835689 33 6 WPWPPWPPWWWWWWPWWPPPWDPPWPWWPPPWWWWWPPWWPPWPPWWWWW
300 707615030
200 400813953 66 30 WPPWPWWWWWPPPWPPPWPWPDWPWWWPWWWPWWPPPWWPWPPWPWPWWW
300 419202225
300 178739006
400 42 50 25 WPPWWPPPPPWPWPWPPWPPWPPWDWWPPPWWWWPPWPWWPWWPPWPPPW
200 815942546 86 57 PPPPPPPWPWWPWPWPPPPWPPWWWWPWPWPPWWPWWWDWWWPPPPPPWP
300 95952885
300 928958174
300 902342787
200 332979289 54 59 WWPPPWWPWWWPPWPWWWWWWPPPPPWWWDWPPWPPWWPPPWWWPWWWPP
200 873613217 21 2 WWPWPWWPWWPPWWPPWPWWPPPPPWWPWWWWDWWPPWPPWWWPWPPWWW
200 804400086 43 5 PWPPDWPPWPWPWPPPWPWWWPPPPWWWWPPPPWPPPWPPWWWPPWPWPW
400 58 81 25 WPWWWPWPPWPPPWWPWPWWWPPWPWPWPPPPPDPWWWPWWPWPPWWWWP
300 791517937
200 432711810 99 7 PPPPWPPPWWWPPPWWPPWWPWWPPPWDPWPPPPPPWPWWPWWWWWWWWP
400 31 11 44 PPPWDPPPWPWPPPPPWPWWWPWWWPWPPPWPWPWWPPWPWWWWWWWPWP
400 4 92 49 WPPWWWPWWPWWWWPPPPWPPWWPWWPPPPWWWWWWPPPPPPWPDPPPPP
300 591851152
200 13071972 17 16 PPWPWWPPWPWWPWPPPPPPPWWPPPPWPWWWWWWPWWWWPWPPPPWPWD
400 30 43 45 PWWPWPPPPPPPPWWWPWPPPWPWWPWWPWPPPPWWPDPWPPPPPWPPPW
200 278210858 50 15 DWWPPWWWWPWPPWPPWWWPWPWPPPWWWWPWPPWPWWPPPWPWWWPPPP
400 32 73 27 WWWPWPPPPPPPWPWWPPWWWWPWPWPWWPWPPPWPWWPDPPWPPWPWPW
200 936462453 13 88 WWPWPWPPWWPPPWPWWPPPWWWWPPPPPPPPDWPWPPPWWWPWWWWPPW
400 84 12 45 PWPWWPWWPPPPWPPPWWWPWPPWWWPPWWPWPWPPWWPPPPPDWPWPPW
400 32 45 43 WPPPWWPPPPWPWDPPPPPPWWPPWWWWPWWPWWWPWPWPWPWPPWWPWP
300 101051220
300 922835689
300 278210858
200 785160392 23 7 WPWWPWPPWPPWPWWPWPPWWWWWPPPPPPWPDPPPPPPWWWWPWWPPWP
300 283457418
300 574392791
200 315012638 56 11 WPWWWPWWPWWWWPWPPWWPWPPPWPPPWWWPPPWPPPWPDPWWWWWPPW
300 823832601
200 896265985 75 42 PPWPWPWWWPPPPPWPPWWWPWWPPWWPWWWPPPWPDPPWPWPPWPPPPP
200 53436808 3 94 DPPPWWWWWPWPPWPWWPPPWWWWPWWPWPWPPPPWPWPPWPWPWWWWWP
300 315012638
400 76 49 1 PWPPWWWPPPPWWPPWWWWWWPWPWWPPWWPPWPPPWWPPWWDPWWPPWP
200 6316327 26 38 WPWPPPWWWPWPWWWPWWWWWWPWWPPWWWPPPPPWWWWWDPWWPPWPPW
300 354887914
400 95 55 25 DWWWPWWWPWWPPWWPWPPPPPPPWWPPWPPWPWWWPWPWWPPPPPPWPW
400 80 40 50 DPPWWPPWWPPWWPWPPWWWPPWPWWPWPPPWWWPWPPPWWWPPPWPWPW
300 925484028
200 13441271 18 55 PPWPWPPPPWWPWWWPWWPPPPWPPWWWWWWWPPWPWWDPWWWWWPWWPP
200 59418110 41 78 PWWWWWPDPPWPPWWWWWPPPWWPPPPWPPWPWWPPWPWPWPPWPWPWPW
400 59 49 47 PPPWPPWWWPPPWPWWPWWPPPPWWWPWWWPWPPWPPPWDWPWPWWWPPW
200 671589032 21 73 PPWWWWWWPWWPPWWPWPWWWWWWPWWWWWPWWPWPDWPWWPWWPPPPWP
200 29853900 84 94 PPWPPPPWPPPPWWWPPPPPPWPPWWWPWWWPPPDWWWWPWPWWPPPWPW
400 78 13 25 DWPWWPPWWPWPPPPWPWWPPPWPWWPWWPPPWPPWWWPWPWPPWPWPWW
300 645351154
400 35 3 23 PWPPPPPWPWWPWWPPPWPPWPPPWPPWDWWWPWPPWWPPPWPWWPPWWP
200 619866414 53 84 PWPPWPWPWPWPWPPPWPPPPPWPWPWWDPPWPWWPWWWWPWWWWPWPWP
400 58 86 39 PPPWPWPWPWPWPPPPPPWWWWPWPPPPPWPPWPWWPWWPDWWWWWWPWW
200 521003699 11 77 WWWWWWWPPPWWPPWWPWWWWPWDWWPPPPPWPWPPWWWWPPPWPPWWPW
200 25448064 44 8 PWWWWPPWWWWWPPWPPWWPPPPPWPPWPPPPPPPPPPWWPPWWPWDWWW
400 21 63 47 PPWPPWPPPWPPPPWWPWPPPPWPPWPWPWWPPWPWWPPWPPWDWWWPPP
400 9 51 22 WWPPPPPWWWWPWWWPWWWWWPPPPWPPPWPPPWPPWWWWPPWPWWPDWW
300 598226401
300 258819695
400 54 23 24 WWPPWWPWPWWPWPWPWWWPWWWWPPWWWWWWWWWPPWDPPPWWWWWPWW
200 892889475 63 94 WPWWWWPWWPWPWPPWPWWWWDPWPPWPPPWWWPWPPWWPPWPWWPPPPP
300 99620182
300 67847063
300 1229742
300 147734599
400 73 29 26 PPPPPPPWPPWPWPWPPWPWPWPWPPPWPPPWWWPWPDWWWPPPWPWWWW
400 86 41 51 WWPPPPPWWWWWPPWPWWPWPWWPWPWDPPPWWPWWPWWWPWWPWWWWWW
200 839992756 50 46 PWPPPWPPPWPPWPWWPWPPWPWWPWPWPPWWPPDPPWWWPWPWPPWWPP
200 249839722 74 29 PWPWWPWPWWWPWDWWPPPWWWPWPPWWWWWWPWWPWWWWWPPPWPWWWW
200 449432254 48 5 PPPWWPWPPDWWPWPPPPWWWWPWWWPWWPPWPPPWPPWPWPPPWPWPWP
300 592809959
400 23 53 45 PPPDPPWPWPPWWWPWPPWWWWWPWPPWPWWWPWWWWPWPWWPWWPWWWP
400 81 80 45 PPPWPWWPWPPWWWWPPPPPPWPPWDPWWWWPPWPPPWPPPPWPPPPWWW
200 127563762 45 6 WPWPWPPPWPPPWPWPWDWPPPWPWWWWWPPPPWWPPPWWWPWPWPPWWW
200 976681670 72 74 PPPWWWWPWPPWPDPWPWPWWPPPWPWPPWWWWPWPWWPPPWPWPWPWWP
400 88 51 22 PPWPPPPWPWWPPPPWWWWPWWWPWDWWWPWPPWWPWPWWWWWPPWWPPW
400 83 68 29 PPPWWWPWWPWPPWPPWPDPPPPPPWWPPPPWPPWWWWWWWPPPPWPPWP
200 391598666 79 52 PPWPPWWWWPPWWWPWWPWWPWPWWWWWWPPWPWWWWWWWWPPWPPWWDW
400 36 37 48 WPWPPPWWWPPWWWWWPPWPWWPPWPWPWWWWDWPPPPPPPPPWWWWWWW
200 938705581 30 35 WPWPWWPWWPPPWPPWWPWDWWWWPWWPWPPPPPWPWPPWWWPWWWPWPW
400 94 66 46 PWPPWWWPWPWWWPWPPWWPWWPWWWPPWDPPWPWPPWWWPWPWPPPPPW
400 98 20 18 PPWWWWWPPWWPPPPWPPWPWWPWWWWWPPWWWPWWWWPWWDWWWWPPWW
200 660279091 65 9 PWWPWPPPWWWWWPWPWWPDPWPWWPPWPPWWPWWWPWWWWPWPWWWPPW
400 43 27 44 PWWWPWPPPWPWPWPWWWPWPPWWPPPPPPWWDPPPPWWWPWWPWPWPWW
300 707039239
200 233042121 55 30 PWWWPWWPWPPPDPWPPPPPPWWWPWPPPWWPWWPWPWWWPPPPPPPPWP
400 60 47 45 WWWWWPPPWWPPWWPWPPPWWPWPPPWWPWWWPPPWWWWPPWPWWWPWPD
400 88 87 47 PPPWWWWPPWWPPPWPPPWWWPPPWPWWWWWPPPWWPWPPPPWWWWWDWP
200 434820291 64 30 PWWPPPPWPWPPWWPPWWPPWPPWWPPWWWWWWPPDWWWWWPPPWWWWPP
400 65 39 24 PWPPWWPWPWWPPPWWWWWPPPWWWPWPPWPPPWWWPDPWPWWWPWPPPW
400 85 70 22 PWWPPWPPPPPPWPPWPPPWPWDWPWPWWPWPWWPPWPPWWWPPPPWWPW
400 46 67 1 PWPPWPWPWWPPPPWWPWPPPPWWWPPPWPWWWWWPWWPWWWPDWPWWWP
200 378412053 11 10 PPPPWPWWWWPPPWWPWWPPWPPWPWPWWWPDWWPWWWWWPWPPWWWPWP
400 57 74 24 PPWPDPPPWPWPPWWWPWWWWPPWWWWPPPWWPPWPWPWWPWPPPWWWWP
300 705556356
200 243214621 98 41 WPWPPWWWWPWPWWWPWWPPWPDWWWPWPWWWWWWWPPPPWPPWWWWPWP
400 69 50 48 PPPPPWPPDPWWWPWWPWPWWWPWWPWPWPPPWWWPPWWWPPWPWWWPPP
400 54 80 23 PWPWWWWWPPWPWWWWPWWWWWPWWPPPWDPWWWPPPWPWPPWPWPPPWW
400 58 37 49 PWPWWPPPPWPWPPWWWPPDPPWPWPWPPPPPPWPWWWWWWPWPPPWPWP
400 9 2 49 WPWPPPPPPDWWWWWWPPWPPPPWWWPPPPWWWPPPPWPPWWPPWWWWPW
200 5566275 20 25 PWPWWPPWWPWPWPWWWWPWWWPPWWWDWWPPPWWWPPPWWPPPWWPWPW
400 42 29 24 WPWWWPWWPPDWWWWPWWWPPWWPPWWWPWPPPWWWPPPWWWPWWWWWPW
200 390114300 13 21 WPPPWWWPPPPWWPWDWWPWWWPPPWPWPWPWWWWPPWWWWWWWPWWWWP
400 59 9 27 WWWPPPWWWPPWPWWWWWPPDPWWPWPWWWWWWPWPWWPPPPWWWWWWWP
200 529267315 41 32 WWPPPWPWPPPPPPPPPPPPWWPWWPPWPPPWWPWPWWWPPWPWWPWDWW
400 23 14 26 PWPPPWPWWWPPPWPPPWPPPWPPWPPPPPPWPWPPWWDWWPPPWPPWPP
400 91 24 1 PWWWWPWWPWWWPWPWPPPPPPPPWPWWPWPPWWDWWPPWWWPPWWWPPW
200 839897499 66 10 PWPPWPWWWWWPDPWPWWPWWWPPPWPPPPWWWWWPWPPPWPPPPPPWWP
200 11245739 39 15 PPWWWPWPPPWPWPPPPWWWWDWPPPWWWPWPPWPPPWPPPPWWWPPWWP
200 659206745 93 6 PPWWWWWPWDWWWWWWWPPWPPPWPWWWPPWPWWWWPPWPPWWPWWPPWW
200 612178191 93 78 WWWWPPWWPWPWWWWPWPWPWPPPPWWWWWWPPWPWPPWWWPWPPPPDPW
300 532554612
200 89572091 31 40 PPPWPPWPWPPWPPWWPPPWWPPPWPWWPWDPWPPWPPPPWWWWPWPWPW
300 433841204
400 37 70 24 PPWPPPWWPWWPPPPWPPPWDPWPWPWPWPWWPPPPPWPWWPPWWPPPWP
400 90 8 45 PWPWPPPWPPWWPWPWWPWPWPPPWPPPPWPWWWWPWPWPPPPWPDWWPW
300 103196687
300 784925949
400 8 55 47 WPPWPPPPWWPWPWPWPWWPPPPPPWWPWPWPWWWPPPPDPWWPPWWPPP
200 22961939 94 19 WPPPWWPWWPWPWPWWWPWPPWPPWPPWDWWPPPPWWPWPWWWPWPWWWP
300 893072537
400 98 100 1 PPWWWWPWPPWWWPWPWDPPWPWPPPPPPWPWPPWPWPPWWWWPPPWPWP
400 32 70 1 WPWWWWWPWPPWWPPPWPPWWWPWPPWWWWWPWPWWWWWPWDWWPWPWPP
300 17286474
200 299474738 79 75 PWPWPWWWPWPPWWWPPPWPPPWWWWWPPPPWPPWPWPWPWWWWDPWWWP
200 346571140 57 61 PPPWWWPDWWWWPWWWPPPWPPWPWPWPPWPPWWWPPWWPWPWPPWPPPW
200 694835810 96 13 PPPWWPPWPWWPPPWPPPWWPPWPPWWWWPPPPPWPWWWPPPDPPPPPWW
400 14 38 26 PWPPDWPPPPPWWWPPPPPPPPWPPWWWPWWPWPWWPWPPPWWWPWWWPW
400 99 39 44 WWWWWWPPPPWWPPWPWPWDWWPWWPWWPPWWPWPPPPWPWWWPPWWWWW
200 97608972 47 18 PPWWWPWPWPPWPWPPWWPWWWWWPWPPDWWPWWPPWWWWPWWWPPPWPP
200 973064381 80 2 PPPWPWPWWPPWDPPWPWWWPPPPWPPPPWPPWPWWWWWWPPPWWPPPPW
200 606686801 4 69 PPWWWPWPWPPPWPWPPPPWWPWWWPWWPWPPWDPWPPWPPPPWWPPPWP
400 70 72 44 WWWPWPPWWWPPWWPPPWWPPPPPPPPPWPPPWPWWPWPPDWPWPWWWPW
400 62 47 21 PPWPPPPWWPPPWPWPPPWWPPWWWPPWPPWDPPPWWPWPPWWWPPPPPW
200 791207640 83 97 PWWPPPWWPPPWPWPWDWWPPWPPWPPWWPPPPPPWPPPWPPWPWWWPPW
200 765297197 35 4 WDPWWWPWWPPPWWWWWWPPPPWWWWPPWWWWWWPPPWWPPPPPWWPPPP
400 11 15 46 PPWPPWPPPDWPWWPWPPWWWWWWPPWWWPWPPWWPPPWPWPWPPWWWPP
400 38 100 72 PPPWWPPWWPWPWWPPPWPWWWDWWWPPWWPWWPPPWPWWWPPPPPPPWW
200 73536258 81 57 PWWWPPWPPWWPPPWPPWPWWWPPWWWWWPWWWPWPPWWPWDWWWWPWPW
400 78 26 49 WPWPPWWWWPPPWWWPPPWPPPWPWWWWWPPPPWWPWWDPPPPWWPWPPW
200 17101855 26 96 WPWWPPPWWPPWPWWPWPPPPPPPPPPPWPPPPPWPPPWWWDWWPWPWPW
200 32362194 89 6 PWWWWWWWWWWPPPWWWPWWPPPDPWWPPPPPWPPWWWWWPWPPPPPWPP
200 415359950 80 38 WWPWPWPWWWPWWPWPPPPPPWWWPPPPWPDWWWWWPPPPPWPPWWPPWP
200 58853159 21 97 PWWWPWPWWPPPWWPPPWWPPWPPWWWWWPWPPPDWPPWPWPWPWWPPPP
200 747101482 52 5 WWWWWWWWWWPWPPWPPWWWPWWWWPWWWDPWWPPPWWPPWWPPWWWPPP
200 318421091 8 86 PWWWPWWWPWWWWWWPWWPWPPDWWPWWPWWWPPWPPWWPPWWWWPWWWW
200 139286814 48 8 PPWPPPWPPWPWPPWWWWWWPPWWWPWWWPWWWWWWWWPWWWDWWPWWPP
200 348041789 28 51 WPWPWDWWPPPWWWWPPPPPPPWWWPWWWPPPPPWPWPWWWWWWWPPWWW
200 508002489 51 67 PWWWWPPPWPWWWPWWPPPWPWPWWPPWWDWPWPWPPWWPWPPPPWWPWW
200 185725789 9 60 DWWWPPPPPPWWPWWPWPPWWPPPPPWPWPPPPWPPWWWPPPWWPPPWPP
200 483850792 62 5 WWPWPPWWWWPWPPWWWPPWWPDPWPPPWWWWPPPPWPPPWPWPWWWWPW
400 6 58 47 WPWPWPWPPWWWPWPDPWPPWPPPWWPWWPWWPPWWPWWPPPPPPWPWWP
300 538955130
400 36 74 28 PPPWPWPDWPPWPWWWWWWPPPPWWWPPPPWPWPPPPPWPWWPWWPWWPP
400 33 60 43 PPPPPPWWPWPWPWPPPWPPPPPPWPPWWWWWWWWPPDPPWPWWWWPWWP
400 75 11 45 WWWPPPDWPWWPWWPPWWWWPPWWWWPWWWPPPWWWPWWWWPWPPWWPPP
400 37 19 43 PPPWWWPWPWWWWWWPPPWPWWWPWWPPWPPWWWWPPWPWWDPWWPWWWW
300 740871025
200 376761389 25 26 WPWWWPWPWWPPWWPWWWPWWWPPWWPWDPWWWPWPWPWWWPWPWPPPWP
400 6 34 51 PPWPPPWWWWWWWWPPWPPWPPPWPPPPPPWWDPWPPWPPWWWWWWPWWP
400 81 29 47 PWWPPWWWPPPWPPPWPWPPPPPPPWPWPWWWPDPWPPWWWWPWWPPWPP
400 74 95 24 WPPWPPWWPPPPPPPPPPWPWPPPWWWDWPPPWWPWPPWPPWWWWPPPPP
400 18 79 45 PPWPPPPDPPWPWPWWWPWPPWPPPPPWWPWWWWPWWPPPPWWPPPWWPP
400 49 28 20 WPPPWPWWWWWWPPPWPPWPPWPWWWPPPPWWPPWWWPWWWWDWPPPPWP
200 311267013 74 98 PPDWWWPPPWPWWPPPWWWWPPWPPWPPPPWPWWWWPWPWWWPPPWPPPW
200 133743604 42 97 PPPPWPPWPWWWWPWPPPWPPWWWWWPWWPWWPPPPWWPPPPWPDWWPWW
400 45 47 25 PPWWPWPPPPPDWWPPPPPPPWWPWPPWPPPWWWWWWWWPWPPPPPWWPW
200 974235925 37 32 DWPWPPPWPPPWWWWPPWWWWPPWPPWWWWWPWWPPWPWPWWPPWWPPPW
400 26 96 1 WPWPWWPWPPPPPPPPPPPWPPWPPWDPPPPWPPPPWPWWPWWWPWPWPP
400 42 71 48 PWPPPWPPPWWWPWPPPWPPPPDPPWWPWWPPPPPWPPWWPPPPPPPWPW
400 53 4 22 WWPWWPPWWWPPWPPWWWPWPPPWPPPWWDPWPWWWWWPWWWWWWWWPPW
400 18 15 40 PPPPWPWWWWWPPWPWWWDPWPPPPPWPWWWPWPPPPWPPWPWWWPPPWP
200 289929436 84 6 WWPPPPPPWWWWDWPWWWWWPWWWPPPWPPWPWWWPPPWWWPWPPPPPWW
400 15 32 44 WPPPWWPWWWPPWWPWWPPPPPPWPWPPWPPWWWWWWDWWWPWWWWPWPW
200 709956169 66 15 WWPPWWPWDWWPWPWWPWWWWPPWPPPPWWPPPWWPPPPWWPWWWPPWPP
200 666118405 40 72 PWWWPWWPWWPPPWPWWWWWWWWPWWWWWWWWDPWWWPPPWPPWPWWWPW
300 483850792
200 660829623 84 8 PPWWWWWWPPWWWPPWWPPWDWWPWWWPWWPWWWPWWPPWPWWWWWWWWP
400 63 97 50 WWPPPWPWWPWPPPWPWPPWPWPWPWDWPWPWPPWPWPWPWPWWWWWWPW
400 83 94 45 PPPWPPWWPWWPPPPPWPWPWWWWWPDPPWWWPWPWWWPWWPPWWPWPPW
200 810366300 42 100 WWPPWWWPWPWWWPWPWPWPPPWPWPWPWWPPDPPPPPPWPPPWPWPPPP
200 46865170 59 90 WPPPPPWWWWWWDPPPPWPWWPWWWWWPPWWPWWPPPPWWWPPPPPWWPW
200 374070860 91 73 WPWWPWPPWPPWPPWPWWWWWWWWWPPPWWWWPDWWPPWPWPWPPWPPWP
200 233398552 7 47 WWPPWWPWPPWPPWPWWWWWWPDWWWPPPPWPPWWPPWWPWWWPWWPPWP
400 70 32 1 PWPWPWWWPWPWWWWPWPDWPWPWPPPWWWPPPPPPPWWPPWWWWPWWPW
400 96 1 23 WWPWWWPWWPPPWWPDWWWWPPPWWPPWPWWPWPWPWPWWPPWPPWPPWW
200 136091934 64 96 DPWPWWWWPPPWPPWPWPPWPPPPWWWWPWPWPWWPPWWWWWPPWWPPPP
400 27 17 50 WPWWWPWPPWWPWWWPWWPPPPWPWWWPPWPPPWWPWPPPWWPWDPPPWW
400 38 92 50 WPPPPWWPWPDPPPPPPPPWWPWPWWPPPWPPWPPWWWPPPWPWPWWPPW
300 813054186
400 28 77 43 PWWPPWPWPWWPPPWPPWPPPPWPWWPWWWDPPPWPPPWPPPPPWWPWWP
200 808166749 54 25 PPPPWWWPWWWWDPWWPPWWWWWWWWWPWWPWPWPPWWWPWPPWPPWWWP
400 20 32 68 PPPWPWWWWWPPPWPPPPWWWWWWPPWPPPWPPWWPWPWPWPPWPPWPWD
400 63 14 24 PPWWWPWPPWWWWPPWPWWPPPWWPPPPPWPWPWDPWWPWPWPPWWWWPP
400 14 49 23 DPPWWWPWPPPPWPPPPPWWPPWPPWPPWPPPPWWPWPPWWPWPWWPWPP
200 87650053 73 23 PWPPDPWWWPWPWPWPPPPWWPPWWWWWWWPPPPPWWPPPPWPPPPWWWW
200 941847020 27 79 WPWWWWWPPPPPPPPPDWWWWWWPPPWPWWPPWPPPWPWWWPPPWPWWWP
200 941687078 11 56 WWWPWWPPWPPPWPPWWPWWPWWPPPPWWWWWDWPPPPPWWPPWWWWPPW
300 33951025
400 64 31 1 PPPDPWPPPPPPPPWPWPWPWWPPWWPWWWPPPWWWWPPWPWWPWPPWPW
200 21507101 52 93 WWPPPWWWPPWPPWPWPWPPPWPWPWWWPPWWPWDWPWPWPPWPPPWWWP
200 286862677 2 81 PPPPWPPWPWPPPPPWWPWPPPWPPWPPWPPWWWPPPPWWPWPPPWPPDP
400 69 7 19 WPPWWPPWWPWPWPPPPWPWPWPWWPWWWWWPPWDWPPPPWPWPPWWWPW
400 26 35 42 WPWPPWPWWPPPPWWPWWPPWPWPWWPPPPPDPPPPWPWPPWPWPWWPPW
300 765297197
400 14 85 25 WPPPWPPWPWPWWPPWWPPPWPWWWDPPWWWWPWPWPPPPPWWPPPPPPP
400 61 26 47 PWPWPPWWPPWPWWWPWPWPPWWPPPPWWWWWWPDPPWWPWPWWPPPWPP
400 58 49 48 WWWWPWPPWPWPWDPPWPWWWPPWWPPPWWWWPPPWWPWPPPWPWPPWWW
400 17 58 67 WWPPPWPPWPWWWPWDWWWWPPWPWPPPWPPWWPPWWPPPWWWPWPWWPW
400 73 55 23 PWPPWPPPPWWPDWPPPPPWWPWPWWPPPWPWWPWWWPWWPPPPPWWPPW
400 38 73 63 WPPWWPPPWWPPPPWPPPPPDPWWWPPWPWWPPPPPPWWWWWWPWWWWWP
200 113990340 99 69 PWWPWPPWPWWWWWWWWWPPWPWWPDPWPWPPWWPWWWPWPWWWWWWPPP
200 463584490 83 26 PWPWPDWWWWPPWPWWWPWPPPWPPWPPPPPPWWWWPPWPPWPWPWWWWP
300 346571140
300 342324247
200 573775979 75 7 WPWPPPPPWPWWPPWWPWPPPPWDPPPPPWPWWWWWWPWPWWWWWWWWPP
400 9 70 27 PWWWPWWPPWPWWPPWPWWPDWWWPWPWPWWWWPPPPPPWPWPWPWWWPW
200 14525337 57 76 WWPWPWWPWWWPPPPWPWPWPPWWPPWPPWWWWWPPPDWWPPWPWPPPPP
400 69 75 44 WWPWPPWWPPPWPWDPPPPWPPPWPWPWWWWPWWPWPPWPWPPWWPWWWW
300 628690839
200 719062239 4 56 PWPPWWWWWPPWWWPWPWWPPPPPWWPWWPPDWWWWPPPPPPWWPPPPPW
400 50 59 27 PPPPPPWWPPPPPPWPWWPPPPPWWWWPWPWPWPWWWPWWWWPPWPPDWP
400 14 80 23 PPPPWWWWWPWPWPWPWPPWWPWPPPWPPWWWWPPWPWPPWWPPPPWDWP
200 60554143 21 12 WWWPWPWPPPWWWPPPWPWPPPPWWWWPPPWWWPPWDWPWPPWPPPPWWW
400 20 63 1 WDPWWWWWPPWWPWPWPWWWWWWPWPPPWWPPWWWPWPPWWPPPPPPWWW
400 48 88 46 WPPPWWPWPPPWPPWPPWPWPPWWPPWDPPPWWWPWWPWWWPPWWWWWPP
400 26 12 50 PWWPPWPWPPPWPPPWWWPWPWWPPWWPWWWPWWWDWWPPWWWWPWWWPP
200 55605420 29 100 PWPWWWWPWWWWPPWWWWWPWWWWWWPPWPWWPPWWPWWWDPPWWPPWWW
400 82 49 44 WWPWDPPPPWWWWPPWWPWPPWWPWWWWWWWWWWWWPWWPPPPPPWPWWW
200 715941657 26 85 PPWPPWWPPPDPWPWWPWWWPPPPPWPWWPPPPWWWWPWPWWWPPWWPWW
200 53797078 69 41 PPWPWPWPPWPPPPPPWWPPWPPPWWWPWPWWPDWWPWWPWPPPWPPPPW
300 50212767
400 97 4 46 WPPWWWPWPPWWPWPPPWPWPWWWPWPPWWWPPDPPPWPPPWPWWPPPWP
400 15 55 21 WPWPWWWPWDWWWWWPWWPWPWWPWWWWWPWWPPWPPPPPPPWPPWPPWW
400 39 71 46 WWPWPPPPWWPWPWPPWWWWWPWPPWWPWWPWPPWWPWWPPPPWWWPWPD
400 95 56 41 PWWPPWWPWWWPPWPPWWPPPWPWDWPWWWWPPPPWWWWPWPWPWWPPPP
200 84323948 52 38 WWWPWWPWDPPWWPWPWWWWWWWPPWPPWWPWPPPPWWPPWPPPWWPPPW
400 51 37 22 PPPPWWPPPWPWWPPPWPWPPWPWWWPWWWWPWWWPWWWWPPWPPWDWPP
400 77 71 43 PPDPPPWPWWPPWWWPPPWWWWWWWWWPWWWWWPPPPPPPPPPWPPPWPW
400 98 49 44 WWWWPWWWWPWPWPWPPWPWWWPWPWPPPWPPWPPWDPPWPPPPWPWPPW
400 27 25 44 WWWWPWWWWPPPWPWPPPPPPWPWPWWWPWWWWWDPPPWPWPWWWPWPWP
400 23 84 46 PWPPWPWPWPPWPWPWWPWPWPWWWPWPPPPPWWWWPWPWWWWWWWPPDW
200 654052279 95 57 WPPPWWPWWPWWWPPWPPPWWPPWWPPDPPPPPWWWWWWPPWPWWWPPWP
200 502874957 57 19 WWPPPWPDPPWWWWPPWWWPPWPPPWPPWPWWWWPWWWPWWWPWPWPWWP
300 286862677
200 634420467 22 65 WPWPPPWPWWPWPWWWWWPWWDWPWPWWPPWPWWWPWPPPPPWWPWPWWW
200 63191931 15 31 WPPPPWPPPPPPPWWPPPPPPWWPPWDPWPPWWPWPPPPPPWWWWPPPWP
400 94 43 46 PPPWWPPWWPWPPWPPPPWPPWWWPDWPWWPWPWPPPWWWPWWPWPPPWW
400 89 31 24 WWPPPWWWPPWPPPWWWPPWWWWWWWWPWWWPPDWWPWPPWWWWWWPPWP
200 673882276 47 55 WWPWPWPWPWDPPWWPWPPWPPPWWPPWWWPWPPPPWPWPWWWPPWPPWP
400 20 36 27 WWWPPPWWPWPPPPPWWWPPWWPWWPDWPWWWWWPWPWWPWPWWWPPPPP
400 22 69 44 PWWWPPWWWPPWWWWWWPPPWWDWWWPWWPPWWWWWWWWPPPPWPPPPPP
400 69 92 48 WWPPWWPPPPPWWPWWWPPPWWWPPPPPWPWPPPWWPPWWDWWWPWPWPW
400 49 66 46 PWPPPDWWPPPPPWPPWWPPPPPWWPPWWPPPPPPPWPPWPWPPWPPWWP
200 43098155 10 31 PDPWPWWWPWPWPWPWWPWWWPWPPWPWPPWPWPWPPWWWPPWPPWWPWW
200 135179922 71 1 DWWWWWWPPPWWWWPPWWWWWWPPWPWPPPWPWPPWPPWWPPPWWPPWPW
400 22 34 47 PPWPWWWWWPWDWPWPPPPPPPWPWWWWPPWPPPPWPWPPPWWWWWPPPW
300 539458057
200 566512464 59 94 WWPPWWWPPWWPWWPPPPWPPWWPDPWWWPWWWPPPWWWPWWWWWWPWWW
300 426446699
200 947710422 85 30 PWPPWPPWWDPWWPWPWPPPWPWWWPPWWWPPWPPWWWWWWPPPPPWWPW
200 963595363 13 15 WWWPPPWWPPPPWWWPWPPWPWWPPWWWWWPWWPWWDWPPPPPWWWWWPP
200 971803916 56 53 WPWWPPWWWPPWPWWWPPPPWWWWWWPPPDPPWWWWPWPPWWPPWPPWPW
400 1 77 24 PPWPPWPWWPPDWWPPPPWPWWWPWPWWWWWWWWWPPWWPPWWPWWWWPP
200 781062287 29 76 WPWWWWWPWPWPPWWWPPPWWPWPPPPPWPWWPPPDPWWWWWPPWWWWPW
400 28 92 48 WWWPPPWPWPPPPWWPPWWWWWWPWDWPWWPPWPPPWWPWPPWWWPPPWW
200 801936 66 62 PPPWPWPWPWPDPPWPPWWPPPWWPWWWPPWWWPPWWWPPPWPWWPWWPP
300 715942643
200 546968246 3 78 PPWPPWPWPPPWPWPWPPWWWWWPPWPPPDWWWWWWWPPWWPPWPPWWPP
200 787199081 36 50 PWPWPPPWWPPWWPPPWPPWPWWWWPPWPPPWWWPWWWPPWPWWDWWPPW
300 750931861
300 679838085
300 210750968
400 22 91 47 PWPPPWWPWPPPWWPWPWWPPWWPWWPWPPPPPPPWWPWWPDWPPPWWPW
601
100 100 50 300
415518966 27 51 WPWWWWWWPWPWWWPWPWPPWWWWWWWPPWPWPPPWPPDWPPWWWWWPWP
140439515 66 35 PWDWPWWWPPPPPPPWWPPPPWPPWPWPWWPPPPPPWPPPWWPPPPPWPP
438471012 6 24 PPPWWPWPWWWPWPPWPPPWWWPWWPWWPWWWPPWPPPPPWWDPPWPWWP
767683921 60 82 PPPWPWWPPPPPPWPPPPPPPPWPPPPWPWWPPWDWWWWPWPWWPPPWPW
40320283 35 64 WPWPWWPPPWWPWPPWPWPPWPDPWPPWPPWPPPWPPWWPWWPPPWPPWP
288074678 96 78 PPPPWWPWPWPWWPWWPWWWPPWWPWPDPPWPWWWPPWPWWPPWPPWWPW
95032724 17 9 PPPPWWWWWWPPWPWWPWWPWWPWPDPWPPPWWWPPWWWPPWPWPPWWPP
624971793 17 81 PWPWPWWPWPPWWPPPPWWWWPWWWWPWWWWWWPWPWWWDPPPWWPPPPW
282729069 39 59 PPWWWPPPWPPPPPWWWPDPWPPPWPWPWWPWWWPWPPPPPPWWPWPPWW
120645402 26 43 PPPPPPWWPPWPPPPPWWWPPDWWPWWWWWPWWWWWWPWPWWWPWWPWWW
371455204 94 30 PWPDPWPPWPPPPPPWWPWWPPPWWWPWPPPWWWWPWWWPPPPPWPWWPW
822610109 45 42 WPPPWPWPPWWWPPWDPWPPWWPPWPWPWPPWWWPWWPWWWWPWPWWPPP
220388459 4 32 PWWPPPWWPWPWWWPWPPPWWPWPPPWWWPWWWWPPWDPWPWWPPWPWWW
30365344 84 37 PPPDPPPPWPPWPWWPWWWWPPPWWWPWPPWWWPWPWPWPPPWPWPPPPW
300346809 67 36 PWWPPWPPDPPPPWPWWWWWWWPPPWPPPWPWWPWPPPPWPWPPPWWWPW
66012542 54 75 WWPPPWPPWPWPWPWPWWWWWPWWDWPWWPWWWPWPWWWWPPPWWPWPPP
49287212 91 81 WPWPWWWPPDPPWPWPPWWPWPWPWWPPWPPWPPWPWWPWWPWWWPPPWW
354214534 74 16 WWPWPPWWPWPPWPPPWPPWWPPWPWWPPWWPPPWWPDPPPPPPWWPWWW
732319568 91 70 PWWWPPWPPWPWWPPWPWPPPPPDWWWWPPWPPPPPWPPPWWPWWPPPPP
211516664 53 18 WWWWWPPWPWWWPWWPWWWPPPPPWWWWPPPPPWWDPPPWPPPWWPWWPP
14531820 69 14 WPWWWWWPWDWPPPWPWPPWWPPWWPPWWPWWPWPPPPPPPPWWWWWPPW
536517039 77 68 WPPPWPWPWPWPPWPPWPWDPPWWWWPPPPPPWPWWWWPWWWWPPWPWWW
265792999 11 54 WPWWWWWPWWPWDWPWPPPPPPWPPWWPPPPPWPPPPPWWWPPWWPWPWP
674834791 45 99 WWWWPWWPPWPWWWWWPPPPWWPWPWPPWWWWPWWWPWPPWPWDWPPPWP
38077656 89 41 WWPPPPWWPWWPWPWWPPPPWWPWPPPWWWPPPWPWWPWPPWPWWPPWDP
450163671 53 61 PWPWPWPPPWPWWWPWPPWWWWPWPPWWWPPWWPWPPPPWWPPWWPWDWP
665823018 3 98 PPWPPPPPWDWPPPPPWWPWPWPPWWPPPPWWWPWWPPWPWWPPWPPPWW
768432378 87 21 WPDWWWWWWPPWWPWPWPWPWPWPPPPPPWPWWWPWWWPWWWPWWWPPPW
101812759 41 61 PWWPPPWPWWPWPWPWWWWWPWWWWPWPPWPPWPPWPWPPPWPPPPPWDP
29783319 11 20 WPWWPPPPWWPWPDWWPPPWWWPPWPWWPWWPPPWPWWPPWWPPWWWPWP
582695649 93 55 WWPPWDPWPPPWWPWWWWPPWWWWPPWPWWPWPWPWPWPWWPWPPWWPPW
305991535 91 45 WPWPWWPWPPPWPPWPWWWPPPDPPPWPWPWPWWWPWWWPWPWPPPPPPP
13037593 64 14 PPPWWWWWPPPWWPWWWPPPWPWWPWPWWPWPWPWWWWWPWWDWWWPPPP
871650457 33 60 WWWPWPPWWPWPPPWPPWDWWWWPWPWPWPWPWPPPPWWPPPPPWWPPPP
719684567 89 80 WPPWWWPWPWDWPPWWPWPWWWPPPWPWPPWWPWPPPWWWPWWPWWPWWW
119911663 48 3 WPPWWWWPWWPWWPPWWWWPPWPWWPPWWPWPWWPPWDPPPPWPPPWPPW
479885092 95 27 PDPPPWPPPPPWPWWWWWWWWWWWPPPPPWPPPWWPWWPWPWWPPWPWWP
823390364 99 17 PWWPPWPWWPWWDWWPWPPPWPWPPWPWPPPPWPWWWWWWPWPPWWWPWW
326098189 72 82 WPWWPPPWWWWPWWPWPWWPPPWPDPWPWWPWWWWWPPPWPWWWPPPWWP
477957676 20 85 WPWPWWPPPPWWPWWPPPPWPDWWWPPWPPWWPWWWWPWPWWPPPPPWWW
379246620 51 47 WPPPPWWWWWWWPPWWWWWWPWPWPWPDPPPPWPPWPWWPWWWPPWWWWP
15026603 88 32 PPPWPWPPWWWPPPPPWPPPWWPWDWPWWPPWPWWPPPPPPWPWWPPWWW
910475041 3 23 WPPPPPWPWWPWPPPPPPWWPPWPPPPPWPWPPWPPWWPPPWWWPWWWDW
266762681 90 52 WWPWPPPWWWPWWWPPWPWPWWPWPWPPWPPWPPWWPWPWWWWPPWWPPD
713496211 30 47 PWPWPWDPPWWWWPPPPWPPWWPWWWPWPPWWPWPPWWWWWPWPPWPPPP
291029786 32 96 WPWPWWPPPPPWWPWPPWWPWWPPPDPPWPPPPPWWWWPPPPPPPPPPWW
878436857 58 76 WWWPPWPWPPWWWPWPDPWWWWPWWPPWWWWWPWPWPWWWPPPWWPWPWW
167669418 6 65 WDPWWWPPWPPWWPWPPPWWPPWWWPPPPWWWWPWWPWWPWPPPWPWPPP
339113233 13 16 WPWWWWPPWWPWWWWWPPWWWPPPWPWPWPWWWPWWWWWWWPDWWWPWWW
783013570 40 56 PWWPWPPWWPWPWPWPPWPWWWWPPPPWPPWPPWWWWWPWWPDWWWPWPW
568356532 77 89 PPWPPWWPPWPPWPPPWWPWPWPWPDPPPWWWPWWPWWPWPPPWPPWWPP
46954604 37 33 PPPPPWPWWPPPWWDWPPWPWWWWPPWPPWWWPWWWWWWWWPPWPWWPWP
463206309 33 93 WWPWWWWWDPPPWWWPWPPWWWPPPPWWPWPWPPPWWPPWWWWWPWPWPP
659526141 72 6 WPWPPWPPDPPWWWWWPWPWWPWPPPPPWPWWWWWPWWPPPPWWPWWWPW
229658066 49 23 WWPPPWWPPPPWPWWWWPPWWPPPPPWWPWWPWWPWPWPWPWPPPPWPDW
274148327 61 96 WPPPPPWPPPDPWWPPPPPWWWWPPPPPWPPWPWPWPWPPWPWWWWPWPP
707010732 52 44 WPWWWWPWWPWPWWPWPDWPPWWWWPWWWWPPWPPPPWPWPPWWWPWPWP
666059236 94 75 WWWPPPWPPWWDWWPPPPPWWPPWWPPWWWPWWWPWPPWWWWPPPPWWPW
479360009 82 40 WWPWPPWPPPWWWPDWWPPPWPWWPPWWWPPPWWPPWWWPWPWWWWWWPW
763163912 77 59 PWPPPPPWWWPWPWWWWWWWDPPWPWWWWPPWWWPPPPPPWPWPPPPWPP
45853045 84 14 WPWPPPPPWWWWWPPWPPWPWWWPWWPPPPPPDWPWWPWPPWWWPPWWWW
626920241 32 74 WWWWWWPWWPWWWWWWPWWPWWWPPWDPPPWPPPWWPWWPPWWPWPPPWW
772569983 66 89 PPPPWPWWPPWWWWWPWWWWWWWWWWWWWWWPWWPWPWWPPWPPWPPDWP
942663624 62 53 WPWPPWWWPPWWWPPWPWWDPPPWWPPPWPWWPWPWWPWWWPPPPWWWWP
43000022 23 27 WWWWPPWPWPDWPPWWPPPPPWWPWPPPPPPPPPWWWWPWWWPPWPWPPP
879315773 24 9 PWPPWPPWPWPPWWPWWPPPWWWPWWWWWPWWWWWWPWWPPWPWPWWWPD
917528993 23 42 WPWPPPPPPWWWWPWPPWPWPWWWPPWWWDPWWPPPWPPWWPPPPWWPPW
681166690 33 61 PWPPWPPWWPWWWWPWWPWWPPDPWWPPPWWPWWWPWPPWPPWPPWWWWP
905333200 24 15 WWWWPWPWPPWPWPWWPWWWPWPWPPWWDPWPWWPWPPWWPWPPWWWWWP
26250560 82 95 PPPPWWWWWWPPPWWPPWPWPDPPPWWWWPPPWWPPWPWPWWPPPWPPWP
126471956 73 60 WPWWWWWWWWPWWWPWPPWPWPWPPWWWDPPWPPWWPPPWPWPPPWPPPP
779677404 15 14 PWWPWWPWPWWWPWWPWPPPDPPPPWWWWPWWWWPPPWPWWWPPWWPWWW
840436171 75 5 WWPWWPPWPWWPWWWWPWWPWPWWWWWWWPWPPPPWPPPPWPWWDWPWPW
820498371 19 56 WWPPWPPPPPPWPWWWPWWPWWWPWPWWPWWWPPPPPPPPPWWPWWDPPP
263875908 66 26 PWWPPWPPWPPPPWPPPPWPPWWPWPPPPPWPWPWDPWPPPWPWPPWWWW
981266369 45 9 WPPWPWPPPPWPPPWPWPWWWWPWWPWPPWWWPPWWWPPPWWPDPPPPWW
50738489 96 43 PPWWDWPWWPPWWWWWWWWWPWPPPPWWWPPPWWPPPWWWWWWPWWPPPW
16858911 45 23 PPWPPWPWWWPWPWPWPWWDWWWWWWWPWPWWWWWPWPPPWWWPWWWPWP
169032995 99 37 WWPDWWWPWPWPWPPWWWWWPPPPWPPPWPPPWWPPPWPWPWPPPWPPWP
754597850 68 61 PPDPPPPWPPWPWPPWPPPWWPWWPPWPPPPPWPWWWPWPWWPPWPPWWP
445059553 5 61 PWPPWPPWWWWPPPPWPPPWDPWWPWWPPWPWWPPPPPPPWPPWWWPWWW
634541089 1 66 PWPPPWWPWWWPPWWPPWPPPPWWPWPPWWWPPWWPPDPWWWPPWPWPWP
22066984 34 7 WPWWPWPPWWWWWWWPDWPPPPPPPWPWPPPWPWPPWPPPPWPPPPPWPW
61882348 8 18 PPPPPWPPWWWPPWWPWWWWPWPWWPWPPWWPWWPWWWPPPPWPDWWWWP
9140338 36 25 WWPPWPPWWPPWWWWWPWPPPPDPWPWPPWPPWPPWPWPWWPPWWPPPPW
950595275 96 15 WPDWPWPPPWWWWWWWPWWWWWPPWWPPPWPPWPWWWPPPPWPPPWPWWP
723679084 22 37 PWWWPPPPWPWWWPPPPPWWWPWPWWWWPWPWPPPPWWWWPPDPPPWPPP
921503301 90 55 DPWWWWWPWPWWWPWWWPWWPPPPWPPWPPPWWWWWPWWPWWPPPPPPWW
695208461 45 57 PPWWPPPWPWPPWWPWWWWWWPPPWPPPPWWWPWPWDPPPPWWWWPPPWP
39123025 67 77 PWWPWWPPPWPWPWWWWPPWWPPWPPPWDPPWWWWWPPPPPPPWPWWWWW
343121117 91 20 PWPWWPPPPWWWPPWWWWWWWPPPPPWWWWPPWDPPPWPWWPWWWPPWPW
340167900 15 67 WPPPPWWPWWPPWWPPPPWPPWPPWPWWWPPWPWPWPPWWWPDWPPPPWW
490628119 82 59 WPWPPPWPWWWWWPWWWPWPWWWPWPPPWDWWWPWPWPWPWPPPWPPPPW
810975316 45 8 WWPWPPPPPWWWPDPPWWWPPWPWPWWPPWWWWWWWPWPWPPWWPPPWWP
231426215 98 46 PPPPPWPWWWWWPPPWPPWPPWWPPPPWWWPPPWPWWWWWWWPWPPDWWW
128140460 80 93 PWPPPPPPPPWPWWPWPDPPWWWPPPWPWPWWPPWPWWPPWPWPWPWPPP
684617277 62 80 WPPWPPWWWPPPPPPWPWPPWPWWWWWWWPWWWPPPWPWWWWPPPWPWPD
656472926 22 88 WPPWWPWWWDPPWPWPPPWPPWPPWWPPPWWPWPWWPWPWWPWWWPPPPW
123743200 51 2 PPPPPWWWWWPPPWPDWWPPWWWPWPWPWWPWWPPPWPWPWWPPWPWWPP
699992654 75 84 PPPPPPWPWPPWPPPWPPWWWWWWWPWDWWWPPPWPPPPWWWWPWWPWPP
551733960 66 71 WPPWPWWWPWPPWWWDWPPWPPWWWPPPPWPPWWWWPPWWWWWPWPPPPW
95475359 25 42 PWPPWPPPWWPPWPPWWPWPDWWPPWPPPPWPWWPWPWPPPPPPWPPWWW
22394739 35 52 WWPWWPWWPPWPWPWPWPWWWWWPWWWPPPWWWPPPPWWPPWDWPWPWPW
255375318 69 99 PPPWWPPPPPWWPWPPWWPPPPPPPPWWWPDWPWPWWWWPPPPPWWWWPP
299249955 100 66 WWPWPWPPWPWWPPPPWPWWWWPDWPPWWWWWWWWWWWPPPPWWPPPWWP
80275686 81 26 PWPWPPPWPPPPWPWWPPWPWWWPPWPPWWPPPPWWPWWPWPDPWPWPPW
67631695 20 17 WWPWWWWWPWPWPPWDPWWPWPWWPWPWWPPPPPPPPPPWPPPPPWWPPW
516411376 65 81 PPPWPWPDPWPPWPPPWPPPPWWPWWPPWWWWWWPPWWWPWPWPWPPWPW
188405930 42 64 PPWWPWPWPWWWPPPWWWWWPWPPPPPWPWPPWDPWPWWWWPWWWWPPPP
73737441 40 35 WPPPWWPWWWWWWPWPPWDPPWPWPWWPWPPPWPWWPPPPWWWPPPPWPW
551924176 31 95 PWWWWPWWPPWPPWPWPPPWWPPPDPPWPPWWPWWWWPWPPPWPPWWWWW
787545658 73 88 PWPWPWDWWPPPPWWWWPWWWWWWWPWWPWWPPPPWWPWWPPPWWWPPPP
482585014 37 52 PPWPPPWWWPPPPWPDWPPPPPPPPWPWWWWWPWPPWWWPPPWWWPWPPP
379938969 78 32 WPWPPWWWWWWWPWWPWPPPWWWWPPPPPPWPDWWPWWWWPPWWPWWPWW
884455022 96 39 PPPWPPPPWPPWPWWWPWWWWWWPPPWWWPWPWPPPPWPWPWWWWDWPPW
496462052 12 86 WPWPPPWPWPPPPWPWPWWDPWWPPWWPPWWPPPPPWPWWPWPPWPPWPW
291528934 12 50 WPWWPPWPWPPWWPWPPPWWPPWDWPWPWPPPWWPWPWPWPPPPWPPWPP
50983977 36 83 WPPPPWPPPWWPPWPPWPWWWWPPPWWPWPWPWWPDWWPPWWPPWPPPPP
1124516 89 39 WWPWDPPWPWPWWPPWWPPWPPWPPWWWPWPPWWPWWPPWWWWWPWWPPP
964169607 83 52 PWPPWWPWPPWPPWWWPPWWPPWPWPWPPWWWWPPWDWPPWPPWPWPPWP
888017072 76 21 WWWPWPPWPWWPPPWPWPPPWWPWPPDWWPPPWWPPWWWWPPPWWWPWPP
418908095 20 60 PWWDPPPWPWWWWPPPWPPPWWWWPWWWPWPWPWPWWPPPPPPWWWWWWP
57784356 46 10 WPWPPPWPPWPWPWWWPWPPPWPPWWWWPWWPWPPWPWPPPPWPPDPPWW
824161090 51 30 PPWPWPPWWPPPWWPPWPWPPWPWWWPWPWWWPPDPWPWPPWPWWWWWPP
182562087 22 53 WPPDPPPPPWWPPPPPPPPWWPPPPPPPPWPPPWPPPWWWWPWPWWWPWW
27413205 96 68 WPWPWWWWPWWWPPWWPPWWPWWWWWPPPPWPWWPPPPWDWPWWPWPWPW
864010041 70 33 PWPWWWPPPPPWWPWPPPWWPDWPWWWWPWWPPWWWWPWWWPPWWWWWPP
45286427 46 43 PWWPPPWWDPPPWPPPPPPPPPPWPPWWPWPWWPWWWWPWPWWWWPPWPP
186813967 88 17 WPPPWDWWPPWPPPPPWPWPWWWWWWWPPPWPPWWWWPPWWWWWWPPPPW
10601648 28 62 PPPPWPPWPWPWPPWPPPPPWWPWWPWWWWPPWWPPPPPPWWWDPWWWWP
500339836 45 64 WPWWWPPWPPWPWWWWWWPWPWWPPWPPDWWWWWWPWWWWWPWWPPWWPP
305794965 17 94 WPPDWWWPWPWPPWPPWPPPWPWPPWWWWPPPPPWWWWWWWWPWPPWWPP
606540575 15 75 PWPWPPPWWPPWWWWPWPWDPWWPWPWPWPWPWWPWWPPPPPWWWWPPWW
317477401 100 9 WPPPWPWWWWPPWPPWPWWWPPPPWWWPWPPPDPWPPWPPPPWPPWWWWW
34804924 25 53 WPPPWPPWWWPWWWPPWWWWPPPWWWPPPWWPPWPWDWPWWPWWPWWPWP
168766606 31 77 WWWWWPWWPPPWPWPDWPWWPPWWWWPPWPWWPPPWPWWPWPWPWWWPPP
948819605 72 42 PPPPPPWPWPWPWPPPWPPPPPDPWWWWWWWWWWWWPWPPPPWPPWWWPP
401300571 46 3 PPPWPPPWWWPWWPWWPWDPWWPPPWWPWPPWPWPWWPPPPPPWWPWWWP
629009191 86 56 WPWWPPWWWWPPWPWWWWWPPWWWWPPPWWWPPWPPPWWWWDWPPWWPPW
668786779 59 17 PPPWWWWDWWPPPWWPWWPPWWWPPWPWWPPPPWPWPWWPPWPPPPWWPP
287447552 37 24 PWWPWPWPWWWPWPWWWWWPWPWPWWWPWWWPPWPPWWWPDPWWPPWPWW
401008510 29 82 PWWWPPPWPPWPWPWWPPWPWPPPWWWPDPWPWWWWWPWWWPPWPWPWPP
501571005 58 8 PPWPPPWPDWWPPWPPPPWPPPPPWWPWWPWWPWWPPPWPWPWWPWWWPP
25000230 51 46 PWPWWPPPWPPWWWPPWPPWPPWWWPWWDPPWWPPWPWPPWPPPWWWWWP
884627786 82 30 WPPPWPPPPPPWWWPWWWWPWPWWWPPWPPWPPPWWWWPWPWWWWPWDPW
956666306 91 24 WWPPPWPDPPWWPPWWPWWWPWPWWPPPPPPWPPWPWWPWPPPPWPPPPW
294849527 37 92 WWPPPPPWPPWWWPWWWPWWWPWWWWPPWPWPPDPWWPPWPPWPPWPPPP
89282951 27 1 PWWWWPWPPPPWWPPPPWWWPWPPPPWWWPPWWPPDPWPWWWWPPPWWWW
468463621 36 84 PPWPPWWWPWPPWWPWWWPDWPPPWPPWPPWPWPPPWWPPPPWPWPPPPP
362720351 4 96 PPWPPPWWWWWWPWWWPWWPWPWWPWWWDWWPWPPPPWWPWPWWPWWWWP
679253939 73 9 WPWWPPPPWPWPWPWPWPWWWPPPPWWWPPWWDWPPWPWPPWPWWWPPWW
579350882 3 50 PWPWDWWWWWWPWPPWPPWPPPWWWWPWWPWWWWPWWPPWPPWWPWPWWP
157875447 22 25 WWPPPPPWWWWWPWPPPPPWPPPPPPPWWWWPPWDPPWWPPPPPWPPPPP
577310075 31 94 WWPWPWPPPPDPWWPWPPWPPWWPWPWWWWPWWPPWWWPWWPPWPPWWPP
529913443 80 79 WPWWWWDWWWPPPPPWPWWWWPWPWPPWPPPPPPPPPPWPWWWPWPWPWP
14538241 85 70 PPWPWWPWPWPPWWWPWPWPWPWPWPPPPPWWWWPPWWPDPWPPPPWWWW
523956201 26 78 PPPPPWWDPPPWPPPWPPPWWPPPWPWPPPPWWWWWPWPPPPWWPWPWWP
388890987 100 7 PWWPWWWWPWPPWWWPDPPPPPWWWWPWPWPPWPWPWWPPWWPPPWWWWW
140464247 34 18 PPPWWPWPPWPPWWPWDPWWWPWPPWPWPPPWPWWPWWWWWPPWPWPPWP
707853170 46 37 WWPPPPWPPWWPWPPPWPPPWWWPPWWPWPWPWWPPWPPWPPPWWPWDWW
793406892 14 52 PPPPWWPPPWPPPWWWWWWWWPDWPPPWWPWPWPPPWPPPWPWWPPWPPW
36321071 70 50 PWPPPPPWPPWWPWPPWWPPWWWPWPPWPPWPPPPWWPPPDWWWWWPWWW
978609416 86 27 WWWWPWWPWWPPPPDWWPPPWPWPPPWPPPPWPPPWPWWWPPPPPWWWPW
492386594 24 47 PPPPWPWPPPPPPPWPPPPPWWPWWPWPPWWWPPDPWWPPWWWPPWWWWW
147846764 67 4 PPWWWPPPPDWPPPWWWPPWPWWWPPWWPPPPPPPPWPWWPWWPWWWWWP
417317928 99 65 PPPDPPWWWPPWWPPWPWWPWPWPWPWWWWWWPPPWWWPWPWPPPPPWWP
865852870 60 15 PWPWPWWPWWWPWPPPPPPWWPWPWPPWWPDWWWPWWPPPWWWPPWWWPP
864367547 71 97 PPPPPDPWPWPWPPWPPWPWPPWPPPWWPPWPPPPPPWWWPPWWPWPWPW
383711801 22 95 WPWWPPWPPPPWWWPPWWPWPPPPWPDPWPPPWPWWWPWWPPWWPPPPPP
74554140 9 28 WWWPWDPPWWPWPWWWWWPWWPPPWPPWWPWPWPWWPWWPPPPWWWPWWW
245628708 84 26 WPPPWWWWPPWWPWPWPDPPPPWWPWPPPPWPWPWPPPWPWPWPWPPPWW
933612091 39 7 WPWWWWWPWWWWWWPWPWWPDPPWWPWPWPWPWWWWPPPPPPWWWPPPPP
608847827 57 44 WWWWPPDWPWPPWWPPWPPWWWWPWWWWWWPPPPPWPWWWPWPPPPPWWP
921834092 27 94 PWPPWWWPWWWWWWPPWWWWWWPPWWPWPDPPWPPPWPPWPWWPPWPWWW
2791106 60 27 PPPPWPPPPPWWPPWPPPPWWPPPPPDWPWPWWPWWPPWWPWPWPWPPWW
1479765 18 73 WWWWPPWWPWPDWWWPWWPWWWPWWPWWPPWWPPPPPWPWWWPWWPPWPW
285409718 19 93 PWPWPPWPPPWWWPPPPWPPPPWWPWPDPWPPPPWWPPPPWWPPWPWWWW
161174932 72 94 WPPPWWWWPWPWPPPWWPWPPPWPWWPPDPPPPWWWPPPPPWPPWWPWWW
283515419 3 91 PPWWPPWPWWWWWWPWPPWWPWWWPWPWPWPWWWWWPPDWWWWWWPWPPW
635971597 42 46 PPWWPWPWWWWPPWWWPPWPWDWPPWWWWPPPWWPWWPWPWPPPWPPWPW
721372518 91 83 PWPPWWWPPWWPWWPWWWWPPPPWWPPPWPWPPWPPWWPPWWWWDPPWWP
351395300 96 33 WWWPWWPWPPPPWPDPPWWPWPWWPWWWWPWWWPWPPWPWPWWPPWPPWP
27332464 65 84 WPPWPPPPPPPPWPWPPPPPWPPWWPWPWPWPPPPWWPPWWWWWDPWWWW
214314126 94 78 PPPPPWPWPWPPWPWPPPWPWWWPPDWWPWPPWPPPWWPPPPWPWPPWPW
317583613 30 36 PWPPWPPPPWPDWWWPWPWWPWPWPWPWPWPWWWWPWWWPPWPWPWWWPW
446058110 16 64 WWPPPPPPWPPDPPWPWPWWWPPPWWWPPWWWPWWWWPPWWPPWPWPWPW
15428340 43 24 PPWWPWPPPPWWWWPPWWDWWPPWWWWPWWWWPPWWWWWPWWWWWWPPWW
359904847 93 43 PWWWPWPWWPPPPWPWPWPWDPPPWWPPWPPPWPPPWPPWWPPPPPPPWW
700527346 96 34 WPPWPPPPWPWWPPPPPWWWPPWPPPWWPWWWPPWWWDWWPWWWWWWWPW
139284368 94 91 PPWPWPWWPPWWWWPWWWWWWPWPPWWWWPPPPPWWDWWPWWPPPPPWWW
97816121 4 50 PWPWWPPPWPWPWWWWDPPPWPWPPWWPPWPWWPPWPPWWWWPWPPWWPP
412067943 46 90 PWPPPPWWWPPPPPWPPPWPPPWPPWPPWPDPWPWPWPPWPPWPWPWPWP
833212460 17 2 PPWWWPPWWPWPPPPWWPPWPPPWWWWWWPWWPWPWWPWPPWWWPWWWDW
62997714 85 23 WWWWWWPPWPWPPWWWPWWPPWPWWPDWWWPPWPPWWWPWPPPPWWWWWW
403376091 16 44 PDPPPPWWPWPPPWPPPPWWWPWWPWWPPPWWPPPWWWPPPPPWPPWPWP
560338734 90 11 WWWWPPWWPWWWWWPWWPPPPPWPWPPPPWWPPDWPWPWPWPPWWWPPWW
968445000 31 51 PWPWWWWWPDPPWPWPWPWPPPPPPWPWPWPPWPWPPWWWPPWPWPPPWP
435878722 61 29 WWPWPWPWWPWWPPPPPPPPPWPDWPWWPPPPWWWWWPWWPPWPWPWWWP
445340011 96 53 WPWWWWPPWPWWPPWWPPPPPWWWPPWPPWWWPWPPPPWWWDWWWWPWPP
37939221 15 8 WPPPPPWDWWPWPWWWWPPWWPWWPWPWPPWWPWPPPPPPWPWPPWPPPW
692674598 90 56 WPWPWPWWWWWWWDWWPWWWWPPPWPPPPWPWPPWWPWPPWPWPPPPPWW
63154719 87 64 WPPWWPPWPPPWPPPWPWPPWPPWWPDWPPPWWPWWWPPPPPWWWPPWPW
58956190 33 100 WPPWPWPPPWWDPWWPWWPWWPWWPPWPWWWPWPPWPWWPWPWWPWPWWW
843393734 26 61 PWWPPWWPPPPPDPWPWPWPWWPWPPPPPPWWPPPWWPPPPWWPWPWPPP
230386362 62 6 WPPPWWPWWWWWPDPPWWPPWPWWPWPWPWPWPWWWPPPWWPPPPWPWWP
877912868 99 81 WPWWPPPWPPPPPPPWWPPWPWWWPPPWWDPWPWPWWWPPPPPPWWWWPW
474562231 41 29 WWPWWPWPPPWWPWPDWWPPWPPWWWPPWPPPWWWPWPWWPPPWWPPWWW
425322367 10 59 PPWPPWPWWPWWWPPPPPPPPPWPWPPWDPPPWWPPPWPWWPWWPWPPPP
342018065 29 38 WWPPWWPPWPPWWPPWWPPWWPWPWWPWPWWPWPPWPPPDPWWPPWPWPP
958418439 83 92 WWWWDPPPPWWPWPPWWPWWWWWPWWWWWPPWWPPWWWPWPPPPPPPWPP
461151538 3 59 WWPPWPWWPWWPWPPWWPPPWWWPDWPWWWPPWWPPPPWWWWWWPWWWPW
654859948 54 94 WWPDPPPPPWPPPPPWPWPWWWPPPPWWPWWPWPWPWWPPPWWWWPPWWW
834222754 70 19 WPPWPWPWPWPPWWWDPWWPWPWPWWWPWWWPWWWWWPWWPWWPPWWWPW
192826161 99 98 PWPWWWPWPPWWPPPWWPPPPPWWPPPWWWPPPWPWWWPWPWWWDWPWPW
308274867 14 19 WPPPPPPWPPWPPPPWWPWPWPPWPWPWPWPPWPPWWPPWWPWPDWPPPP
760804804 60 76 PWPWWPPPPPPPWWPPWWPPWPPWWPWWDWPWPWWWPPPPWWWWPPWPWP
546624216 84 96 WWDWWPWWPWPPWWPPPPWPPWWPPWPPWWPPWPWPWPPWWPPWPPWWPW
780130751 40 77 PPPWPWDPWPWPWWPPWWPWPWPPPWWWWPWPPWWWPWPPPWPPWWPWPW
759018798 45 17 WPWPWPWWWPPWWWPPWWWWWWPWWPPWWWPWWPWPPWWWPPWPWPWDWP
396053862 91 29 PWPPPWDWPPPPPPWWWPPWWPWPPWWPPWWWPPWPWPWWWWWWPWWWWP
238747869 7 5 WPPWPWPPPPPWPWPPPWWWPWPWWWWPPDWPWPWWWWWWPPWPWWPWPP
482490 78 39 WPWPPWWWWPWWPWPPPPWPWWWPPPPPPWWPDWWWWPPWWPWWWPPWWW
700280407 26 72 WWPPPWWWWPPWPWPPWPPWPPPPWPWWPWWDPWPPPWPPWWWWPWPPWW
241646772 72 7 PWDPWPPPWPPWPWPPWWPWWPWPWPWPPPWPWWWWWWPWPWPWWPWPWP
219987112 11 22 WWPPPPPWWWWWWPWWWWPWWWWPPWDPWPPPPPWPPWPPPWWPPWPWWW
317791122 65 37 WWPPPWWWWWWPPWPWWWWPWWPPWPPWPPPPWWWWWDPPPPWPPWPPPW
762448717 20 54 PPWWWWWPPWPWPPWWPPPPWPWPPPWPWPDWPWWWWWWPPPWWWPPWWW
69709296 64 22 PWWWWWWWPWPPPDPWPPWWPWPWPPPPWPPWPPWWPWWWWPWPPPPWWP
235139146 6 54 WWWWWPPWWWPPPPPWWPPPWPWWWDWWPWWWWWWWWPPPPWPWPPWPWW
612997601 51 70 PWPWWWPPWDPPWWWPPWPPPPPPWWPPWWWPWPPWPWPWPWPPPWWWPP
654971010 4 75 WPWPPWWWPWWWDPWWWPWWWWPPWWPPWWWWWPPWPPWPPWPWPWWPPP
286103636 17 92 PPWPWPWPWPPPPWPWWPWDPPPWPWWPWWWWWPPPPPPWPPWWPPWPPW
415404149 1 36 PPWPPPWPPPWPWPPPWPPDPPWPWWPWWPWWPPWWWWWPWWPWPPWPPP
278733405 23 8 PPPPWWWWWWPWWPPPPWWWWWPPPPPWPPWDPPWPWWPWWPWPPWPWPP
32700398 6 97 WPWDWWWWPPWPWWPWPPWPWWPWWWWWPPWWPPWWWPWWWPPPPWPPPW
68798775 74 40 PWPPWWPWWPWWWWPWWPPPWWWPPDPPWPWPPPWPPWWPWPWPPWPWPP
675811150 85 72 PWWPWPWPPPPPWWWWPPPWWWPPWPWWPPPWPWPDWPWWPWWWPPPWWW
813572382 77 98 WWWPPWPWWWPDPWPPPWPWWPWWPPWPWWWWWWPWPWPPPWPPPPPPWW
793436020 9 21 PPWWPPPWPWWPWWWWWPPWPPWPWWWWPPWDPPWWWPWPWPPPPPPWWW
45020253 11 1 PPPPDPPPPWPWPPPPPWWWPWWPPPPWWPPPPPWPWPWWPWPPWPWWWP
883037556 87 6 WWPPPWWDPPWWWWPPWPWPPPWPWWPPWPPWWWPPPWWPPWWWWPPPWP
296560915 21 56 PWPWWWPPPPWPWPWPWPWPPWWWPPWWPPWWDWWPPWWPPWPPPWWWWP
497776021 45 33 PWPPWPPPWWPWPWWWWWPWPWWPWWWWPWPPPPWWWPWPPPWWPDPWPP
401144734 45 73 PPWWPWWWWWPWWWPWWWPWPPPWWPPWPWWPPPWWWPWPPWDWPWWPWP
236563793 64 24 WPPPPWWWWWWPWPWWWWPPPWPWWWPPDPPWWPPWPPWWPPPPWWPWPP
60211391 49 44 DPPPWPPWPPWWWPPPPPWPPPWPPPWWWWPPPPWWPPWPWWWPPPPPWW
545230420 33 83 WWWWWPPPWPWWPWWPWPWWPWWWWPDWPWPWWPPPPWPWPPWWWPWWPW
677623228 9 92 PWWPWWPPWPPPPPPPPPPWPPPPWPPWPPPWWPWPWPWPPPPDPPWWWW
429280417 17 52 WPPPPWPWWPPPPWWPWPWWPPWDWPWPPPWPPPWWWWWWWWWWWPPPWP
408965688 79 49 PPWWWWWPPWPWPPPWWWPWWWPPWWWDPWWPPPWPWWWPWPPWWWPWWP
712494697 7 53 WPWPPWPPWPPWWPPPPWWWPWWWPPPPWPWPWPWWWWPWPPPDWPPPWW
654291070 80 51 WPWPPWWPPPPWPWPWPPWWPPPDPPWWPWWPWPPWPWPWWWWWWPWWWW
769971891 73 27 WPWPWPPPPPWPDPPWPWWPPWWPWPPWPPPWWPPWWWWPPPPPWPWWWP
828390588 81 86 PWWWPWWPWWWPDWWPWWPPPPWWPPWWPWWPPWPPPPPWPPWWPWWWPW
898217717 77 91 PDWWPWPWPWWWPWPPPWPPWPWWWPPPWPPWWPWPPWWPWWWWPWWPWP
452330664 76 6 PWWPPPPPWWPPWWWWPPWPPWWPWPPPWDPWWWWWWWPWPPWPWWPWWW
926234791 55 33 WPWWWPPWPPWPPPPPPPWPPWPWPPDWWPWWWWWPWPPPPPWPWPWPWW
801960009 57 49 PPPWWPPWDWWPPWWPWPWPPPPPPPPWPPPWWWWWWPPWPPPPPPPWPW
230206398 12 35 PWWWWPPWWWWWWWWPWWWPPWWWWPPWWPWDWWPPPWPPWWWPPWPWPW
780289731 83 77 WWPWWPPWPPWPWWPWPPWWWPPWPWWPPWPPWWWPWPPPWWDWPWWPWW
460867803 26 99 WWWWWWWWPPPWPWWPWPPWPPPPWWWWPPWWPWWWPPDWWWPPPWPWPW
379411162 50 77 WWPWWPPWWPPWPPPPWPWPWPWWWWPWPPWWPPWWWWPPPDWWWWPWWP
553534087 5 77 WPPWPWWPWPWPWWWWWWPPPWWPWPWWPWWPWPPWWWWWPWPPDWPWWP
786724653 53 74 PWWWWWWPPPWPWWWPPPPPDWWPWPPPPPWPWPPPWPPPPWWPWWWPPW
652235802 22 6 PPPPWPWPWWPPPPPPWPPWWWWPPPWPPWWWWWWWWWPWPWPPWWWWPD
70240199 30 71 PPPPWWPWPWPPWWPPPWPWPWDPWPWWWWWWWPWPWWWPWWPPPPPWPW
183551212 84 34 WWWPWWWPPPPPWWPWWPPWPPPWDPWPWPPWPPWPPWPWPPPWPWPPPW
136019169 8 94 PWPPWPPPWWPPWPPPWPWWWWPWPWPPPWPPPWWWDPPPPPPPPPWPPP
919237568 42 34 PWWPWPWWPWWWWPPWWPPWWWPPWWPWPWWPPWPPWWPPPWWPWDWWPW
872113539 8 78 WPWWPPWPPPPPPPPPPWPPWDPWWPWWPPPWWPPWPWWWWPPWPWPWPP
109365129 47 7 WWWWWPWWWWPWWPPPPPPPPPWWPPWWPPPPDWWPWPWPPPPPWPPPPW
876041265 16 35 WPWPDWPPWWWWWPWWWWPPWPPPWWWWWPWPWWWPPPWPPWWWWWPPPW
482433925 34 54 PWWWWWPPWPPWPWPWPPPWWWPWWWWWWPPWPPWPWPPWPPWPWDPPPW
803636525 69 3 WWPPPWWWPWPPPPPPPWWPWWPWPWPWWWPWPWWPPDWWPPPWWWPPPP
28513185 99 34 WWPPWWPPWWPPPWWWPPPPWWWWPPWWPWPPWPDWWPWPPPWPWWPWWW
439927205 26 76 WDPWPWWWPWWPPWPWPWPWPWPWWWPWWPPPWWWPWWPWWPPWWWPPWW
891548799 25 39 WWPPPWWWWPPPPPPPPWWPWWWWPWWDWWWWWPPWPPWWPWPWPWWPWP
231727211 64 88 PWPWWWPPWWPWWWWWWWWWPDWWPPWPPWPWPPWWPWWPPWPWPPPPWP
690428030 82 71 WPPPWPWPPPWPWWPPWPWPWDWWPPPWPWWPPWWWWPPWPWWPWWPPPP
500367364 36 3 WWWWPPPPPWPWWPWPWPWWWWPPWWWPPPWWWPPDWPWWWWPPWPWWPP
968863612 64 13 PPWWPWWPPPPPPWPPWWWPPWPPWPPPWWWWWWWWWWDWWWWWPPPPPP
655865645 24 29 WWWPWWPWWPWWWPWPPPWWWWWPWWWWPWPWPWPWWPWWPPWWWPPDPW
138476898 82 63 WPPWWPWWPWWWWPPPWWWWWWPWPWWWPWWPWDPPPWPWWWPPPPPPPW
885739569 88 15 WWWPWPPPWWPWWWWWWWWPWPPWWWPWPWWWDPWWWWPWPWPWWPWWWW
320711566 92 36 WPWWPWWWPWWWPPPWPWPPWWWPPWPPDPWWWPWPPPPWWWPWWWPWPP
52904096 76 40 WWWPWWPWPPWPPWWWWPPPPPWWPWWWWWWPWPWWPPPWWWWWPWPDWW
389896115 81 87 WPWPWPPWWPPWPPWWWWPPWWPWPWPPWPPWWPWWDPWPPWWPPWWPWW
994460230 51 61 WPPPWPWPWWPWWWWWWWWWWPWWPPWWPDWWPWWPPPPWPWPWWWPWWW
641259221 70 81 WPPPWWWPWWWWWWPWPPPWPWPWWPPWWPWPWPDPWWPPPPPWPWPPWP
508169073 71 26 WDPPWPPWPWWWPPWPPWPWPPPPWWPPPWPPPPPWPWPPWPWWPWWPPW
619066209 68 50 PWPWPWPWPPPPDPWPWPPWWWPPWPPPWPWPPPWPWWPWPWWPWPWWWP
1668079 88 76 PWPWPWPWPPWPPPPWWWWPPPPWPPWPPPPWWWWWPWDWPPPWPPPPWP
338833 80 58 PWWPPPPPPPWWPWWPWWWPWPWWWPWPWPWPWWPPPDPWPPWPPWPPWW
77211972 62 19 PPPWPPWWWWPWWPWWPWPWWPPPPWPPWPWPWPDWPWWPPPWPPWWPWP
726371228 5 59 PWWPDWPPPPPWPPPWWPWWWWPPPPWWPPWPWPPPWWWPPPWPPWWPWP
255574025 54 10 WPWWPPWPWWPWPWPPWWPWWWPWWWDWWWWPWWWPPWWPWWWPWWPPWP
223525736 36 16 WWWPPPDPWWWPWPPWWPPWPPWWWPWWWPPWPPPPWWPWPPPPPWWWWW
68056948 99 76 WPPWPDWWPWWWWPWWWPWPPWWWPWPWPWPWWPWWPWWWPWWPWWWWPP
301824436 69 59 PPWWDWWPPWPPWPWPWWPWWWPWPPPPPWPWWWWWPWWWWWWWWPPPPW
571284347 40 84 PPWPWPPPWWDWWPPPWPPWWPWWWPWPWWWWPPPPPWWWWPWWWWWPWP
200 994140916 20 79 PWPPPPWPWWPWWWPPWWWPWPWWWPPWPPWPWWPPDWPWWWWWWWWPWW
300 287447552
200 478557126 6 53 PWPPWPPPPPPWPPWPWPPPPPWPWWPPPPWWWDWWPWPWPPWPWPPWPW
400 27 60 1 WWWWWPWWPWPWPWWWPPPPDPPWPPPPWPPPWWPPPWPWWPPWWWWWWP
400 97 30 22 WPWWPWWWPPWPPWWWPWWWWWWWWWPPPPDPPWPWPWPPPPPWPWPPWP
200 961161331 11 80 WWWWWWWPWWPWDWWWPWWPWPWPWWWWPWWPWPPPPWWWPPPWPWPPPW
200 858048248 86 90 WPPWPWWPPPWWWPPPWWPPPWDPWPWWPWPPWWWPWPPPPWWWPPPPPW
400 38 74 74 PPPWWWWWPPPPPWPWWWWWPWWPWPWPPPPPWWPPWWWWWPWDPWWWPW
300 824161090
400 94 43 46 PWPPWWWWWPWWWWWPPWWWPPPPWDPPWWPWPWPPWWWPPPWWPPPPPP
400 35 50 25 WPPPPWWWWPPPWPWWWPPDPWWWWWWWWPWPWWPPWPPPWPWPWWWWPP
200 278724850 57 53 WWWWWWWWWPWPPWPPWWWPPPWPWWDWWPPWPPWPPWWWWWPWPWPWPW
200 985557552 6 100 PWWWPWPPPWWPPPWPWPPPDPPPWPWWPWPPWPPWWPWWWWPPWWWPPP
200 591856844 66 82 WPPPPWPWWWPWPPPPPPWWPWPWPPPPWDWWWPPWPWWPWWWPWWWPWW
200 707050667 100 59 WPPPWPPPWPWWWPPWWWWPWWPWWWPPPPPPWWWWWPWPPPWPPWWDWW
400 48 4 52 WWPWWWPWWWWPPPWPWWPWWPPWPPPWWDWPWWWWPPWPWWPWPWPPWW
200 308140567 45 43 WWPPWPWPPWPWWWPDPWWWWWPPWPWWWWWWWPWPWWWPPWPPWPWWWP
200 863891335 2 83 PPWWPPPPWPWPPPPWWPPWWPWPPPPWPWWPWPWPWWPWPPWPWDWPWP
200 783298620 30 39 WWPPPWWWPPWWWPWPPPWWWWPPPWPPDWPPWWPWPWPWWPPWWWPWWP
400 98 15 48 WDWPPWWWPPPWWWWWPWPPPWPWWPPWPPWPPWPPWPPPPPWPWPPPPP
200 515221545 96 82 PWPWWPPWPWPPWWWWPWPWWPPPPWPWWPWWPDWWPPWPWPWPPWWWWP
400 30 21 71 DPWPPPPPPPWPPPWPPWWWPPPPPWPWWPPPWWWPWPWWWPPWWPWPWW
400 99 65 1 WPWWPPDWPPWWPWPWPWWWPWWWWPPWPPWWWWWWWWWWWPPWPWPPPW
400 23 14 43 PWPPWWWPWWPPWWPPPPWPWPPDWPWWPPWPPPPPPPPPWWWPWPPWPP
200 211304708 65 31 PPWWPPPPPPWWWWWWPWWWPDPWPWWPWPWWWPWPWPWPPPWPPWPWPP
300 255375318
200 965708374 44 40 WWWPWWWPWWWPWWWPPWPWWPPPWWWWWPWWWPWWWPWPPWPPWWPPWD
200 632660748 62 98 WPWDWPWPPWPWWWPPPWPWPPPPWWWWWWWWWPWWWWPPWPPWPPPWWW
400 41 67 51 WPWWWPPPWPWDWWWWPWWPPPWWPWPWPWWWWWPWWPPWPWWWWPPPPW
400 63 90 73 WPWWWPPPPPPWPPPWPWWPWPWPWWWWPPPPPPPWPWDWWPWWWPPWWW
400 69 18 69 PPWPPWPWPPPPWPWWPPPWWWPWWWPPWWWWWWPWWPPWPPWWWDPWPW
400 9 92 1 PPWPWPWWPWWWDWPWPWWPWWPPPPWWPPPWPPWPPWWWPPPPPPWWPW
200 960617966 81 9 PWPWPPPPPPPWWPWPPPWWWPPPPWPPWPWPWPPPWDPPPPPPPWWPPW
200 37745298 32 75 WWPWDWWWWPPWPWWWPWPPPPPPPPWWWWWWWPPPPPPWWWPWPWWPWW
200 577526268 13 93 PWPPWDWWPPWPWWWWWWPPPPWPWPPWWWPWWPWPPPWWWWWWWWPPWP
200 379894677 54 70 WWPWPPDPPPWWPPWPPPPPWWWWPPPPPPPPPWWWPPWPWWPPPWPWWW
200 790637531 44 42 WPPWWPPWPPPPWDWPPWWPPWWWPWWPWPWWPWWWPWWWWPWWPPWWPW
400 57 43 20 WPWWPPPWPPPWPPPWWPWWWWWDPPWPPWPWPPWWWPPPPPWWPWPPWW
300 783298620
200 296381052 62 46 WPWWPPPPPPPPWPPPWWPPWWWWWPWPWPWWWWPPDWWPWPWWWPWPWW
200 63097665 56 80 PPWPWWWWPPPWPPWWPWWPPWPPWWWWWPPPPPPWWPPPWDPWWWWPWP
400 7 94 28 WPDPWWWWPWWWWWWPPPWPWWPPPWWWPPPWPWWPWPWWWPPWWWPWWW
200 48772965 27 80 WPWPPPWWWWPPPPWPPPWPWWWPWWPPPWPPPWPPPWDPWPWWPWWWPW
200 767058069 71 28 PPPPWPWWPPWPPWDPPPWWPWWWWPPWWWPWWWPWWPPPPPWWWWPWWP
200 397759960 38 48 WWWWPWWPPPWPPPPPPWPPWWPPPPPWDPWPPPWWPWPWPWWWWWWPWP
200 237831774 62 17 WPWPPPPPWWPDPPPPPWPWWWPWWWPPWWWWWWWPWWPPWPWPWWWWPW
200 21689113 74 21 WPPWWPWWPPWWPPWPWWPPPPWPPWPPPWPPPWWWDPWWWWPWWWWWWW
200 11400409 44 27 PPWWWPWWWWPWPPWPWPPPPPWWPPWPPWDPWWWPWPWWPPWWPPWWWW
200 957411076 96 70 PPPWPWPPPPPPDWWWWPPWPPWPWWWWPPWPWWWPWWWWWPPPWPPPWW
400 6 18 23 PPPPWWWWPWWPWWPWWWPWWWWWWPWPWPWWPPWPWWWWWWPPDWWWPW
400 30 51 27 PPPPWPPPPWPPWPWPWWPWPWPWWPWPWWPDWWWWWPPPWWWWPPWPPW
200 443114397 81 4 PPWWPWPPPWWPDPWPPWWPPWPPPWPPPPWWWPWPPWPPWWPWPPPPWW
200 521983299 64 90 PPWPPPWPPPWWPPPWWWWWPPPWWWPWPWPWPPPPDPWPWWWWWPWPPW
200 1425543 10 3 PWPWPPWWWPPWWWWPPPWWWWWWWWWDWPPPWWWPWWPWWPPWPWPWPP
200 776883227 84 87 PPWWWPPPPPDPWPPWWPPPPWPWPWWPWPWWPPPPPPWWPPWWWWPWWP
200 45706141 72 46 WDPWPWPPPWWWPPWWWPPWPPWPPPWPPPWWWWPPWPWPPWWWPWPWWW
200 659838188 42 7 PWPWWWPPWWPPWPPPWWWPPPWWWWWDPWWPPWWWWPWWPPWWPPPWWW
200 253861654 82 69 WPPWPPWWWWPWWWPPPWWPPPPPWPWWWWPWWPPWWPDWWPPPWPWPPP
200 351510934 34 39 PWPWWWPWPPPWPWPWWWWWWPPWWPPPWPWDPWPPPPWPPWWWWPPWPP
300 919237568
200 8436282 45 16 WPWPPPWPPPPWWPWPWPPPWWWWWWPWDWWPPWWPWPPPPWWWWWPPWW
200 731344632 98 95 WPWPWWWPPPPPWWPPPWPPPPWWWWPPWPPWDWWWWPPWPWPPWWWWWP
200 392474 63 85 PPWPPWWPPWPWWPWPPPWWWWWWWPWPWPWWPPWWWWWPWPPWPDPWPW
400 17 11 26 WPPPPWWWWWWWPWWPPWPWPPWPWWWPWWDWPPPWPPWWPPWPPPPWWP
300 29783319
200 373625644 53 5 WWPWWWPPWWWWWPWPPPPWPWWWWPPWPWWPWDWWPWPPPPPWWPPWWP
400 77 14 46 PPWPPPDPPPWWWWPWWWWWWPPPPWPWPPPPPWWWPWPWWWPWPPPPPW
200 634348546 9 14 WWWPWWPPWWWPPWPWPWWWPWWPWPPDPPWPWPWPWPWWPPPPWWPPWP
400 41 17 67 WWWPPWWWWWWPWPWWDWPWWWWPWWPPPPPPPWWWPWPWPWWWWPWPPW
400 20 50 43 WWPPPWPWPPPWWWPPPPWPPPPPWWWPPPPWPWWPWWWWPWDPPPPPWW
400 33 8 23 WWPPPPPWPWWWWPWWWPWPPWPPWPWPWWWWPPPWWWPPPPDWPPPPPP
200 443824619 29 59 PWPWWPPDWWPWWPWPWWWPWWWWWWWWWWPPWPWPWPWPPWWPWPWPWW
300 684617277
400 60 93 25 WPWWWPPWPPWPWPWWPPPPPPPPPWPWWPPWWPPWWPWDPPWPWWPPWW
200 474342900 10 17 WWPWPPPWPWPWPPWWWPPPWWDWWWWPWWPWPWPWWWWWPWPWPWWPWW
300 626920241
200 484325611 51 24 WPPWPPWWWPPWWWWPPPPWWPPPWDPWWPPPWPWWPWWPWWPPWWWPPP
200 439250846 43 86 PWPPDPWWWPPWPWPPWPWWPPWWPWWPPPPWWWWPPWWPPWWWWWWPWW
200 866168895 94 5 WWPPPWPWPWWPWWWPWWWPWPPWPWWWWPPPPWPPPWWPWWPPPPWDWP
200 790065470 53 85 WWPPWWWWPPWPWPWPPWWWDPWPWWPWWWPWPWWWWWWPPWPWWPPPWW
200 945304673 26 93 WWPPPWPWWPWPPWPPPPPPWWPWWPWPDWPPPPWWPPPWWPWWPPPWWP
400 15 35 46 PWWPPWWWWWPPPPPPWWPPWPPPPPWPPPPWPPDWWWWWWPWPWPPPPW
400 73 95 26 WWPPPWPPWPWWPPPPPPWWPPPPWPPPPWWWWPPDPWPWWWPWWWWWPW
200 829949794 69 63 PPPWWPDWWWPPPWPPWPWWPPPPPWWWPPWWWPPWWPWPPWPPWPWPWP
400 40 59 21 WPPPPWPPWWWPPPPWWWPWPWPWPPPPWWWWPWWWWWWWPWDPPPWWPW
200 130810139 26 42 PPWWWWWPPPPWWPPPPWPWWWWWWPWWWWWWWPWWPPWPWWPWPWWDPP
200 310917355 22 61 WWPPPWPWPWWPWWPPWWPWWPPWWPPWPWWPPDWPWWPWWPWWWWPWPP
200 39209440 99 40 PWPPPWWPWWPWWWWWWWPPWPDWPPWPWPWPPWPWWPPPWPPWPPWPWP
200 732544527 86 17 WWPWPWWPPPWPWPPWWPWPPWWWPWWWWWWWPWWWPPWPWWPPPWWPWD
300 754597850
200 250514876 12 77 WPPPWPPPPWPPPPWPPPDPPWWPWPWWPPWPWWPWPPPWWPPPWPWPWW
300 214314126
200 669029813 19 48 PPWWWWWPWPWPWWPPPWPWWWWDPPWWPPPPPWPPWPWWPPWWPWWWPP
200 312646729 74 13 DWPPPPPWPWWWWPWPPWWWPPWPWPWWWWPPPWWWWPPWPWWWPPWWWP
400 22 79 51 PPPWPWWPWPPPWWWPPWPWPDPWPPWWPPPPPWWPPWPWWWPPPWWWWP
400 80 37 48 WPPPPWPPWPWDPPPPPPPPWWWWPPPWWWWPWWWWPPPPPWWPWPWWWP
200 221251566 52 38 WPPWWWWPWPWWPPWWPWPWDWWPPWPWWPPWWWPWWPPPPPWWWPPWPW
300 767058069
400 89 33 47 PPPPPPWPPPWPWPPPWWWPWWWWWPPWPPWWWWDPPPPWPPWWPWWWPP
200 649832048 50 16 WPWWPPWWPWPWWPWPWPWWPPPWWWWPPWPPPWPPWWPWWDWWPPWPPW
400 13 19 26 PPPPWPWWWWPPPWPPWWWDPWWWPWPPWPWWWWPWWPWWPWWWPWWWWW
200 723775345 91 35 PWWWWWPWWPWPPPPWWWPPPWPWWPPPPWWPWWPPWPWWPWPPPPDPPP
200 587268935 55 49 WWPWWWWWWWWWPWWWPPPWPWPWWWPPWPPWWWDPWWPWPPWPPPPPPW
400 46 75 51 PWWPWWWPPWWPDWWPPPWWWWPPPWWPPWPWPPWPWPPPWPWPWWPPWW
200 507319181 29 8 PWWPWWWWPDPWWWPWPWPPPPPWPWPPPWPPWWPPWWWPWPPWWPWWWP
400 5 55 51 PPPPPPPWPPPWPPPPWPPPPPPPDPPPPWWPWWWWWWWPPPWPWPPPPW
200 732362793 88 84 WPWDWWWWPPPWPWPPPWWWPPWWPPPWPPWWPWPWPWWWWPWWPPPWPW
400 62 65 24 WPPPWPPPWPPPWPWWPWPPWPWWPWWWWWWPWPWWPWWWWPPWPDWPWW
300 186813967
200 251364563 68 15 WPPPPWPPPPWWPWPWWWWPWWPPPWPWPPPPWPWDWPPPPPPPWWWWPP
200 587524152 31 69 WDWWPPPWWWPWPPWPWPPPPPPPPWPPPWWWWWPPWPPWPWWPPPWWWW
300 767683921
300 231727211
400 8 51 46 WWWPWPWPWWPDWPWWPPWPPPWWPPPWWPPWPWPWPPWPWPPPWPPPPP
200 559134631 95 23 WWWWDWPPWWWPPPPPWPWPPWWWPWPPWWWWWPWPWPPWWPPPPWPPWW
300 876041265
200 864434731 19 75 PPPWPPPWPPWPWPPWPWWWWWPPWPWWWPPPWWPWWWDWWPPWWPWPPP
400 48 41 54 PPWWPWWPWWPPPWWPPPWWPPWWPPPWWWWWPPPWDWPPWPWPWWWWWW
400 91 39 47 PPPPWWPWWWDPPPWWWPWPPPWWPPWWWWWPWWWPWWWWWWPPPWPPPW
300 707050667
300 497776021
400 19 79 45 WPPPDPWWWWWWPWPWWWWPPWWWPPWWPPPPPPPWWPWPWWPPPPWWPP
200 327190256 24 75 WWWPPPPPWPWWWWWDPWWWPWPPWPPWPPPPPPWWWPWWWWWPWPWWWP
400 25 87 48 WPPWPWPDPPPPPWWPPPPWPWWWWWPWWPPWPWWPWPWPWPPWPPPPPP
200 34625392 52 78 PWWWPWPWPWPPWWPWPWPPPWWWPWWWWWWWWPPWPPPPWPPWWWPWPD
200 468713433 56 39 PWPWPWPPPPWWDWPPWWPWWWWWPPWWPPWWPPPWWPPPPWWPPPWPPP
400 40 64 27 PWWWPWPPWPDWPWWWPWWPWPPWWPPPPPPWWPWPPPWPPPPWPPPWWP
200 345279447 88 62 WWDPPPPWWPWWPPPWPWWPPPPPPPWWWPPPWPPPPWPPWPWPWPWWPW
200 496082502 24 57 PPPPPWWWWPWWWPPPWPPPDWWPPWPWPPWPWPPPWWPWPPPPWPWPWP
200 741368611 32 22 PPPPPWPPPWWPWWPWPWPWWWWPPWWPWPPWWPWPWPWWDWWWWWPWWP
300 351510934
400 23 64 26 PWPWWPPPPWWWPPPPWWWPPWPPPPPWPWWPWWPWPPPPPWDPWWPWPP
400 69 34 44 PPPWPWPWPWPPWWPPPPWWWWWPWWPWWPWPPPPWPWPPWPWPPWPWDP
200 746043799 78 2 PWPWWWWPWPPPWPWPPPWWPWWWPWPWPWPWPWWPWWWWWPWWPDPWPP
400 60 35 47 PPWWPWWWWPWWWWPPPWWWWPPWWPPWPPPWDWPWWWWWPWWWPPPWWW
200 195310247 73 87 WWWWWWWPPWWPPWPPWWWWPPWPDWPPPPWWPWWPPWWWPPPWWWWPPW
300 507319181
200 211149518 9 27 WPWPWWWPWWWWWWWPPPWPWWWWPWPWWPWPWPPWWWPWPPWWDPPWPW
400 4 11 42 WPPPPPWPWWWPPWPWWWWPPPPWWWPWPWPPWPWWWPWWPPPDWPPPPP
400 69 92 46 WPWWWPWPPPPPWWPWPPPWWWWPWWPPPWPWPWWPPWWPWPDWWPPWWW
400 78 60 50 WWPWPDWPWPPPWWWPPWPPPWPPWWPPPWWWPPWPWWWPWWPWPPWPWP
300 45853045
200 545848776 86 74 WWWPDWWPWPPPPPPWPPPPPPPPPWPWPWWWWWWWWWWPWWPPWPPPWP
400 56 20 45 WPPPWWWWPWPWWWPPWWPWWPWDWPWPWPPPPPWWPPPPWWPPWWWWPW
200 478143773 17 100 WWPPWWPWPWWWPPWWWWPPWWPWPWWPPWDPPWWPWPWPPPWPPPPPWP
200 647967358 59 97 PWPWPWDPPPPPWWPWPPWWPPWWPPPWWPPWPPPWWPWPPPWPPPWWPW
200 951582597 6 48 WDPWWPPPPPWWPPPPPWWPPWPPPPWWWWWWPPPWWPPPPWPWPPPPPW
200 302920041 74 29 WWPWWWWWPWPWWPPPWWWWDPPPWWPWWPPWWWWWPPPPWPPWWWWPWW
200 708021393 55 89 WPPPPWWWWPWWWWDPWWWPPWPPWWPPPWPWPWWPWPWWWWWPPWPPPP
200 279217894 12 11 PWWWPPPWPWPWWPWWPPWPWPPWPPWPPPPWWWPPWWPPPWPWPPDWWW
200 320982406 38 23 PWWWWPPPWPPWPWWWWWPPPPWPPWWPPWPWPPWPDWPWWWWWPPPWWW
200 611840667 39 46 PPWWWWPPWPPWWPPWWWWWWPWPPPWPWPWWWWPWPWPWWDPPPPPWPW
400 64 28 39 WPPWPPPWPWWWWWWWPPWPWPPWPPPWWWPDWPWPPWPPWWWPWWPPWP
200 227492233 31 16 PPWPPWPDPPPPPPPWPPWWPWPWWPWWWPPPWWPWPWPPWWWWPWWPPP
200 57768720 82 74 WPPDWWWPWPWPPPWPWPWWPPPWWWWWWPWPWPPWPWWPWWPWPPPWWW
400 98 77 1 WDPWPWPWPWPPWPWWWPPWWPPWPWPPPPPPWPPPWPWWPWWPWPWWWW
300 780289731
400 41 58 59 PPWWPPWPWPPPWPPWPWWPWPWPWWDPWPWWWPWWPPWWWWWPWWWPWW
200 10013792 38 41 DPWWPPPPWPWPPPWWWPPPPPPWPWPWPPPPWPWPPWPPPPWWWPWPPP
200 18963591 52 60 PWWPPPPPPPPWWWPWWPPWPPWWPWPWWWPPWPPPWWWWWDWWWPPWPW
200 844674144 60 29 WWPPPWWPPPPPWPPPWWPPPPPPWPWWWPPPWWWPWPPPWPPPWPDPPW
200 930675739 14 94 PWWPPPWWWPPPWWPWWWWPWWWPWPPPPWWPWDPWPPWPWWWWWPWWPW
200 595706759 33 8 PPPPPWWWPWPPWPPWPPWPWPWWDWWPWWPWPWPWWWPPWWWPWPPPPW
200 590499465 11 20 PWPPWWWWPWPWPPWWPWWDPPWWPPPWPWWPWWWWWWWPWWWWPWPWWW
200 484385109 39 92 WWPWWWPWWPWPWWPPWWPPWWPWPWPWWWWWPWPPWPPWWWWWWWDPPW
400 6 81 24 WPWWPWPPWWWWPPPPWPPPPWPPPPPWPWWDPWPWWPWWWPPPWWPPWP
200 848706650 15 86 WPPWWPPWWPWPPPPPWPPWWWPWPDWWWWPWPPWPWWWWWPPPWPPWWW
200 755863761 49 15 WPDWPPWWWPWWPWPPWPWWPWWWPPPPWWPPPPWWWPPPWWWPWPWPWP
300 235139146
400 22 90 23 PWDWWWPPPWWPPPWWWPPWWPWPWWWPPPPPPPWPPWWWWPWWWPPPPP
200 310050076 27 99 WPWDWWPPPPPPWPWPPPPPWWPWPWPWWPPPPPPWWPPWWWPPWWWWPW
300 917528993
200 955595132 64 93 PPWWWWWPPWPPPDWPPPPPWPWPPPPWWWWPWPWWWWPWWWPWPWPWWP
400 22 82 21 PPWWPWPPWPWWWWWPPWWWWPPWWWPPPWPWWPWWWPPPWPWWPPPPDW
300 496462052
200 110130472 91 92 WPWPWWPPWWPPWWPWWPWWPWPWWPPWWWWWWWPPPWDWWWWWPWWWPP
400 39 98 25 WWDPWPPPPWPPWWWPPPPWWWPPPWPWWPPPPWWWPPWWPWWWPWWWWW
400 8 35 45 PPWPPPWWPPPWWPPPWWDWPPWWWPWPPWWWWWPWWWPPPPWPPPWWWW
300 223525736
300 219987112
200 668801440 13 1 WPPWWWWWWWPPPPWWPPWPPWPPWWWPDPPPWWPWWWWPPWPWPPWWWW
300 723775345
400 25 56 25 PWPPWPWPPWWPWPPPWPWWPPPWPPWWPWPPPWWPPPDWPWWPPWPPPW
200 215884166 66 64 PWPWPWPWWPPWWPPDPPWPWPWPPPWWPWWWPPPPWPPPPWPWWPWWWW
200 80325986 57 13 PPPWPWWWPPPPWPWPWWWWWPWPPWPWWWWDWPWWPWWPWPPWPPWPPP
400 13 29 25 PWPPWPPWWWPWPPPWPWWPPPWPPPPPPWPPWWPDPWPPPWPPPPPPPW
400 7 97 48 PWPWWWPPPWWWPPWPWPPWPPWWWWPWWPWWPWWPWWWDPPPWPPWWPP
400 65 89 50 PPPWWDPPPWWPPPPPPWWPWPPWPPWPPPPPPWPPPPWPPPWWPPPWPW
200 423586938 9 5 WWPPPPWWPWWPWPWPWWPWWPWPWWPPWWPPPPPPWPPWDWWWWWPWWP
300 955595132
400 81 7 46 PWPWPWWWWWWPPPWWWPPWWPWPWPDPPPPWPWPWWPWWWPPPWWPWPW
200 968821149 23 13 WWWPPPPWPWWPWPPPPWPPPPWWWPDPWWPPPWPPPWWPPPPPPPWWPP
400 95 97 54 PPPWWWPPPPPPWPWWPPWWPDWPWWPPWWPPPPPWWWPPWWPWPWWPPW
400 77 5 1 WWWWPPWPPPWWWPPPPPPWPPPPPWPPPWWWPDWPWWWWWPWWPWWPPW
200 539757479 23 52 WPWPPPWPWWPWPWPPWPPDWWWPPPPPWWWPPPWWWWPPPWPPWWWWPW
200 983580370 34 71 PPPPPPWWWPPWPWWWWWPPPPWWPPPPPWPPDWPPWWWPWWPPPPWWPW
200 18497779 82 48 WDPWPWWPPWWPPWWWWPPWWWPPPWPWPPPWPPPPWWWPWPWPWWPWWP
400 43 64 26 WPWPWPWWPWWPPWWPPWPPPWPWDWPWWWPPWPPPPPPPPWWPWWPWWW
300 310050076
400 86 50 49 PPWWWWPWWWWWDPWWWPWWPWWPPWPPPPPWWPWWPWWWWWPWWWWPWP
200 18952707 49 25 PPWWPWPWWPPPWPPPPWPWWPWWPPWPDWPPPPPWPPWWWPWWWPPWPW
300 477957676
200 762279107 83 12 WPWPPWPWPWWWWPPWWWPPWWPPPWWPPPPWPPPPWWDPPPWPPWWPWW
200 20123675 79 91 WPWWPPWPPWPPPPPWWWWWWWPPPPWPPWWPPPPWWWWPDPWWPWPWWW
200 67811583 27 54 WPPWPPPWWWWWWWPPPWWPWPWPPPPPWPWWPWPPPWPWPWPWWPWPDW
300 317477401
200 312262878 11 3 WWWWPWPWPPPWWWPPPPWPPWPPWPPPPWPPPWWDWPPPPWPPPWPWWP
200 400891790 74 8 WWWWWPPPPPWWWWWPPPPPPPWPDPWWWPWPWWPPPPPWWWPPWPPPPP
300 828390588
400 5 53 1 WPWPWDWWWWWPWWWPPWPPPWWPPPPWPWWWPPPPPWWPPPPWWPWPPP
200 453281859 96 37 PWWPPWWWWWWWPPDWPWPWWPPPWWWPPPPPPWPWPWWWPPPPWPPWWP
300 379246620
200 565057800 77 15 WPWWWDPWWWWPPWWPPWPWPPPWPPPPWPWWPWWWPPWWPWPPPWPWWP
300 864434731
200 979144091 93 16 WWWPPWWWWPWWWPWWWPPPPWWPPWWWPPPPWPPDWPPWWWPWPWWPWW
200 27492995 95 32 PWPWPPWWPWWPDPPPPWWWPWPPPPWPWPPWPPPPPWWPPPPPPPWWWP
400 16 49 19 PPWPPPPPWPPPPWPDPPWWWWWWPWWPWPPWWPPPWPPPPPPPWWWPPW
200 947354516 56 28 PPPPWPPPWPWPWWPWPPWWWWPWPPWPWPPPPWWPPPWPPWWWPPPWDW
200 426784169 40 67 WWWWWPWWPPPPWPDWWWPPPPWPWWWWPWWWWPPPPWPPWPPWPWWWWP
400 14 71 49 WWPPPWWPWWWWPPWPPWPWWPPPWWWPWWPWWPPWWWWDPWWWPPPWWP
200 321503077 40 83 PPPWPPPPPDPWPWPPPPPWPWWWWWWPWWPPPWPPWWPPWPPPWWPWWP
200 419680998 54 8 WWWPWWPWWWWPWWWWPPPPPWPWWWWWPPPWPWWPPDPWPPPPPWWWWW
300 285409718
200 845419682 83 32 WPWPWPWWWPPWWWPPPWWPPPPPWPWWPWWPWWPWWWPWPPWWWWDPWW
200 153188904 4 43 WWWWWPPPPWWPPPPWPPPPDWWWWWWWWPWWPWPPWWPPWWPWPPWPPP
200 798376354 65 87 PPPWPWWPWWWWWPWWWWPWPWPWWWPWWDPWPWPWPPWPWWWWWWPPPW
400 52 16 23 WPWWPWWPWPPPWWWDPPWWWPWWWPPWWWWPWWWPPWWWWPPWPWPWPP
200 312559377 61 80 WWWPWWPPPPWWWWPWWWPPPWWPWWWPWPWWWPWPPPPPDWPPPPWWWP
200 512284356 60 18 PPPPPPWWWDPPPPWPPPPPWPPWWPWPPWPWPPPPPWWWPWPPPPPPWP
200 459807513 78 41 WPWWWPPWWPWWWPWWWPPPPWWWWWPPPPWWWWWPWPWWPPWWPPDWWP
400 11 19 46 WPWPWPWPWWPWPPWPWWPPPWWPPWWPPPWDWPPWPPPPPWWPWWPWWP
400 18 2 48 WWWPWPPPPWPPWWPWWWPWPWPWWWWPPPPPWPPPWWPWWWWPPPWDWP
400 90 33 25 PWPWPWPPWWPPPWWWPWPWPWWWWPWWWWPWWWWWPWPDWWPWWWPPWW
200 111394538 28 85 PPPWWPPPPPWPWPPWWWDPWWWPPWPPWWPWWPPPWPWPPWPPWWPPWP
200 327525294 82 53 PWWWWPPPPPWPPPWWPPWWPWPWPDWWWPPWWPPWPWPWWPWPWWWPWW
200 883439605 88 42 WPPPPDPWPWWWWWWWWPWWWWPPWPPPWPWWWPPPPPPPPPPWWPPWWW
200 558954950 69 21 DWWPWWPWWWPPWWWWWPWWPWWWWWPWPPPWPPWWWPWWWPPWWWPWWP
400 29 88 44 WPPPWPWPWWWWPPPPWWWWWWPWWWPPWPPPWPWPWWPPWPPPPPDPWP
200 154992038 13 26 PWWWWWPPPWPWWWPWWWPWWWWPPPWWWDWWPWPWPPPPWPPPPPPPWW
400 95 60 26 PPPPWPWWPWWPPWWWWWWWDPWWPWWWPWWPWPPPWPWPWWPWWPPPWW
200 37401156 36 90 WPWPWWPPWPPPWWWPDWPPPWPWWWWPPPWWPPPPPPPWWPWWPPPWPW
200 37352785 17 41 WPWWPWPWPPWPPPWPPWWPPWWWPPWWWWPWPPWPPWWPPWWDWWPPPW
400 63 77 44 PWWWPWWWPPWWWWWWPWPWPPPWPWPPPWWWWWPPPDWPWWPPPWPPWW
200 547710715 39 74 WWPPWPWWWPWPPPPPPPWPPPPPPPWWPWPPWPDWPWWWPPWWPWPPPP
300 362720351
400 18 70 47 PWWPPPWPPPPWWPPWWWWPPPPWPWWWPDWPPWPWPPWPWPWPPWPWPP
400 50 66 35 WWWWPPPWWPDPPWWPWWWPPPWWWPPPPPWPWWPWPWPPPPPPWPPPPP
200 989273404 77 81 WWWDPPPPWPPPPWWWPWPPPWWPWWWPWWPPWWWPPPWWPPPWPWPWWW
400 75 13 49 PWWWPPWWWPPPWWWPDPPWWPWPWPPWPPPWWWPPWPPWPPPPPWWWPW
200 784503748 88 25 WWWPWPPWPWWDWWPWWPPPWWPPPWPWPWWWPWPWWPPPPPWPWPPPWW
200 20453252 78 12 PWWWWWWWPWPPWPWPWPWPWDPPPWPWWWPPPWWPWPPWWWWWPPWPPW
200 264062053 32 51 PWWPDPPPPPPWPWPWPWPWPWWWWWWWPPPWPWPPWWPPPWPWPWWWPW
200 428040096 41 91 PWWDWPPPWPWWPWPPWPPPWWPWPWPPWWWPWPPWWPWWWPPWPPWPWW
200 985931428 55 11 WWWPPPDWPPWPWPWWWWWWPWPWWPPPPWPPPPPWWWPPWWWWPPWWWW
300 119911663
300 921834092
200 24679495 34 63 WWWPWPWPPPPPWWPPPWPWWPPWWPDPPWPPPPWPPWWWPPWWPWWPPW
200 249687886 23 91 WPWPWWWPWPPPPWPPDPPWWWPPWPWPWPPPPWPWWWPPPWWPWPWPPW
200 883716456 22 10 WPWDWWPWPPWPWWWWWWWWPWWWWWWWWWPPWPWPPPWPWWWWPWWPWW
400 37 29 45 WPWWPWWPPPPPWPPWWPWPWPPPPPPWPWPWPWPWWWPWPWPPDPWPPW
300 312646729
400 85 15 48 PPPDPWPPPWPPWPPWWWWWWPPPPPWWWWWPWWPWWPPPWWPWWWPWPW
200 130056145 64 34 WPWDWWWPWWWPPPWWWPPWWPPWPPWWPWPPWWPWPPWPPPWPPWWPWW
200 157060477 4 61 WWWWWWPWPPWPWPPPPWPWWPPPWWDPWWWPWPPWPPPPWWWWWPPWPP
200 384846917 38 84 PPWPWPPWWPWWPPDWPWPPWPWPWPPPWWPWWPWPWPWWWWPPPPPWPW
300 822610109
200 530334862 91 87 PPWPPWWWWWWWPWWPPPWPPPWPPPPPWPDWWPWWPPPPWWWPPWPWPP
400 84 55 42 WPPPPWPWPDPPWWPPWPWWWPWPWWWPPWPPPWWWWPPWWWPWPPWWWP
200 570639348 63 30 WPWPPWWPPWPPPWWDWPPPPWWPPPWWPWWWPWWPWWPWPPPWWWWWPW
200 142189232 71 19 PPPPWWWPPPPPWWWWWDWWWPWPWWWPPWPPWPPWWWWPPPWWPWWWWP
200 442765712 65 57 WPPPPPPPPPPPPWWWPWDPPWPPWPPWWPWWWPPPPWWWPPPPWWWWWP
200 22888772 89 83 WPWWPPWPPWPWPWPPWWPWPWWPWWWPPWPWWWPPPWPPWDWPPPWPWW
200 301767427 64 18 PWPWPWPWPPPPWWWPPWWPPPWPWPWDPWWPPPWWWWPPWPWPWWPWWW
300 790065470
200 487253736 43 30 PWPWPPPWPWWPWWPPWPPPWPWWWWWPWPPPPPPPPPPPWPPPWDWWPW
200 578843274 46 38 PWPWWPPPWWWPPPPPPWPWWDPWPWPWWWWWWWWWWWPPWWWPPWPPWW
300 136019169
200 546066294 39 62 WPDPPWWWPPWWPPPWPPPWPPWPWPPPPPPWPWPWWWPWPPPWPWPWWW
300 123743200
400 26 19 25 WPPWWWWWDPWPPPWPWWWWWWPPPPPWPPWPPPWWPWPWPWWWWPPPWP
200 124377533 48 1 WPWWPPPWWPPPWWPWPWPWWWWWWWWWPPWPPWDWWWWPPPPWWPWPPP
300 183551212
200 941086876 71 28 PWWWPPWPPWWPWPPPDPPWWPWPPPPWPWPPWWWPWPWWPWWPPWWWPP
200 665168583 33 42 WPDPWPPPWWPWPPWPPPWWWPWWWWPWWWPWWWPPWPWPWPPPPPWWWW
400 88 34 40 PWPWWWPWWWWWWPPWWWPWPWDPWWWWPWPWWPWWPWPWPPWWPWPWWP
200 9992549 58 73 WPWDPPWPWWPPWWPPWWWPWPWWWWWPWPPWWWWPWWPWWWPWWPWWPW
200 592301963 63 14 DPWWPPPPWWPPPPPPPPWWPWWWWPPWPWWPPPWPWPPWPPPWWWWPWP
200 844094669 72 39 WWPPPPPPPWWPPWWPWDWPPWPPPWPPWPPPPWPPWWPWPWWWPWPWPW
200 195102026 61 84 PWPPWWPPPPPPWWPPPWDPPWWPWPWWWWPWPWPWWWPPWWPWWPPPWW
200 756794496 32 35 WPPWWWPWPWWPWWWPWPWWPWPPWPPWPWWPPPWDPWPWWWPWWWWWWP
400 100 63 48 WPPWPPPPWPWPWPWWWWPPPPWPWWWWPPPPPPPWPPWWWWPWPPPDPW
400 76 20 23 WPPPDPWWPWWPPPPWPWWPPWPPWPWPWPPPWWPPPWWPWPWPWWWWWP
300 719684567
300 468713433
400 55 85 48 WPWDWPWPWWPPWPPWWWPWPPPPWPWWPWWPPWPWPPWPWWPPPWWWWW
200 895169040 25 72 WWWPPPWPPWPWPWPWWWWWWPWPPWPWPPWWPWDWPPPPWPPPWPWWWW
200 644678420 29 88 WPPPWPWWWWPWWWPWWWWPWDPWPWPPWWPWWWWWWPPPPWWWWPPPWW
300 863891335
300 250514876
400 86 68 28 DWPPPWPPPWPPWPWWWWWPPPPWPWPWPPWPPPWWPPPPWPWPWPPPPW
200 680187846 25 27 PPPWPPWPPPWPWWWPPPPWWDWPPWPPWPPWPWWPPPPWPWPWPWPPWP
200 50086693 93 86 WPPWWPPPPPWPWWPPPPWWPPDWWWWPPWWPPPWWWPPPPWWWWPWPWW
200 672696691 39 15 PWPWPPWWWWPPDPWPPPWPWPPPPPPWPPPWWWWWWWWPWWWPPPWWPP
400 8 49 26 WWPWPWPWWPWWWPWPWWWWPPWPWPPPWWPDPWPPWPWWPPWWPWPWPW
300 384846917
300 70240199
200 35246035 27 59 WPPPWDPPWWWPPWPWPPWPWWWWWPWPWPPPWWWPPPPPPWWPPPWWPW
300 536517039
400 25 93 46 PPWWPPPPWPWPPWPWWWWPWPPWWPWWPWPWPPPDPPPWWWWWPWWWWW
200 521721571 63 45 PWWPPWWPPPWWWPWPPWWPWWWWPPWPPPPPWWPPPPPPDWPPWPWPWW
200 841335716 83 72 WPWWPWPWPPWPPWWPPWWPWPWPWPWWPPWPPWPPWWPWWWWWWPWWDW
200 615028656 77 79 WWPPPWPPPWPWPWPPWWWPWPPPPWPPWPPPWPPPDWPPPWPWPWPWWP
400 15 9 24 PWWWPWPWWWWPPWWWPWPWWPWPPWDWWWPWPWWWPWPPPWPWWPPPPP
400 90 78 26 PWPPWWWPWWPWPPPWWPWWWWWWWPWPPPWWWPWWPPWPWWPPWWWDWW
200 9680865 12 70 WPDWPWWWWPPPWWWPPWPWPWWPWPPWWWWWPWWWWWWPPPPPWPWPPP
200 172104426 48 63 PWPWWWPPWWWPPWPPWWWPPWPPWWPPPWWPWPWPPWWWPWWPPPPDPP
300 371455204
400 60 3 45 WWWPWWWPWPWWWPWPWWPPPWWPPWWPWPDWWPPPPPPPWWPWPWPPWP
300 296560915
300 478557126
400 78 42 24 WWWWWPPWPPWPPWPWPWPWWWWWPPPPWWWPPWDWPPWWPWWWWPWWPW
400 96 56 43 PPWWWPPWWPWPWWWWWPPPWPWWWWPPWPWWWWPPPPPWPPPWPDPWWP
400 41 45 23 PPWWPWPWPPPWWWPPWWWWWWWWWPWWWWPPWWWWWPPPPWPWDWWWPW
400 16 43 23 PWWPWPPWPWPPWPWPWWPWPWWPWPPPDWWPWWWPPWWPPPWWPWPPPP
400 23 65 46 PWWWPWPPPWPWWWPPWPPWWWPWWPPWWPPWWWPWPWPPPWPWPDPWPW
400 37 55 29 WWWPWPWWPWWWWWPPPWWWPPWWWPPWWPWWPWPPWWWWDWPPPPPPWP
400 8 73 24 PPWPWWWWWWWWWWWWWWWPWPWWWPWDWWWWWWPWPPWPWPWPWPPPPP
300 659838188
400 12 8 28 WPWWPWWWWPPWPPWPPPPWWWPWWWPWPPWWPWPPWWWPWWPPPPPWWD
200 788154793 6 8 PPPPPWWWWWPWDWWPWWWWWWWWPPPWPPWPPPWPPWPPPPPWPPWPPP
300 195310247
400 7 55 51 WWPWPPPPWPWDPPWWPPWWPPWWWWPWPWWPPWWWPWPWWPPPWWPWWW
200 596573677 64 88 WWWPWPPPWPWWWWPWWPWPDPPPWPPWWWWWPWWPWWPPWPWWPPWPPW
300 960617966
200 991107620 8 27 WPPWWPWPPPPWWWWPWWWWWWPWPPWWWDWWWPWPWWPWPWPWPWWPWW
200 550801592 69 23 PPPPWPWPWWWWWWPPWPWWWWPDPPWPPPPWWPWWWPWPPWPWPWWPWP
200 217971510 21 89 PWPWPWPWWPWPPWPPPWWPWWWWWWPPPPPPWPDPWPPWPPPWWWWPWP
300 871650457
400 41 83 26 PWPWWPPWWPWWPWPPPWWPWWWWWPWWWWPPPWWWPPPPPWWPDWPWPW
200 52641743 46 61 PWPPPPPWWWPPPPPPPPPWPWWPWPPPPPWWPWPWDWPWPWPWPPWPPP
300 401008510
200 712935060 57 64 WPPPPPWPWPPPWWPPWWWWWPPWWPWDPPWWWPWPWPPWPPPPWWPWWP
300 388890987
200 276022772 14 58 PWPPPWWPPWPWPWPWPWPPPPWWPWPPPPWPWPPWPWWWWDPPPPPPWW
200 181486051 99 13 PWPWWWPPWWPPPPPWWWPPWWPWWDWWPPWWPWPWPPPWPPWWWWWWPW
200 455673465 14 72 WPWWWWPWPWWWPWPPWPWWWWPPWWPPWPWWWWWPPWPWWWPPPWPDPW
200 128997806 50 80 PWPWDWWPWWPPWWWWPWPWWPPWWWPWWPWPPPPPWWWWPPWPWPPPWW
200 922191224 4 93 WWPPWPWPPWPPPWWPWWPWDPWWWWPPPWWWPPPPWWPPWPWWWWWWPP
200 840207624 1 71 PPPPWWWWWWWWPPWWPPWWWDWPWPWPWPWWPPPWWPPPPPPPWWPWWW
200 851912057 57 23 WWWPWPWPPWPPWPPPWPWPWPWPPPPWPWPPWWWPWWWWPPWPPDPWPW
400 33 16 22 WPPWPWWPWWWWPPPWWWWDWWWPWWPWWPPPPPWWWWPPWWWWPWWPPP
200 265288229 55 39 WWWWPWWWPPWWPPPWPWPPWPPWWPPWWPWWWPWPPPWWPPWDWWPPPP
400 61 46 1 WWPWWWPPWWWWPWWPDPPPPWPPWWWWWWWPWWWPWWPWWPWPWPWPPP
200 628461672 74 2 PPPPWWWPWWPPPPPPWPWWWPPPWWWWWPWPPDWPPPPPPWPPWPWWPW
300 426784169
300 43000022
200 641754306 12 30 PWPPPWPPPPPWWWPWPWWPWWPWPWPPWPPWPPWPWWWPWWWPPWWPWD
200 612376142 33 26 PPPWPPWWWPPWWWWPWWWPWWWWWPPPPPPPPPPWWDPWPPPPWPPPPW
400 87 54 47 WWWPWWWWWPPPPPDWPPPWWWPPPPPPPWWWPPPWWWPPWPPWWWWWWP
400 56 46 29 PPDPPWWPPWWWPPPWPWWPPPPPPWWPWWWWPWWPWPPWPWPPWWWPWP
300 484385109
400 45 47 45 WPWWWPDPPPPWPPWPPPPWWWWWWPWPPPPPWWPWWPPPWWWWPPPWWW
300 624971793
400 92 78 46 PWPPWPPPWPWWWWWPPWPPWPPWPPWPWWWWPPPWWPPPPPDPPPWWPW
300 443114397
200 162078879 63 83 WPPPPWPWWPPPPPWWWWWPPPWWWPWPPPPPPPPPPPWWDPWWPWWPWP
200 161614136 34 47 PPPWPPWPPPWDWPPPWWWWPWPWPWPPPWWPPWWPWPPPWPPWPPPWWP
400 22 50 43 WPWWPPWWWWPPPWWPWPPDPWPPPWPPPPPWWWWWWWWWWPPPWWPWPW
300 979144091
200 897210523 100 16 WPPPPPWPPWPPWWWPWWPWWWWPPWWWWPWPWPPWPWPWPPWPWPWDWW
200 775531205 68 74 PWWWWWWWPPPWPPWPPDWPWPWPPWPWPWPPWPPWPWPPWWWWPWPWPW
200 768318772 85 57 PWPWPWPPWPWPPWWPPPWWWWWPWPWWPWWWPPPPWPDWPPWWWPPWWP
400 90 14 22 WPWPPPWWWPPWPPWPPWPWPPWWWPPPPPWPPWPPWPWWWWPWWWWDPP
200 402138495 45 81 PWPWPWWWPPPPWWWWPWPPWPPPPPPPWPPWWPDPPPPWPWPPPPWWWP
200 204337463 95 40 PWWPPWPWPPWWWPPPWWPDWPPPPWPWPPWPWWPWWPWPWPPWPPWWPW
200 767791322 3 37 WWWWWPWWWPWWPWPWWPPPPPPPPWWWPWWWPWPPPDPPWPPPWPWPWP
200 408790487 34 81 WPWPWPPPPWPPWWWPPPPWWWPWWPWWWWWPWWWPWDWPWPPWPPWPPW
200 62086148 84 77 WWPWPDWPPPWWPWWPWWWPPPPPWPPPPPPPWWPWWPWPWWPWPPPWPP
300 50738489
300 39209440
300 60211391
200 186548420 15 97 WWPWWPWPWWWWPWPWWWWPPWWPWPDWWPWPPPWWWWPWWPPPWPWWWW
200 458134018 45 61 PWWPPWWPWPWPPPWPWWWPPWWPWPWWPPPWWWDPPWWPWPWWPPWWWW
200 382928110 93 21 WPWPWPPPPDWPWPWPWPWWWPPPWPWWWWPPPWWPPWWPWWWPWWWPWW
200 618452355 11 30 WPWPWWPPWWWWWWWPPWPWPPPPPPPPPWDPPPPPPWWPWPPPWPPPWW
300 13037593
200 452336583 19 79 WPWPPPWPWWWPWWWWDWPPPPPPWWWPWWWPWPWPWPWWWPWWWPWWWW
300 741368611
200 14609440 78 82 WPPPPWPWWPWWWPPWPWWPDWWWPPWWPWWPPWPPWWWWPWPWPWWPPW
300 958418439
300 62997714
400 83 23 26 WPPPPWWPDPPPWPWWWWPPPWPPWWPWWPPWWPWPPWWPPWPWWWPPWW
400 44 33 27 PWPWWPPWPPWWPWPPWPPWPWWWPPPPPWPWWPWPWWWWPWPWWPPWWD
400 55 50 47 PWPWWPPPWWPWWPPWPWWPWPPPPPPPPWWPPPPWWPWPPWPPWPDPPW
300 46954604
200 581044077 71 93 WPWWWPPPPPPWPPPWPWPPPPWPWWPPPPWPPWPWPWWPPPPWPPDPPW
300 15428340
400 67 36 1 PPWPPWWPWPWDPWPWWWWWWWPPWWWWWWWPWWWWPWPPPPWPPPPWWW
300 755863761
400 14 21 23 WPWPWWPWWPPPWPWPPPPWWWPPWPWWWPPPWPPPPWPWWPWPWPPPWD
300 707010732
400 88 54 46 WPWWPWPPPPWWWPPPPPWPWWWWPPPWPWPPDWPPPPPWWPPWWWPPPP
200 505119442 79 70 WPPPPWWPPPPWWWDPPWPWWPPPWPWPPWWPPWPWWPWPPWWPPPPPWP
200 181126239 32 70 PWWWWWPWPPPPPPWPPWWWPWDWPWPPPWWWWWPPPPPWWPPWWPPPWP
400 94 88 44 PPPWWPWPPWWWWPWWPWWWPWPPWPPPPPPWPWWPWPWWWPPWWWWDWP
400 46 68 48 PDPPPWWWWWWPWWPPWWPPPPWPWPWWWWWPPWWPWPPPPWWPWWPWWP
200 975099393 3 51 WPPWWPWWWWPWPPPWPPPPPWWWPWWPWPPWWWPWWWWPPWPWPDPWWP
200 391806378 29 63 WWPWWWPPWPWWWWPPPWPPWPWWWWPPWPPWWPWPWPWWWPWDPPWWWW
200 346015489 40 53 WWWWPPPWPPPWPWDWPPWWWPWWPPPPPWWPPWPWWWWPPPWPPPPWWW
200 211710886 99 58 WWPPWPWPPWPWPWPWWWWPWWPPPWWWWPPPWPWPPPWWWPWDPPWPPP
400 66 51 46 PWPPPWWPWPWPPWPWPPWPWPWWPWPPWPPDPPWWPWWPWPWWWWWWWW
400 47 63 25 PWPWWWWPWPPPPWWPWPWWWPWWPDWPPWWPWPPPWPWWWPPWWWWWWW
300 746043799
400 5 99 45 PPWDPWPWPPPWWPWPPWWPWWPWWWWPPPWWPPWWWPWWWPWWPPWPWP
400 35 44 25 WWPPWPWWPPPPWPDPWPPWPWPPPWWPPWWPWPPPWPPPWWPWWWPPPW
400 37 38 27 PDPPWPPWPPPWWPWPWWWPPWWWWWPWWPWWPWPWPWPWWWWPPPWPWP
200 837431850 4 53 WPWPWDWPPWPPWWWPWWWPWWPPPPWPPPWWPPPPPPWPPPPPWWPWWP
400 45 56 46 PWWPPWWWWWPPPPPWWPPWPPPWWWWPPWWWWPDPPPPPPWPWPPPWWW
400 84 38 45 PPPPPPPWPWPPPPPWPPPWPPPWWPDPPPWPPWPPPWWWWWPPPPWWWW
400 60 63 25 PPWPPPWPPPWPWPPPPWWPWWWPWWPPWWWWPPPWWPPPPDPWPPPWWW
400 91 52 17 PPWPPWWPWPPWWPPWPPWWPWPWPWDWPWWWWWPWWPWPPWPWPPWPWP
200 636137242 19 80 PPWPPWPWPWPWWWWPPWPPWPPWPWPWPWPWWPPWWWPPWPWPWWDPPP
200 93734860 96 1 WWWPWWWWPPPWPPWPPPWWPPPPPWDWWPWWWWWPPPWPWWPPWWPWPW
400 61 66 22 WWWWWWWPPWPPPPPPPPPPWWPWPPWWPPPPPWWWWWPPWWDPPWPPPW
200 993043441 54 60 PPPWPWPWWWWWWPPPWWWPWDWPWWPWWPWWPWPPPPWPPPPWPWWPWW
400 87 53 43 WPPWPWWPWWPPWWWPWWPWPWWPPWWWWPPPWWWPWWWWPPDWPPWWWW
200 963981488 78 33 PWWWPWWWWPWWPPWPPWPWWWWPWDWWPPWPWPPWWWWPPPWPWWPPPP
400 53 22 1 PPWPPWPWWPWPWPWPPPPWPPWPWWPPWWWPPWWWPWWWPPPPWPWPPD
200 171758460 97 89 PWPPWWPWPPWPPPWWWWDPWPPWWPWWPWWPWWWPPWPPPWPPPPWPWP
200 362170133 84 27 PWWDPWWPPPWWWPWWWPWWWPPWWWPPPPPPWWPWWPPWWWWWPWPPPP
200 850984380 59 40 WPWPWWPWWWPPWWWPPPWWPWWPWWWWWPWDWPWWWPPPPPWPWPWWWW
200 63947640 35 41 WPWPWPWWWWPWWPWPWWPPWWWDPWWWWWPPPPPPWWWWWWPPWWPWWW
200 10007292 54 38 WWWPWWPPDPWPPWPWPWWWWWWPWPPPPWPWWWWPWWWPWWPPPWWPPW
200 29987202 23 48 PPWPWPPPPWPPPWPPWWPWWWWPWWPPPWPWPPPWDPWWPWWPPPPWPP
400 81 8 29 WWPPWWPPPPWWWWWPWWPPWWWPWWPPWWWPWWWWWWWWWPWPPPPWDW
200 69253181 66 80 WWWWWPPPPPWPWPPPPPWPPPWWPPPPWPPWDPWPPWWPPPWWWPPWWW
400 38 45 27 WWWWPPWWDWWWWPPWWPPWPWPWWPWPWWPPPPPPPWWPWWWPWPWWWW
300 126471956
400 25 37 24 PPWWPWDPPWWPPWWWPWWWPWPWWWWWPPPWWPPWPWWWPPWPWPPPWW
200 35680521 3 79 PPWPWPWWPWWWPWPDWPPWPWPWWPWPWPWPPPPPPPWPWWWWWWPPWP
400 50 53 26 PWWWWPWDWWPWPWWPPWPPWPPWPPWPPPPPPWWPWWPPPWPPPPWWPP
300 182562087
200 782277019 7 89 WWWWPWPPWWPWWWWWDPWPWPPWPWWWWPPWPPWPPPWWWWPPPPWWWW
300 128140460
400 29 83 26 WWPPPWPPWPPWPWWWPWPWWWPPPPDWWWWPWPPPPWPWWPWPWWPPPW
400 98 50 27 PWWWWWWPWPPDWPPPPWPPPPWPWWWPPPPWWPPPPWWWWPWPPWWWPW
200 137258116 16 69 WWPPWWWWWWWPWWPPWPWPWWWPPPPWWPPWPPPWPPWPPWDPWWPWWP
200 755417151 29 56 WWDPPPWPPPPWPWWWWPWWWWWPPPPPWWWWPWWWWPWWWPPWWWWPWW
400 6 39 23 WWPWPPPPWPPPPWPPWWWPPPPPWWPPPPPPPPWWWPPDWWWPPPPPPW
200 887661937 13 2 WPWWWPPWPWPWWPPPWPPWPWWWPPWWPWWPPWDWWPPWWPPWPWPPWW
400 48 42 46 PPDPWPPPWWWPPWPPWPWWPWWPWPWPWPWPPPWWWPPPPWPWWWPWPP
200 164806049 60 88 WPPWWWPWWDPWWPWPWWPWPWWWWWPPPWPWWPWPWWPWWWPPWPWWWW
300 965708374
400 25 24 37 WPPPWPWWPPWWWWWPDPPPWWPPPPWPPPWPWPPWPWPPWWWWPWPWPP
400 57 62 27 WWPPWWWWPWPDPWPWWPWWWPWWPPPWPPWPPWWPWWPWWPWPWPWPWP
400 3 19 25 PPWPWWPPWWWPDPWWPPPPWPWWWPPWWWPWWWPWWWPPWPPPPPPPPW
200 215476611 64 70 WPWWWPWPWWPWWWWPWWPWWPWPWPWWWWWWPWPPWPWPWWWPWPDWWP
200 784768801 75 35 WWWPPPWWWPDWWPPWWWWPWWPWPWWWWWWPWWWWWPWWWPPPPWPPPP
200 212989395 64 44 WPPWPPDWWWPWPPWPWPPPPWWPPWPWPPWWWWWPPPPWWWPWPWPWWP
300 668786779
200 79174472 47 86 PPPPWPWPPWPPPPPPPPWPWPPPPWWWWPWPWWWDWWWPPPWPWWPWWP
200 821980514 58 67 PWPPWPDPPPPWPPWWPPPPWWWWWWPWWPWWPPPWPPWPWPWPPPPPPW
200 623436584 55 82 PWWPPWWWWWWPDPWWWPPPPWPWPPWPWWWWPWWWWWWWPPPWWPWPWP
200 595697790 2 21 WWWWPWWPWPWPWPWPPPWPWWWWWPPPPPPPDWPPWWWWPPPPPWWPWW
200 451410857 46 82 PPPWWPWWWPWPWWWWWPWDPPWPWPWWPWPWPWPWWWPPWWPPWWPPWP
200 406297415 48 91 WDPWPPPPWWWWWWPPPPPWPPPPWPPPPPWPWPPPPWPWPPPWPWPPWW
400 95 38 25 WPPWPPPWWPWPPWPWPWWPWWWPPWPWWWPPPPPPPPPWWPWWWPDWWW
400 5 72 25 PPWDWWPPPWPWPPWPPPWPWWWPPWPWWWWPPPPWWWPWPWWPWPWWPW
400 3 60 42 PWWPPPWWPPWWPWPWDPPWPPPPWPPPPWWWWPPPWPWPPPWWPWPWWW
400 20 66 48 WWWWPWPWPDPPPPPPWPPWWPWWWPPPPWWWPWPWPPPWPPPWPWWWWW
400 53 90 44 PWPWWPDWWPWPPPPPWPPPWWPWWWPWWPWWWWWPWWWWPWPWWWPPWP
200 798314540 78 11 WPWPPPWPWPWWWPPPWWPWWPWPPPWDWPPWPWPWWPPWPPWPPWWWWP
200 164612125 49 9 PPWWPWWWWPWWPPPPWWPDPPPWWPPPWPWPPPWPWPWPWWWWWPPWWP
200 581548013 67 78 WWPWWWWWPWWPWWWWPPPPPWWPPWWPWWWPWWWWWWDPWPPPWWWWPW
200 531285477 78 86 WPPWWWWPWWWPWWPWPPPPWPWPPPWPWPWWPPWPPWWWPPWDWPPPWW
200 673114223 14 65 PWPPWWPPWPWPWPWPPWWPWPPWPPPDWPWPPWPPWWPWWWPPPPWPWW
200 551218442 31 84 PWWPPPPPPPWWWDPPWPPPWPPPWWWPPPPPWPWPWPPWPPWPWWWPPP
400 49 22 23 PPWPPPPWPPPPWWWPPWWPPPWWWWWWWPWPDPPWPPWWWPWPPWWPWP
400 24 95 46 PPPWWPWWWWWWPWWPPPWWPWDWPPPWWWWWPWPWWWWWWWWPPWPPWP
200 591159678 89 60 PPPPWWWWPPPPPWWPPPPPWPWWWPPPWDWWWWWWPWWWPPWPPWWPPP
400 37 81 20 WWWPPPWDWWPWWPWWPWPWPPPPWPPPWPPPPPPPWWPPWWPPWPPPWW
200 91865701 56 32 WWWPWPPWWWWPPWWWWPDWWWPWWPPPWWPPPPWWPWPWPWPPWWWPWW
200 639966877 75 81 WPDWWPWWPWWWWPWWPWWWWWWPPWPPWWPPPPWWPPWWWWWPWWWWPP
200 306447273 8 59 WWWWWWPWWPWWWWPPPWWPWWWWWPPWWWPWPWPDWPPPPWPWWWWWPP
400 51 1 22 PPPPWWPPPWPPPWPWWPPPWPWWWWWWWWWWWPWWPPDPPWPWWWWWPP
400 93 1 26 PPWWPWPPWWPPPPWWWPPWPWWPWDWPWPWPWPWWPPWWWPWPWWPPPW
400 100 91 46 WPPPWWWWPPWPWWWPWWWPPPPWDPPPWPWWWWWWWWWWWWWWWWWWWW
400 34 54 1 WPPPPPWWWPPWPWWWWWWWPPPPWPWPPWWPWPPPPPDWPWPWWPPWWP
400 58 6 23 WWWPPDPWPWWPWWWPPWPPPWWPPWWWWWWPWPPWWWWPPPPPWPWPPP
400 69 98 24 WWWPPWWWPWPWWPPPPPWWWDWWPPPWPPPPPWPWWPPPWWPWWPWWPW
200 319353671 13 90 PWPWWPPWWWPWWWWWPPWPPWWPWWPDPPWPPPPWPWWWPPPWPWPPPP
400 48 81 27 PWPWWWPWWDWWWWPPWPWPWPWPPPPWWWWPPWWWPWPWWPPPPPWWPP
300 782277019
200 6848576 52 62 PPWWWWPPPPWPDPWWWWPWWPPPWWWWWPPWWWPWWPPPPPWWPPPPPP
400 67 21 48 PPWWPWPWWWPPWPPPPPPWPPWWWWWPWPWPWWPPWPPWWWWDWPPPPP
300 438471012
200 427484689 67 70 WWPWWPPWPPDPWWWPWWPPWPWPPWWWWPWPPPWPWWPPWWWWWPWPWP
200 56010827 13 8 PDWPPPWPWPPPWPWWWWWPPWPWPWPWWPPPWPWPWPPWWWPWPWPWWW
200 15700623 8 60 WPWWWWWPWWWWWPWWPWDWPPWPPWPWPPWPPPWPPWWWWPPPPPPWPW
300 634541089
400 57 36 44 WWWWPWWPWWPPWPPWDPPWPPPPWWPPPWPPPPWWPPPWPWPWWWPWPW
200 439381043 81 21 PWWPPWPPPPDPPPPWPWPWWWPWWWWWPWWPWWWWPPWWWPPWPPWWPW
300 482490
400 17 32 40 PDPPWWPWWPPWPPWWWPPWWPPWWPWPPPWWPWWWWWWWWPPWPPWPPW
300 417317928
200 985701724 82 4 PWPPPDWWPWPWPPPPPWPPWWPWWPWPWPWWWPPPWPWPWPWPWPWWPW
400 61 3 24 WPWWWPPPPWWPPWPPWPDPWPPPPWWPPWWPPPPWWWWWWWWPWPWPPP
200 575782417 4 100 PDWPWPWWPPPPPPPWWWWWPWWWWPWPWWPWWWPWWPPPPWWPWWPWWW
200 120439335 44 59 PPWWWWWWPPPPWPPWPPPPWPDWWWWWWWPPPWWPWPWWPPWPPWWWPP
200 147251596 16 67 PPPPWPPPPWPPWPWPPWPWPWWPPWPDPWPPPPWPPPWPPWWWWPPWPP
200 244408610 87 50 WPWWPPWPPPWWWDWPPWPWPPWPPWPPWPPPWPPPPWWWWWPWPPWPPW
200 412112967 98 69 WWWPWPWWWWWPWDWWPPWPWWPWPPPWPPPPPWPPWPWPPWWWPPPWPW
200 678452233 11 33 PPWPWPWPPPDPWWPPWPWWWWPWWPWPPWWPWPWPWWWPPWWWPPPPWW
400 67 13 26 WWWWPWWPWPWPWWWPWWWWPPWPWWPWPPPDWPWWPWWPWWPWWPWPPP
400 3 9 35 WWWPPPWWWDWPPPWPWPPPWWWPWPPPPPPPPPWPWPWPWWWPPWWPPP
200 957422233 85 61 PPPWWPWPPWPWPPPPPWPWWPPWWWWPPPWPWPWWPWWWDWPPPPPWPP
400 41 79 24 PPWWPPWPWPPWWWPWWWWWWWWWWWWWWPPPPPWWWPPPPDPWPPWPWP
400 71 9 32 WWPWWWWPWDPPPWWPPPWPPPWPPWWPPPWWPWPWPWWPPPWWPPWWWW
400 57 53 1 PPWPPWPWWPWPWWWPPPWWWWPPPPWWWPWPPWWPPPPWWWWDWWPPPP
200 505447865 35 51 WWPWWDWPWWPPPWPPPPWWPPPWWWWPWWPPPPWPPWPPPWPWPWWPWP
400 27 8 1 WDPPWWWWWPPWWWPWPWPPPWWPPPPPWWPPPWPWPWWWPPWWPPPPWP
200 156314278 37 31 PPPWPPPPPPPPWWWPPPWPWPWPWWPWWPPWWWWWPWWPPPPPDPPWWW
200 946492878 56 83 WWPPPPWPPDPWWWPPWWWWWPWWPWWWPWWPPPPPWPPWWWWPPWPWWP
200 589038957 92 76 PWPWWWPWPWPWWWWPPWWWWPPPPWPWPPWPWPWWPPPPDWWPWWPWPW
200 195933355 74 15 WPPPWWWWWPWWPPWWPPDPPPPWPWPPPPWWPPPPPPPPWWWPPWPPPP
400 28 59 47 WWPPPWPPWWWWWPPPWWPWWPPWWWWPPWPWPWWWDPPWWPWWWWPPPP
400 43 9 19 WWPPWWPPWWWDPWPWWPPWWWWPWPWPWWWPWPWPWWWPWPPPWWWPWW
200 961085072 73 63 WPWPWWPWPPWPWWWPWDWWWPWWPWWPPWPPPWWWWPWWPPPPWWPWPP
400 23 97 39 WPWWWPWPPPWPPPWPWWWWPPPPWWWPWPWWPPPPWWPWPWPDWPPWWP
200 264758969 6 18 WWWWWPWWWPPPWDWWPPWPPPPWWPWPPPPPPWPWPWWWPPWWPPPPWW
200 464037198 7 67 WPWWWPPPPDWWPWWPPPWPPPPPWPPWPWPPPWPPPPPWWPPPWPWPPW
400 32 59 42 WWWPWWWWWPWWWWPWWWWPWWPPWPWWWPWWWPWPWPWWPPPWPPPWWD
200 504246346 80 83 PWWPPPDPPPPWPPWPPWPPWPWPWWWPWPWWWWPWPPWWWPPWPPWPPP
400 93 57 20 PWPWPWPWWPPPWWWPPWPWPPWPWDWPWWPPWPPPPPPWWWWPWPPWWW
400 5 96 23 PPPPPPWPPWPPDWPPPWPWWPPWPWPWWWPPPWWWWWWPWPPPPWWPPP
400 60 61 22 PPWPWWWWWPWPPPWPWWPPDWWPPPWWWWWWWWWWPWWWPPPWPWWPPP
300 844094669
200 5737616 98 34 WPPPPWWWWWWWPPWWWPPWPPPPWWPWWPWWPPWPPPWPPPPWWWPPDP
400 50 57 43 WPWWWPPPWWWPWWWWPPWWPWWPPWPWPWPWPPWWPWWWWPPWPDWWWP
400 55 4 25 WPPPWWWPWWWWWWPPPPPDPPWWPWPWWPPPPWWPWWPPWWPWPPPWPW
400 71 84 25 PPWPWWPPPWWWWWPPPPWPWWPPPPPWDWWPPPPPWWWPWWPWPPPWPW
200 410619750 32 33 WDPWPWPPWWWPWWPWPWWWPWWWWWPWPPWPWWWPWWWPWPWPPWPWWP
400 60 12 45 WWPPPPWWPPWWWPPWWPDWPWWWWPWPWWPWWWWWWPPPPWWPWPWPPW
400 67 12 18 WWPPPWWWPPWWPWPWWPPWPWWPWWWWWWPPPWPWPWWPWPPPWWWDWW
300 468463621
200 388593167 53 86 WWWWPWWPPPPPWWWPWWPPWWWPPWWWPPWPPPWPWDWPPPWPPPWWWP
200 668192250 48 27 PWPWWPPPWWWPPWWWWWPPWWPWPWPPPWPWWWDPWPPPWPPWWWPPWP
400 48 74 26 PPPWWPPPWWWPWPWPPPWWPPWWWWWPWPWWPWPPWWWPPWWPDWWPPP
400 71 75 45 PWPWPPWPWPWPWPWPWWPPPPWPWPPWPPPPWWWPWPPWPWPPPDPWWW
400 63 89 26 PPWPWWWPPPPPPPPPWPWWWPWPWWPWWPPWPPPPPWPWPPWWWPWDPW
200 584128838 93 94 PWPWWWWPWPWWPPWWWPPPPPPWPPWWWPWPWWPPPWPPWDWWWPWPWP
400 89 23 36 PWWPWWPWWPPPPWPWWPWDWWWWPWWWPPPWPPWPPPPPWWPWWPPPWP
200 164590012 25 3 PPPWWPWPPWWDWWPPWPPPPWPPWWWWWPWPWPWPPPPPPWWPPPPPPP
400 18 44 25 PWWPWPPWWPPPPWPPPWPWWPPWPWWWPDWWWPPPWWWPWWWPPPPWWW
400 55 72 26 WPPDPWPWPWPWWWWPPWWPWWWWPWWWPWPPPWPWPWPWWWPPPWPWPP
300 639966877
200 574613089 85 52 WWWPPWPPWWWPWPWPPWPWWPWWWWPPDPPWWWPWWPWWWWPPPPPPWW
300 606540575
200 380223939 18 67 PWWWWPPPWPWWWPPPWWPPPWWPPWWPPPPPPPPDWPPWPPPWPWPWWP
200 969512726 100 59 WPPWWWPWWWPPPWWPPPDWPPWPPPPWWWPPPPWWPWWPPPWWWPWPPW
400 27 7 42 PWPWPWWWWWWWPPPWWPPPPDWWPWPPWPWPWPPPWWWWWPWWPPWWPW
400 65 52 20 PWWDWWWWWPWPWWPPPPWWWPWPWPPPWWPPWPPWWWWWWPPWWWWPWP
400 70 44 20 WPWPWWWWWPWWWPWPWPPDPPWPWWWPPPWWWWPPWWWPPPPPWPWWWP
300 36321071
200 507584180 5 98 WWPPWWPWPWWPWPPDPWPPPPPWPWPWPWWWWPWPWPPWWPPPPPPPPW
200 725101069 45 44 WWPWWPWWPPPPPPWPPWWPWWPWPPPWWWPWWWPPWWPWPWPPWWPPWD
300 20123675
400 16 23 20 PPPWPPWDWWPPWWWPPPPPPPWWWWPWPWPPPWPWWWPPPWWPWPPWWW
200 742950432 56 45 PWPWPPPWWPWWWWPPPPWPPWWDWPWWWWPPWWPWPPPWPPWPPPPWWW
200 350823865 45 74 WPPPPWWPPPPWWWWDWPPWWPWPPWPPWWWWWWPPPWPWPPWWPWPWWP
200 709422902 88 56 WWPPPWPWPWWWPPPPPWPPPPWPPPWPPWWPWPWPDWPPPWWWWPWPPW
400 62 88 1 WWPWPWPWWWPPPPWWWPPDWPPPWPWWPPWPWPWWPWWWPWPPPWWWPW
400 60 33 26 WPPPWWPPWPPWWPPPPWWPWWWPWWWWWPWWWPWWPWPPWWWWWPPWDP
200 541749205 92 88 PWWPPPPPDWPWWPWWPWPPPWPWWWPWPWPPWPWPWWWWPWWWWWWPPW
400 5 78 45 PWPWPPPPWWPPWPWWPPWWPWWPPWWWWPPWWPDPWPPWWWWPPPPPWP
400 69 87 24 PWWPWPPWPPPPWPWWPWWWPWPDPWPPPWPPWPWPPPPWWPWPPPPWPW
200 431156640 45 66 WWPWWPWPWPWWWWWWPWWPWWPPWPWWPPPWPPWWPWPDWWPPPPWPWW
400 87 88 26 WWWPPWPWWWPPWDWWWPWWPWPPWPWWWPWWWPWWPWWPPPWWWPPPPP
200 672288984 98 4 PPPPWPPDPPWPPPPPWWWWPWPWPPPPWWWPPPWPWPWWWPPPPWWPPW
200 531630428 62 5 WWPPPWPPPPPPWPPWWWPWPWPPWWPPWPPPWWWWWWPPWWWWDWPPPW
400 17 70 44 WWPWPWWDWWWPPWPWPWPWWPWWWPPPWPWWWWPPPWWPPWPPWPPPPW
200 51638369 97 69 PWWWPWWPWPWWPWWWWWWPPPPWPWWWPPPWWPPWWDPPPWPWPPPPPW
400 57 59 24 WWWPWWPPPWPPWWWWPWWPPPWPPPWWWPWWPPPWWWWWWWPWPDPWPP
400 41 62 21 PWWPPPWWPPWWPWWPPPWPPPWDWPWPWWPPPPPPPPWPPWPWPPWPPW
400 80 72 26 WWPWPWDPPWPPWWWWWPPPPWPWPPWWPWPWPWWPPPWPWPPPPPWWWP
200 475692830 13 72 WWWPWWPWPWWPPWWWWWWPWDWPWPPPPPPPPPWWPPWWWWWWWWWPPW
300 21689113
300 1124516
200 237546238 9 60 PPWPWPPWPWPWWPPPPPWWPWPPPPPWPWWWWPPWPDWPWPPWWWPWPP
400 6 2 42 WPPPPWPWWPPWDPPPWPPWWWWWPWPPPPWWWPPWWPPWWWWPWPPWPW
300 515221545
200 364668743 13 61 WWWWWWWWWWWWPWWWWWDWWWWWPWWPWWWWWPPPWPWPPPPWWPWWPP
400 50 74 24 PWWPPWPWWWWWPPWPPWWWWPWWWWPWWWDWWPPWWPPWPWPPPPPWWP
200 154612954 62 56 WPWWWPPPPPDPPWPPPPWPWWPPWPPPWWWPPWPPWWWWWPWWWWPWPW
300 460867803
300 266762681
300 851912057
200 129741689 29 78 WWPPWPWWWWPWPPPWPPWWWWWDPPWPPPWWWPPWPWPPPPWWPPWPPW
400 47 44 45 PWDWWPWPWWWPPPPWWWPWWWPWWPWPPPPPPPPPPPWWWPWWWPPWWW
400 91 87 1 WPPPPPPPWPWWPWWWWPWWWWWWWWDWPPPPPWWPWPPPWWPPPPWPWP
311
100 100 50 100
453237672 58 74 PWWWWWPPPWWPPWWWWWPPWPWPPPPWPWWDPWPWWPPWWWWWPPWPWP
659305863 26 33 WPPWWPPPPPPPPWWPWWWPPPWWPPWWWWPPDWWWWWWPPPPWPPWWWP
107216630 27 90 WPWWPWPPWWWPWWWWPPWPPPWWWPDWPWWPPWPWPPWPWPPPPPWPWP
532143223 27 50 PPPWWWPPPWPPWWPWWPPPDWWPPPPPWWWPPWPWWPPPPPWWWPWPPP
9947477 1 94 WWPPPPPWPPPWWWPWWWPPPDPWPPPWWWWWWPPWWWWPWPWPPWPWWW
859581665 47 49 WPWWWPPWPWPPPPWPPPWPPPWWWPPPPWWDWWPWWPPWWWWPWWPWPW
256851374 7 90 WPWPWWWWWDPPPWWWPWWPPWWPWWPPWWPPPWPWPPWPWWWWWPWPPW
828836524 69 87 WWWWWWPPPWWWWWPPWPWPPWWPPWWWPPDWWPPPWPWPPWWWWWPPWW
574800948 76 74 WWPPWWWPPPWWWWWPPWPWWWPPWWWWPPDPWPPWPWWPPWPPPPWWPP
311951564 68 23 WWPPWPPWPPWPWWWWPPPPPPPWPWWWWWPWPPWWWPPPPPWPPPPPDW
216407882 85 55 PWPPWPPPWPWWPPWPPWWWWWPDWPPPWPWWWWWWPPWPPPWPPPWWPP
691713679 23 67 WWWPWWPPWPWWPWWPPPWWPWWWWPWWPPWWPWWPDPWWPPPPPWWWWP
725428747 67 95 WPPWPWPWPPWPPWWWPWDWPWPPWWPPWPPWWWPWWPWPWPWWWPPPPP
931220819 16 9 PWWWWWWWWPPWPPWPWPWPWDPPPPPWWPPPPWWPWPPWWPWWWWPPWW
824098233 7 27 WPWPPPWWPWPPWWWWWWDWWPWWWPWPPPPPPWPPPPWPPPPWPWWWWP
377146301 56 48 WPWPPWWWWWPPPWWPWPWPWWDWWPPWWWPWWWWPWPPWPPPWWWWPWP
318728364 98 13 WPWWWPPWWPWWPPWPPPWWPPPPDWPPPPWWPPWPWWWPWPPPPPPWPW
300241417 12 6 WWWPWPPWWWWWWWWPWPPPPWWPWWWPWPWWWPPPWWWPPWWWWDPPWP
19620523 10 65 WPPWPPPPWWPWWWWPPWPWDWPWPWPPPWPPPWWWPPPWWPPWPWWPWP
291288843 44 52 WPWPPWPWWWWWPPPPWWPWPPWPWWWWWPPPPWPPWWWPPDPPWWWWPW
263524779 60 6 PPWWPPWPWWPPPWWWPWPWPPPPWWWWPPPWPDWPPPPWPPPWPPWWWW
516550648 88 69 WWWWPWPWWWWWWWPWPWDPPPWWWWPWWPPPWPPPWWPPWWWPPWPWWP
714125674 77 52 WWWWWWWWWDWPWWWWPPPPWWWWPPWPPWPPPPPWWPPWWWPWWPWPPW
852972819 72 50 PPWPPWPWWWWPWWWWPPPPPPPDWPWPWPWPPPWPWWPPWWWWWPPPWW
986348895 18 36 WPPWWPWWPWWPPPPDWPPPWPPWPWWWPWWWPPWWWWPPWPPPPWWPPW
268043212 30 40 PWPPPPPPWPPWPWPWPWWPPPPDWPWPWWPWWWPWPPWPWPWWWWPPWW
850867192 93 3 WPWPWPWWPPPPPPWPWDWPWWWPWWPPWWWPWWWPPWPPWPWPPWWWWP
77945598 27 85 PWPPWWPPPPPPWPWPPPWWPPPWPPPWPWPPWPPPPPWPWPPPWPWPDP
248845085 1 60 WWWPWWWPWPPWPWPWPWWPWPWPWPWPWPPWWPPPWWWPPWPDPPWWWP
115763265 32 92 PWPPWPPPWWWPWWPPPPWWPWWPPWPPWPPPPWPDWWWPWWWPPWWPPP
102802794 76 68 WWWWPWPPPWWWPWWPPWPWWPPWPWPPPPPPWPPWPWPPWWPWWDWWWP
864101779 72 100 WWWWWPWWDWWWWPPPPWWPWWWWWPPPPPPWPWWWPWPWWWWWWPWWWW
685366448 62 64 PPWPWPPWWWDPWWPPWPPPPPPWPWPPWPWWWWWPWPPWWWWWPWWWPP
323955914 91 39 PWWWWPWPPWWPPWDWPWWWPPWWWPPWWWWPWPWWWWWPWPPPWWWPWP
144267141 86 83 PWPPPWWWWPDPPWWPPPWPWWPPPPPWPPWWWWPPPWPPPPWPWPWPWP
795941505 100 46 WWWWDPWWPWWPWPPWWWWWWPWWPWWPWWWPWPWWPWPPWWWWPWWWWP
29655323 46 66 WPWWWPWWPPWWPPPWPDPWPWWPPPWPWWWPWWWPWWWPWWPPWWWPWW
62049411 33 94 PPDPPWPPWWPPWWWPPWPWPPPWPWPWPWWWWPWWPPPWPPPWWPPPPP
918126999 88 1 DWPPPWPWPWWPWWWPWWPWPWWPPPPWWWPWWWPWWWPWPWPPPPPWPP
303302633 38 55 PDWWWPWWPWPPPPWPPWWWWPPWWPPWPWPWWPPWPPWWPPPPWPWWPW
319160978 46 70 WWWPWPPPWWWWWPPWPPWPDWWWPPWPWPPPPWPPPWWWPPWPPWPPPP
181891418 35 98 PWWWWPPPWPPWWPPWWWWWPPWPPPPWWPPPPPWPPWWWPPDWPPPPWP
588738199 78 53 PPWPPWWWWWWPWPWWPWPWPPPPPWWPWWWWPPPPPPWPWPPPPPDPWP
125906480 13 1 PPWWPPPWWWPPPPWPWWPWWWPWPPWPWPWPPPPWDWWPWWWPWWWPWW
41147318 21 5 PPPWWWPPPWPWWPWPWWPPWPWPPPPPPWPWPPPWPWWWPPWWDPPWWW
121933689 66 21 WWWPPPPPPWPDPWPPPPPPWWWWWPPPPPWPPPPPPPPWWPWWPPPPPP
679022721 88 41 WWWPWPPPPWPWPPPPPPWPWPWPWPPWWWWPPWPPWWPWWPPWPWPDWP
767549443 70 11 WWWWWWPWWWWPWWPPWWWPPWPWWWWPWPWPPPWPPWWWPWDPPWPWPP
350050321 83 62 WWWPPPWPPWPPWPWPPWPPWPWPWPWWWPPWPWWWPPPPWWPDPPWPPW
527525110 72 34 PWPPPWWPWPWPPPWPWPWPWWWWWWPPPPWPPWWPWWPPWPWWWDWWPW
690746603 96 29 PWWWDWWWWWWWPPWPPWWWWWWWWWWWWPPPWWWWWWPPPPPPWPWPWW
794223787 74 39 PPWPPPPWWWPPPPPDPPWPWPPPPWPWPWPPPPWWWPPPPPPPWWWPPW
799425490 79 37 PDWPWPPPPPPWWPPPPPPWWWPPPWWWWPWWWWPWPWPWPWWWWPWPWW
7102398 17 25 WWWWWWWPWPWDWWWWPPWPPPWWPWPPPWWPWWPWPPWWPWWWPPWWWP
129619692 63 76 PWWWWWWWPWPPWWPWPPPPWWWPPPPPWPWWPWWPPWPPWPPWPPDPPP
960235667 33 59 PPWPWWPPPWPPPPPWPPWWPWPWWPWPDWWWWPPWWPWWPPWPWWPPPW
659246794 96 86 PWPWWWWWWWWWPPPWWPWPWPPWPWWPDWWPWPWWWPWPPPWWPWPWPW
287046591 88 51 DPWPWWPPPPWPPWWPWWWWWPWPWPWPWPPWWPPPWWWWWWPPWPPWWW
1788463 41 67 WPPPWPPPPPDWWWWPPWWPWWWWPPPWWPPPWPPPPWWWPWWWWPPWPW
834701335 4 98 WPWWWPPPWPPWPWWWWWWWWWPWWPWPPWWPWWWWPWPWPPWPWDPWPP
507887271 32 16 PPPWWWPWWWWPPWWPPWPWPWWPPPPWPPPPWPPWWWPPWWDWWWPWWP
201184086 64 74 PPPPWWPWPWPWWWWPPPWWPPWWDWWPPPWWPWPPWWPPWWPWPWPPPW
865155923 93 23 PWWPPPWPWPPPWPPWPWWWPDPWWPPWWWWWPWPPWWPPWWWPWPPWWW
255279248 80 48 WWWPWPPPPWWWPPWWWWPPPWPWWWDPWPPWWWPPWWWWPWPWWWPPWP
210848880 19 23 WPPPWWWPPPPPWPPWWWPPPPPWWWWWPPPPWWPWPWPWWDWWWWPPWP
356715512 66 63 PPWWWWPPPWPWWWWWWPPPPWWPWWPWPWPPWWWWPPPWWPWWWPPDPP
431047045 85 7 WPPPWPPWPPWPWPWWPPPPDPPPWPWWWPWPWWWPPPPWWPPPPWPPPW
272487325 24 35 WWWWPWWPWWWWWPPWWPWPWPWWWWDWWWWPPWPPWPPPWWPWWPPWPW
123750721 18 22 WWWWWPPWPPPPPPPPDWWPWWPPPPPPWPPWPPWWPPPPWWPPPPWWPW
715148580 20 68 PWPPPPPWWWWWWPWPPWWPDWWPPWPPPWWPPWWWWPPPWPPWWPWWPP
540015969 97 17 PWPPDWPWPWPPWWPPWWWPWPPPWWPPWWPPPWPWWPPWWWPWPWPPWP
118106291 81 2 WPWPWWWPWDWPPWWPPWWWWPPPWPPWPPPWWPWWPPPPWWPWPWWWPP
26175047 99 84 WPPWPWWPPPDWWWPPWWWWWPWWPPWWWPWPPWPPPPPPPWWPWPPWPW
834264968 17 44 WWPWPWPWPWPPPWPWWPWPPPPPPWPWDWWWWPWWPWPPPWPPWPPPPW
231735558 6 85 WPPPWWPPPWPWDPPPWWWWPWPPPWWWWPWPWPPPPPWWWPPWPPWPPP
857864424 56 75 PWWPWWWWWPPPWPWWPPPPWPWPWWWPWPWPPWWWPWDPPPWWWPWWPW
325827583 83 25 PPPPWWWPPWPPPWWWPWWWWPWDPPPWPWWWWWPPPPWWWPWPPWWWPW
688437875 47 32 PWPWWPWPPPWWPWPPWWPPWWPPWPPWPPWWWPDWPWWWPPPPPPPPPW
886242680 67 83 PPWPWWWPPPPPPWPWWWPPPDPWWWWWWWPWWPPWPPPPWPWPPWPWPP
62017789 55 89 WWPWDPWPPPWWPPPPWPWWWPPWWWWWPPPPPPWPWPPPWPWPPWPPWP
312143019 77 60 WPDPWWPPWPWPPWPWWWWPPWPPWWPPPPWWPPWPPWWPPPWWWPPPPP
775542139 43 52 PPWWWWPWPPPWWWWWWPWDPWWPWWWWPWPWPPPWWWPWPWPWWPWWWW
463352122 35 71 WWDPWPPPPPWWWPPWPPPPPWWPPWPPWPPWWPWWPWWWWPWWWPPWWP
916010410 45 2 WWWPWWWPDPWPPWWWWWPPPWPPPPPWWWWPWPPWWWPWWPPPPPPPWP
787102473 91 56 WWWWWPWWPWWWPPPPPPWPPPPPWPWWWWPWPPPWWPPWPWWPDWPWWP
893202214 16 53 PPWWWPPPWPPPWWPPPWWWPWWPPWPPWPPWWWWWPWPDWWPPWPPWPP
752349699 57 49 PWPPPPWPPPPWWWWWPWWPPPWWWPPPPWWPWPPPPWWWDWPPPPPPPW
54257264 60 45 WPPWWDPWPPWWWPPPPPWWWPWPWWWWPPPPPPPPWWPWPPPPWPWPPW
183785132 23 18 WPWPWWWPWWWWWWDPPWPPPWWPWWWWWWWPPPWPWPPPWPWWPWWWPP
724042582 86 3 WWWWWDWPWWPWPWPPPWPPPWPWPPPPPPPWPPWWPPWWPWWPPPWWWP
584572168 61 31 PPWPWWWWPPPPPPPWPPWPPPWWPWPWPWWDWPWWPWWPWWPWPWWPPP
723011367 24 65 PPPWWPPPWPPPPPDPWPPWWWPPPWWWPWWWWPPPPWWWPWWPWPWPPP
867950895 55 27 PPWPPWPPPPWWWPPPPWPPPPWWPWPWPPPPWPPWWDPPPWWPPPWPPP
537912107 10 19 WPPWPWWWWWPWWWWPPWDWWPPPWPPPPWPPWPPWWPWWWWPPPPPPPP
416449758 56 21 PPWWWWPWDPWWWPWPWPWPPPWWWPPWWWWWPWPWPPWWPPWWPWPWWW
981406581 33 80 WPWPPPWPWPWWPPPPWWWPWWPPPPWPWWPWPWPPWPPWPWPPPPDWWW
348893023 57 82 WPWPPWWWWWPPWPWPWWWPWPWPWWPWWPWWPWDWWPWWPPPPPPWPWW
261270056 92 72 PWWWPWWPPPPPWPPPPWWWWPWWPWWPWPWPPWPWWDWWPPWPPPPPPP
982885709 64 80 PWPPWPPPWPWWPPWPPWPWPWPWWPWPPWWWPPPWDWWPPWPWPWPWPP
977832353 2 30 PWWPWWWWWPWPPPWDWPPPPWWPPPPPPPPPWWWPWPPPPPWPWPPPWW
400 16 9 1 WPWPWPWWPWPPPWPPPPWPPWPWWWWWPPPWWPWPPWWDWPPPWPWWWW
400 29 26 179 WWWWWPWWDPPPPWWWWWWWWWPPPPPPWPWPWPWPWPWWPPWPPWPWWW
400 20 28 -1 WPWWPDPWWPWWWPPWWWPPWPWWWPWWPWPWPWWPPWPPPWPPWPPPPW
400 45 64 128 PWPWWWPPPWWPPWPPWWPDWWWPWWWWWWWPPWWPWPWWWWPWWPWPPP
400 16 37 -1 WPPPWPPWWPWPPPWPDPWPPWWPWPWPPWWPPPPWPWPWWWPPPPPWWP
200 595764611 89 90 PPPWPPWWPPWWPPWWWPWPPPPWPPPWWWWWPDPWPPWPPWPWWPPWPP
300 659246794
200 635595176 26 5 PWPPPPWPWPWWWWWPPWPPWWPDWWWWWWWWWWWWPWPWWWWPWWPPWW
400 16 69 244 DPWPWPPPPWWPWPPWWWPWPPWPPPPWWPPWPWPPPWPWWPPPWPPWWW
200 651582035 68 98 WPPWWWWPPWPPWWPPPWWPWPWWPWPPWPWPPDPWWPPPPPPPPPPPWW
400 79 99 -1 PPPWWWWWWWPPWWWPPPPWPWPWPPPPPWWDWWWPPWWPWWWWPWWPWW
400 23 17 74 WPDPPPWWPWPWWWPPPPPPWWWPWPPWPWPWPPWWWWWPPPWPPWWPPP
400 76 35 56 PWPWPPWPWPPPPWWWWPWPPPWWWPDPPPWPWWWPPWPPWPWPWWPWPW
200 986382796 61 12 WPPWPWPWWPPPPPWWPPWWPWWWWWPWWWWWWDWPWWPWWPPPPPPPPW
400 81 48 166 PWPPWWPPWWDPPWPWPWWWWPWWWWWPPPWWWPPWWWPWWWWPWWWPPP
400 86 79 -1 WWWPWPWWWPWPPWWPPWPWDWWWPPPWPPPPWWWPWWWPWPWWPWWPWP
400 67 49 275 WPPWPWWWPWWWPPWWWWPPPWPPPPWPPPWWPWPPPWPWPPDWPPPPWW
400 45 87 96 PWPWWWWPWPPPDPWPPPPWWPWWWWPPWPPPPWWWPWPPPWPPWWWWPW
400 93 3 1 DWWWPPWWPPWPWPWPPPWPPPWWPWPWWPWPPPPPPPWPPWWPWWPWPP
400 92 85 78 DPPWPWPWWWPPWPPPWPWPPPWWWWPWPPPPPWWWPWPWWWPWWWPWPW
200 143437376 84 93 WPPDPWPPWPWWPWWPWPWWPWWPPPWWWWWWWPWWWWWWPWPPPWWPPW
400 75 52 195 DPPPPPWWWPPPWPWWWWPPWPWWPWWPPWWWWPWPWWPPPWPPWWWPPW
200 598242442 7 69 PPWPPPPPPPPPWWPPWPPPPPWWPWPPWPWPPPWWWPPPWPWWWDPPWP
200 706294416 87 70 DPWWWPPWWPWWWPWWPWWPWPWWWWPWWWWWPWWWWPWWWWPWWWPWPP
400 50 51 104 PPWPPPWPPWDWPPPWWPWPPWPPPWWPPPWPPWWWPWWPPWWPPPPWPW
400 67 8 -1 WPWPPPPWWWPWPDPPPPWWPPWPWPPWWPPWPWWWWWWWPWWPWWPPWW
300 685366448
200 252514082 65 30 WPWPWDWWPWWPPPPPWWWWPPPWWPWPPWPWWPPPWPWPPPWWWPWPPW
200 806716416 52 79 WWWDWWPPWPPWWPWWWPPPWWWPWPPWPPPPWPPWWWWWPPWPPPPPPW
200 279344472 59 53 WPWWWWPPWPPPWPPPWPWWPPWPWWDPWWPPWWPPWWPPPWPWWWPPPP
400 84 73 -1 PWWPPWWPWPWWPPPPDPWPWPWWWPWWPPPPPWWWWPWPWWWWPPWPPW
200 31551621 99 18 PWWPWWWWWWPWWWPPPWWWWWWWPWWPWPPWWPWPWPWPWPPWPWPWPD
400 8 27 -1 PPWPPWPWWWWWPWPWWPPWWPPWPWPWPPPWPWWPDWWWWWWPWPWPPP
200 31012717 84 95 WWPWPPWPWWDPWWWWWWPPWPWWWPPWPWWPWWWPPPWPWWPPPWPPWP
200 954564236 54 28 PPPWPWPWPWWPWWPPDWPWWWPWWWWWPPWPWWWWPPWWWPWWWWWPPW
200 123660479 100 41 DWWPPPWWWPPWWWPWWWWPWWPPWPPPPPPWPWWWWPWWPPWWPWPPWW
400 73 4 -1 PPWWWWPPWPWPPPPPPPWWPDWPWWPWPWPWWWWWWWPPWWWPPWWWPP
200 308881256 25 51 PWWWPWWPPPPPPPPPPWWWPPPWPWWDPWPWPPWPWPPWPPPWWWPPPP
400 62 14 -1 PWWWPWWPPWWWWWPPPWPPPWPPWPWWDWWWPPPWWPWPWPPWPPPWPP
400 63 32 131 PPPPPPPWWPPWPPWWWPPPWPPWPWWPPPWWPPPWPWPWPDPPWPWWWW
400 33 55 117 PPWPPPPPWPPPPWPPPPPPDWWPWPPWWWPWWPWWWWPWWPPWPPWPPW
400 82 43 311 WWWPPWPWPPPPPWPWPPPPPWWDPPPPWPWPWPPPWPWWWPPPWWPWPP
400 53 94 46 WWPWPDPWWPWWPPPPWWPWPPWPPPPPWWWPWPWPWPPWPPPPPWPWWP
400 19 50 119 WWPPPPDPWWPPPWPPPWWWWWWWPWWWPWPWWWPPWPPWWPWWWWWWWP
200 966309740 5 86 WWWPWWPPPWPWWPWPWWPWWWWWPWPPPWPWDWPWWWWWPWWWWPPPPW
200 737980805 95 93 PPWPWWPWPWWPWPWWPWPPPPWPPPWDPWWWPPPPWPWPWWPPPWWWWP
400 33 96 -1 WWPWPWPWWWWPPWPWPWWPPPWPWPPPWWPWWPDWPPWWPWPWWWWWWP
400 55 26 153 WWWPWWWPPWPPPWPPPPPWWWPWWPPPPWDPPPPWWPPWWPWPPPPWPW
400 34 20 148 WPWWWWWPPPWWWWWWPWPWPWWPPWPWPWWPWWWWPWPWPWPWWWDWPP
200 522206345 33 14 WPPWPWPWPPPWWWPWPPPPWPDPPPPWPPPWPWPPPWPPWWPWPPWPWW
200 45766501 53 57 WWPPWWPPWWPWPWWPPWWPPPPWPPWWWPPPPPWPWWWPWWPWWWWPPD
200 491407151 15 91 WWPWWWWWWWWWPWPPPWPPWWWWPPWDPWPPPPPPWWPWPPWWWPPPPW
400 44 23 97 PWPPWPPWPPPPPPPWPPPWPWWWWPWWPWPPWWDWPWWPPPPPWWWPPW
200 234408071 99 6 PPWPWWWWPPPPPPPWPWWWWPWWWPPPPPWWDPPPWWPWWWPPPPPPPW
400 39 48 50 PPWPPPWWWWWPWWWPWPPWWDPPWPPWWPPWWWPWWPWPPPWPPWWWPP
200 471760879 6 97 WWWWWPWWPPPWPPPWWPPPPPPWWWPPPWPPWWPWWPWPWPPWPDWWWP
300 867950895
400 22 23 28 WWWWPPWWWWPWWPPWDPPWWPWWWPWWWWWPWPWPWPPWPWPWPWWWPW
400 37 84 144 WPWWPPPPWWPPWPPPPWPPWWWPPWWPPPWWPPPPWPWWWPWPWPPPDP
200 315309230 84 11 WWPWPWPPPPWWPDPWWWPWPWWPWWPPPPWPPWPWPWPWPWPWWWPPPW
400 93 46 76 WPWWPWWWDPPWPPPPWWPWWPPWWPWWPWPWPPPPPPWWPPWPPPWWWP
400 70 5 72 WPWWPWWWWWPWWWPWWPPPWWPWWWWPWPPPWPPWWWDPPWPWWPPWPW
300 287046591
400 75 24 186 PWPWWPWWWPWWPWPWPPWPPPWPPWWWWWPPPWWDPWPWPWWWPPWPPP
200 401381405 50 7 PPWPWWWWWWDWWWPWPPPWWWWWPPWWWPWPPPWPWWPWPWPPPWWWPW
400 62 33 101 WWWWPWPPWWWPWWPWPWPPPWPWPPWPPWWWPWWPPPPWPPWPPPPDWW
400 10 52 144 PWWWWWWPWWPPPWWWWWWWPPPWPPWPPPPWWWPPPWPPWWPDWWWWWP
400 56 47 159 WWWPWWWPPPWPWPPPWPWPPWPPWPWWWPDWPPPPWPWPPPWWWPWPPP
400 23 71 72 WWWWPWWPWPWPPWDWWPWPWPWPWPPWPWPPWPPPWPWPWPPPWPPPPW
400 88 26 66 PWPWWPPWWWPPWWWPDWPWPPPPWPWPWWPWPPWPWPWWWPWWWPPPPP
200 690490294 48 95 WWWWWPDWWPPWPWWWWPPPWWWWWWPWWPWPWPWWPWPPWPPWPWPPPP
200 519198837 13 87 WWPPWPPWPWPWPPPPPWPPWPWPPWDWWPWPWWPPPWWWWWPWPPPPWP
400 46 83 80 WWWWWPPWPWPPPPPPPPWWWWWPPPWWPWPWWPWPDWWWWWPPWPWPWW
400 11 77 96 PWPWPPPWWPPWPPWWWWWPWPPPPPWPWDPWPWPWWPWWPPWWPWWWWW
200 487251662 15 69 WWPPWWWWPPWPWWWPWPPDPPWWPWPWPPPWPPWPWWPWPWPPWPWWPP
400 61 1 74 WWWWPPPWPWPPPWWPPWPPWDWPWWPWPWPWWWWWWWWWWWPPWWWPWP
200 588724586 87 55 WWWPPWWPDPWWPPPPPPWPPWWWWPWPWPPWWPPPPWWPWPWWWWWPWP
200 251226950 44 74 PPPPWPPWPWWPWPWWWWWDPWPWWPWWWPWWPPPPWWWPWWPPWWPPPP
200 889991093 96 19 PWPPWWPPWWPPWPWDWPWPPPPWWWWWPWWPPPPWPPWWWWWWWPPPPP
400 21 54 -1 PPPPPWPPPPPPPWWWWPPWPWWPPWWWPWPWPPWWWPWPWPPPPDWPPP
400 33 31 156 WWPPWPWWWWPWWWWPWPPPWPWPPPPWWWPDPWWPPWWWWWPPPWWWPW
400 14 7 122 WWWPWPPPWDWWWPPWWWWPWPPWWPWWWWWWPWPPWPPPPWPPWWWWWW
200 608416907 22 49 WPWWPWDWPWPWPWPWWWPPPWPWWWPPPWPPPPPPWPPPWWPWPWWPWW
400 83 91 95 PWPWPWWPWPPWPWPWPWPWWWPPWDWWWWPPPWWWWPWWWPPPWPWPPP
400 78 28 -1 PPPWWWPPPWPWPWPWPPWPWPWPPPPWWWWWPWPPWPPPWPWWDPWPPW
400 97 90 68 WPWWPPWWPPWWPWPPWPDWWPPWWWPPPPPWWWPWPWPWPWPPWWPWPP
400 27 45 73 WPWPPWWWWPWWPWWPPPWWPPWWWDPWPPWPPWWPPWPWPWPPPPPWPW
200 177516728 99 50 PPWWWWDWPPPPWPWPPWWPPPWPWWWPPWPWPWPWWPPPWPWPPPWWWP
200 402042187 77 9 WPWPWWWWWWPPPWPPPPPPPWPPPPDPWPWWWPPPPPWPWPWWWPWPPP
400 17 56 96 WWPPPWPPWPWPWPWPPPWPWWPWDWPWPWPPPWWPWWPWWWPPWPPWPP
400 55 9 96 PWWPWDWPPWPPPWWPWPWPPPWWPPPWWWPPPPWWWPPPWPPPWPWWPW
400 34 89 94 PWWWWWWPWWPPWWWWWPPWPWPDPPWPWWPWPPWPPWWPWPWPWWWPWW
400 62 55 145 WPPPWPWWWWPPWWWWWPDPPWPWWWWWWPWWWPWWWWWPPWPWPPPPPW
200 873878733 7 43 PPPPWWPPDWPPPWPPWWWPPWPWWPWPPWWPPWPWWWPPPPWPPWPWWP
400 100 5 79 PDPWPPPPPWPWWWWPPWWWWWWPWPPPPPPPWPWPWPPPPPWWPPWWPP
400 77 33 74 WPPWPWPWPPWPPPWWPPPDPWPPPPPWWPPWPWWPPPWWWPWWWPPWWP
400 63 60 120 WWWPPWWWPWPWPWPWWPPWWWPWPPPPWWWPWWPPPPWDPWPPWPWWPP
200 33822603 80 9 PWPWWPPWPWPPPPWWWPWPPPWWWPWPPWWPDPPWWWWPPWPWPWWPWP
400 29 34 164 PPWPWWPPWWWWWPPWDWPPPPPPWPPPWPWWWWPPPPWPPWWWWPWPPW
400 10 36 79 WPPPPPWWPPPPPWWPWWWPPWPWPWWPPWWPPPWPPDWPWPPPPPWWPW
400 22 6 47 PPPPWWPPWWPWPWPWWWWPWWPPWWWWPWWWWPPWPPPPPWWPWWDWPP
400 75 98 148 WWPWWWPWWWWWWPPPPWPPPWPPWPPPPWPPWWPWWPPPWWPPPDWPPP
300 77945598
400 63 19 74 PPWWPPPWPWWPWWWPWPWPWWPPPWPWWWPPPDWWWPWPWWPWWPPWWW
400 35 54 -1 WPWPPWWPWWWPWPWPPWWWPWWPPWWPWWWPPPPWWPWWPPDWWWPPWP
200 809140228 53 92 WPPWWPWDPPPWWWWWWWPPPWWPWPPWPWWPWPWWWPWWPWWWWPPWWP
400 82 29 172 PWWPPWPWWPPWPDWWPPWPWPWWWPWPWWWWPPWWPWWWPPWPWWWPWW
400 56 13 95 PPWPWPPWPWPPWWPPPWPPWWWPDWWWWPWWWPWWWWPPWWWWPWWWWP
400 20 53 151 WPPPWWWWWPWPPPPDWWWWWWWWWPPWWPPWPWWWPWPPWWWPPPWPPP
200 850448622 6 25 WPWWWPWWPPDWPPPWPPWWWWWPWPPWWPPPPPWPPPPWWWPWWWWWWP
200 311718409 82 19 WPPPWPPPPPWWWPWPPPWPWWWWWPWPWPPWPPWWPPWPWDWWWPWPPW
400 23 22 28 WPWPPPPWWWPWPWPWWPWWPWPWPWPPWWDPPWWWWWWPWWPPWPWWPP
400 69 31 124 PPWPPWPDPWWWPWPWPPWWWPWWPWPWWWPPWWPWPWWWPPWWWPWWPP
200 821993579 54 76 WWWPWWWWWPPWPWPPPWWPWPWWWPWPPPWWPWWWWPPWWWPPPDWWPP
400 24 92 149 WPWWWPPWWPPDWWWWWWWWPWWPWPWWPWWWPWPWWWPWWWWWWWPWWW
400 98 67 53 PWWWWPWPPPWWWWPWWPWPWWPWPPPWWWWWWWPWPPWPWWWWPPWWDP
400 91 83 101 WPPPPPPWWPWPPPPPPDPWPWPWWWPWPPWPWWWPWWPPWWPPWPPWWP
400 51 52 74 WWPWPPWWPWPPPPPWWWWPPPPPWPPPWPDWPWWWWWPPPPWWWWPPPW
400 86 24 152 PWWPPDPPWWPPWWPPPWWWPWWPPPWWPWPWPPWWWWWPWPPWPWWPPP
400 46 36 116 PWWWPPPPPPWPWWPWWPPPWWPWWWWWPPWWPWWWWWWDWPPWPWPPWW
200 31297226 33 45 WPWWPWPPPPPPDPWWWWWPPPWPPWPPPPPWWPPPPWWPPWPPWWWPPW
400 78 33 50 WWWPPPPPPPPPWPWPPPWWWPWPPWWWPPWPWWPPDPWPPPWWWWWWWP
400 17 35 123 WWWWWPWWWWWWPPWPWWWPWWWPPWPWWWPDWPWWPWWWPWPPWWPPWW
200 483932299 81 27 PPWPWPPWWPPPPWPPPPPWPWWWPWPPPWWWWPWWWPDPPPPWPWPWPW
400 46 89 70 WPPPPWWWPWPWWWWPWPPPPWPWDWPWPPPPWWPPWPPWPWWPWPWWPW
200 605223162 25 19 PWWPPWPPPWPPDWPWWPWPWPWPWWWPPPWWWWPPWPWWPPPPPPPWPP
400 3 5 25 PWPPPPPPPWPPWPPWPWPPWWPPPWWPDPPWPWWWPPPWPPPPPWPPPP
400 47 46 90 WWWWPWWPWPWPPPPDPWPWWWPWPWWPPWWWPPPWPWWWPWPPWPWPPW
200 513593988 33 27 PWPWWWPWPPPPWWWPWWWPWPPWWPWPPWPWPPPPPPWWPWWPWWPPDW
400 60 30 45 PPWWPWWWPPWPPWWWPWPDPPWPWPPPWPWWPWPPWWPWPWWPWPWWPW
400 10 75 150 WWWPPWPWWWPPPWPDWPPPPWWWPPPPPPPPPWPPWPWWPPWPWPWPPW
200 111775362 58 99 PWWWWPWWPWWWPPPPPPWPWWWWPWPPWWWWPPPPWPWWPDWWPWWPWW
400 92 95 95 PWWWPWPPWPWPPWPPWWWPWPWPWPWWWDPPWWPPPPWWWWPPWPPPPW
400 61 41 123 PPWPWWPPWPWPPWPPPWWWWPWPWPDPPPPPWWWPWWPWPPPPPWPWPW
400 40 60 72 WPWPWPWPDPWWWWWPPPWPPWWWPWPWWPPPWWPWWWWWPWPWWPPPWW
200 929144630 25 3 PWPPDPPWWWWPWWPWPPWPPPPWPWPPPPPWPPPWPPPWPWWPPPPPPW
400 10 58 92 PPPWWWDPWWWWPWPPWWPPPPPPWPWWPPPPPPWPPPWWPPWWPPWWPW
200 10785034 18 1 PPWPPPWWWPWWPWWWWPPWWPWWWPPWPPPWWPPPWWWWPPWWPPDPPW
400 39 95 71 WWPPPPPWWPWPPWPDPPWPWPPPPWWWPWPPPPWWWPPPWWWPWWPPPP
400 45 63 118 PPWPPWPPPPWPWDWPPPPPWWPPPPPPPPPWWWWPWWPPWWPPWWPPWP
400 85 19 49 WPWPPWWDWPPWPPWPPWWWWPWPPWWWPWPWWPPWWWWPPPWWWWWPPW
200 730763307 35 21 WWPWWWWWWPWWWPWWWPPWPWWWPPDWPWPWPPWPPPWPWWWPWWWWWW
400 11 79 142 WPWWWPPWPWWWPWWWWPWWPWWWPDWWPPWWWWPPPPPWPPPPWWPPWW
400 27 44 74 WWWWPWWPWWPPWPWPPPPPWWWPWPPWWPWWWPPWPWWPWPWPWPWPWD
400 22 28 128 PWPWWPDPPWWPWPPPWWPWPPWWWWPWPWWWPWPWWPWPPWPPPWPWPW
400 55 27 47 WWPPPPPPWPWWWPPWPWPWPPPPPDWPWWPPWPWWWPWWPWPPWWWWPW
400 15 63 86 PPWDWPWPWPWPPWPPPWPPPWPPPPWWWWPPPWPPWPWWPPWWWPPWWP
400 16 28 145 PWPPWWPPPPWWWWWPPWWWWWWPWPPWWWWWPWWPPPWPWWPDWWPPWW
400 19 47 71 PPPPWPWWWPPWWWWWPWWWWPWWWWWWWPWPWPWPPPPWWWWWWPPDPP
200 585696604 19 90 WPPPWWWWWPPPPPWWPPPPPWWWPWWPWWWWWWWWWWWPDPPWWWPPPW
400 78 67 122 WPWPPPWWWWWWPDPPPPWWPWPWPPWWPPWWPPWPWWPPWPWPWPPWWW
400 53 80 50 WWWWPWPPWPWPWPWPPPPWWWWPDWPWPWWPWPWPWPPWWWPWPWPWWP
400 27 14 27 PWWPWPWPWWWPWWPWWWPPPWPPPPPWPPPPPWPPPWPPDPPWPWWWWP
400 58 48 74 PPWPWPPPPWWPWPPPWPPWWWWDWPPWWWPWWPWPPPWWPPPPPPPPWP
400 16 70 113 PPWPPPWWWWPWWWPPPPPPPPWPWWWWWPWPPWPDWWPPPWPWPPPPPP
200 585759053 64 34 WPPPPPPPWPWWWWWPPPPPWPWWPWWPWPWPWPPWWPPDPWWPWWPWWP
200 316734196 45 21 WWPWPWPPPWWPWPWPWWWWWWPPPWWPDPWWWPPWPPWPWPWWWWPPPP
400 98 75 72 PPWWPWPPWPPPWPWPPWWPWWWPPWWDWPWWWPWPPPWPPPPPPPWPWW
400 37 81 122 PWWWWPWPWWPWPWPPWWPPPDWPWPPWPWWPWPWWWWWPPWPPWWPPWW
400 89 62 109 WWWPWWWPPWWPWWPPWWWWPPWWPPPPPPWPPWPWPWPWWPDPWWPPWW
200 846785804 36 71 PPWPDWPWWPPWPPWWWWPPPWPPPPWPWWWPPWPWWPWWPWWPWWWWPP
200 296466041 53 32 WPWWPPWPPPWWWWPWDWWPPPWPPWPPWWPPWPPPWWWWWWWPWPPPWP
200 850282775 32 5 WWWWPWWPWDWPPWPWWWWWWWPPPPPPPPWWPPWPPPWWPWPWPPPWWW
400 85 6 1 PPWPPPWPWPPPWWWWPPWWPPPPPPWDPPPPPPPPWPWWWPWPWPWWPW
400 97 69 80 PWPWPWWPWWPPWPWPPWWWPWPWPPPPPWWPPWWPPWWPWWDWPPPPWW
200 265088945 68 95 PDWPPWPPWPPPWPWPPPWPWWWWWPWPWPWWPWPPPWWWPWWWWPWWPP
400 58 97 48 PWWPPPPPPPPWWWWPPWPPDPPWPWPWWWPWPPPPPPPPPWWPWWWPPW
200 335246646 5 17 WWWWWWPWPWPWWPWPWWPWWPWPPWPPWWPWWPPWWDWPWPWWPPPWWW
200 186304541 47 72 WWWWWPPPPPWWWPPPDWPPPPWWPPWPWWPWPWWPPWPPPPPWWPPWPW
200 49707419 21 85 PPPPWPPWPWPWPWWWWWWWWWPWPDPWWWPWWPPWPPWWWWPPPPPWPW
200 283480413 46 36 WPWPPPPPWPPPPWWWWPPPWWWPWPPPPPWWWPWWPWPDPPPWWWWPPP
200 499213050 12 88 PPPPWPWPWPPPPPPPPPWPPWWWPPWWWPWPWPWPPWWWWWWDPWPPWP
400 7 23 45 PWPPWPPPPWPWPPPPWDWWWWPWWWWPPPPPWWWWWPWPPWWPPWWPWW
200 272687939 63 44 WWWPWWWWWWPPWPWWPPPWPWWWPPWPPPWPWPWPWWPWPPWWPWDPPW
400 41 27 74 PDWWPPWWWPWPPPPPPPPPWWPWPWPPWPWPWPPPPWWPWPWWWWPPPW
200 414582945 20 47 PWPPWWDWPWWWWWWWPPPWPWWWWPPWPPWWPWPPWWWWWWPWPPPWWP
400 83 13 93 WPPPWPPPPWPDWWWWWWPPWWPWWPPWPPWPWPWWPPWPPPWWPWWWWP
200 972627891 7 98 WPPPWWWPPPWPWPPWWWPPPWWPPWWPWWWWWPWPPWPWWPPWPWPDPW
400 22 67 43 PWWPWPPPPPWWWPPPPWWPWWWPPPWWWWDWPWWPPWWWWWPWWPPWPP
400 51 74 79 PWPWWPWWWWWPWWPPPPPPWPWPPPPPWWPPWPPPDWPWWPPWWPPWWP
400 96 35 93 WPPWPPPWWPDWWPPPWWWPWWWPWPPWWWWWPWPPPPPWWPWPWWWPWP
200 524502999 53 28 WWPWWWPPWPPWWWWWWPPPWWPWPPPWPPWWWPPWWWPPDPPPWWWPPP
400 32 25 50 PWPWWPPWPPPPWWPPWPPDPWPWWWPWWWWPPPWPWPWWWPPPPWPPPP
400 31 72 107 PDWPWWWWWPWWPWWWPWWPWPWWWWPWWPWWWWPPWWWPWWPPWPWPPW
400 32 100 46 WWWWWWPWPWWPWWWWWWWPPWWWPPWPWPWWPWWWWPDWPWPPPPWPPP
400 41 62 57 PPWPPWPPPPPWPPWWWWWWWPWPPWPPPWWWPWWPWWWWWPDPPWWWWP
400 5 96 69 PWPPWWWPPWPWPWWPPWPWWPWWPPPWWPPPPPWPPPWPWPPPPWPPDW
400 33 76 63 WPPPPWWWWPWWPWWPWWPPWPPWWWWPPPWPWWPPWWPWWDPPPPWPPP
300 574800948
400 1 51 71 WPPPWPWPPPPWWWDPWPPPWWWPWWPWWPPPWPWWPPPPPWPPWWWPPW
400 93 17 49 WWPPWPPWWDWWWPPPWPWPWWWPPPWPWWPWWPPWWPWWWPWWPPWPPP
400 23 71 50 PPWWPWWWPPPWPWPPPPDPWWPWPPPPWWPPPWPWWWWWPPPPPPWWPP
200 273420843 35 42 PWWPPWWPPWWWPPPWWPWWPPPWWWWWPPWWPPWWPPWWPDWWWPPPWP
400 23 93 1 WWWPWPWPPWPWWWWPPWPPWWWPPPWPWPPWWWWWWPDWWWWPPPWWWP
400 32 98 69 PPPPPWWPPPPPPWPDWWPWWWWWPWWPPPPPWPPPPWPWPPPWPWWPWW
400 46 70 1 WPWPPPWPPPPDPWPWPWWPPWPPWWWWPWWPPPWWPWPWPPPWPWWPPP
400 97 65 90 PPWWPWPPWDPPWWPPPPWWWPPPPWPWPWPPPPPWWWWPPWPPWPWPWP
200 47800026 70 72 PWPWPDPPWWPWWPWPPWWPPWPPWWPWPPWWPPPWPWPWWWWPPWWWWW
200 346112395 83 87 WWWWPWPPPWDWWPPPPPWPPWWWWWWWPWWWWPWWWPPPWWPPWWPPPW
200 361639510 26 24 WWPWPWPWPPWWPPWPPPPPPPPWPWPPWWPPPPWPPWWPWPPWPPWDWP
400 79 91 98 PPWPWPDWWWPPWPPWPPWWPPPWPWPPWPWPWPPPPWWPWPPPWPPWWW
400 6 23 45 WWWPPPPPWWPPWPWPPWWPDWPPWPPPWWWWPPWWWWPWWWPWPWWWPW
200 513115661 66 3 WWWPPPDPPWPWWWWWWPPPWWPWWWPWPWPWWPWPWWWWPWPWWPPPWP
400 87 58 96 PWWPPPPPWPWPPPWWPWPPPWWDPPWWWPPPPWWWWPWPPPWWWWWPWP
400 39 58 21 PPWWWPWWPDWWPPPPPWWPPWPPPWPPPPWPPWPWWWWPWPPPWWWPPP
400 56 46 48 PPDWPWPPWPWPWWWPPWPPPWWPWWPWPPWWWWPWWPPWWWWWWWPWWW
200 343352593 88 50 PWPWPWPPPWWWPPPPWWWWPWWPPWPPWPWWWPPPPWWWWWDPPPPPPP
200 562020842 44 98 WPWWWWPPPWWWPWPWWPPPPWPPWWWPDWWWPPPPWWWPPWPPWWWWPW
400 95 91 54 WDPWPPWPPPWPWWWPPWWPPPWWWPPWPWWPPWWWWPPPPWPPPWPWWW
200 935365003 73 79 WDPPPWPPPWPPWPWWWWWPWWPPPWPWPPWPWPWPPPWPPPPPWWPPWW
400 72 89 73 WWWPWPWPWWDPWWWWWWWWPPWPPPPPPWWWWWPWPWWWWWWWPWWPWP
400 4 37 94 WPPWWPWWPPWWPWPWWPWWWPPPPWWWPDPPPWPPPPPPPWWWWPWWPW
400 4 34 100 PWPPWDPWWWPPWPWPPPPWWWPPWWWWPWWWPWPWWPPWWWWPWWWWWP
400 23 62 47 PPWWPPPWDWWWPWPWWWWWWPWWWPWWWPPWPPPWWPWWWPPPWWWWPP
400 35 8 -1 WWWPPWWPPPWWWPPWWPWPPDPPWWPWWPPWPWPPPPPPPWPWPWWPPP
400 30 96 70 WPWPPWPPPPPPWPPPWPPPPWPWWWWWPPPWWDWWPPWWWWWPWPWPPP
400 18 99 1 PPWWWWPWPPWWPPWPPWPWPWPPPWWWWWPWWPPWPWPPWPWPDWPWPP
400 19 52 73 WPWPPWPPPWPPPPPPPPWPWWPWWWPWWPPWDPPWPPPPPWWPPPWWWP
200 763530212 6 32 WWWWWPWPPPWPPPPPPPWWWPPWPWPPPDPPWWWWPWWPWPWPPWPPPP
200 1852396 34 26 WWPWWPPPPPWWPPWWWWPWPPPPWPWWPWWPPPWDWWWPPWPWPPPPWW
400 15 9 97 PWWDWPPWWPWWPWWPPPPWWPPWWWPPPPWPPPPWPWWWWPWWPPWPWP
400 98 44 1 PPWWPWWDPPWWWWPWWPPPWWWWWPWPPWWWPWPWPPPWWWWPPWPWPW
300 857864424
400 39 53 119 WWPWPPWWPWDWWPPWPPWWPWPPWPPWPPPWWWWPWPPWPPPPWWWWWW
400 97 79 75 PPPPWWWWPWWPWWWWWPWWPWPPWPWPWWWWDPPPWWWWPWWWPPPPPW
400 38 91 82 WPWWWWPPWWWWWPPPPWWPWWPWWWWPPWPPWPPPPPWWPPDPPPWPWW
400 56 37 138 PWWPWDPPPPPPWWWWPPPPPWPWPPPWWPWWPPPWPWWPWWPPWWPWPP
400 84 54 77 PPWWDPPPPPPPWPPWPPPPWWWWPPWWPPPWPWPWPPPWWPWWPPPWPW
400 85 73 97 WPPWPPPPWPWPWPPPPWPWWPPWWWWWWPDPWWPWPPPPPPPPPWWWPP
400 43 5 72 WPWPWPWPWPWPWWPWWDPWWPPPPWPWWPPPWPPPPPWPPWPWPPPWPP
200 647473541 46 5 PPPWWWPWPPPPPDWPPWPWWPPPWWPPPPPPPWWWWWPPPWWPWPPWWP
400 34 85 70 WPWWPWWPDWWWWWWPPPPPWPPWPPWWPPWWPWPPPPWWWWWWPPPWPW
400 1 62 80 WPPPWWPPPWWPWWWWPPWWPWPWPWWPPWPPDPPWWWPPPPPPWPPPPW
200 4704030 46 32 PWPPWWWWWWPPWPWWWWPPWWWWPPWWWPPWPWPDPPPPPPPWPPPWPP
200 449978969 81 97 PWWWPPWPPPWPWWPPWWPPWWPWPWWPWPWWWDWPWPWWPWWPPPPPPP
200 5706614 47 60 PPPPWPPDWWPWWWPPPWWWWPPWPPWWPPWWPPWWPPPWWWPPWPPWPW
400 99 17 45 PPWPWWWPWWPWPWPPWWWWWWPWPWPWWPPPWPPPPWPWWWDWWPPPPP
400 27 25 50 WDWPWWPWPWPPWWWWWWWWPPWPPPPPWPWWWWPPPPWWWPWWWWWPWP
400 4 71 50 WWPPPWPPWWWPPPPPWWPPPPPWDWPPPWPWPWPWPPWWPPPWWWWPWP
300 125906480
400 78 28 28 WWPPPPWPPPWWPWWWPPPPPWPWPWPPPPWPWWWWPDPPPPPPWPPPWP
400 8 9 -1 PWWPWPPPWPPPWPPWPWPPPWPPWPWWPDPWPWWPWWPWWWWWPPPPPW
200 721828914 54 7 PWWPPPWWPPWPWWWWPWWWPPPPPWWPPWWWWDPPWPPWWPPWWPPPPW
400 39 78 138 PWPPPPPWWWWWWPPWWWWWPPPWDWWPPWWWPWWPWPPWPWWPPPPWPW
400 84 92 69 WWPWPWPPPPPPPPWWWPPPPPWWWPWWWWPPDPPPWPPPPWPWPPPWPP
200 763341298 65 79 PPWWWWWPWPPWPPPPPWWPWPPWWPWPPPPWDPPWPWWPPWPPWWWPWP
200 294942925 5 28 WWPPDPPWWPWPWWWWWPPWPPWPPWPPPWPWPPPWPWWPPWWPWWPPWW
400 84 32 44 WPPWWPWPPPPWWWWPPWWPWWWWPPPWWPPWPWDWPPPWPWPWWWWWPP
400 69 84 67 WPWWPWWPWPPWWPWPWWWPPWPPWWWPWWPDWWWWWPWWWWWPWWPPPP
400 42 13 49 PPWWWWDPPWPPPPWPWWWWPPWWWPWPWWWPWWWPPWPWPPPWWWWPPP
400 63 9 68 PWWWWWWWWPWPWPWWWPWDPWPPWPPWWWPWPPWPWPPPPWWPWPWPPW
400 65 84 93 PWPPPWWWPPPPWWPPPPWWWPPWPWPPPWPWWWWDPPPPWWPWWPPWWP
400 47 98 54 PWWWWPWPPWWPPPPPWWWPPWWPPPWWPWPPWPWWPPWPWDWWPPPWPP
200 69855851 69 22 PWWWWWWPWWWPWPWWPPPWPPWWPWWWPWWWPWPPPWPDWPPPWWPWPW
200 304137938 38 27 PWPPPPPPPWWWPPPWPPPPPWPWWPDWPPPPPWPPWWPWPWWPPPWPWP
400 93 64 77 WWPWWWPWPPPPWWPPPWWWPPPPPDPPPPPPWWPPWPWPPWWWPPWPPP
400 46 17 22 WPPWPPWWWPPPPWPPPPWWWPPDPPPPPWPPPWWPPWPWPWWWPWPWPW
400 50 25 51 WWWPPWDPWPPPPWWPWPWWWPWWWPPPPPWPWPPWPPPPWPWWWWPWPP
400 51 42 122 WPWPPWPWWPPPPDWWWWPWWPPPWWPPWPWPWPPWPPWPPPPWPWPPWP
400 79 100 121 WPPPWPWPPPPPWWWPPPWPPPDWPWPWPPWWWWPPPPWWPPPWPPPWPW
400 89 72 72 WWWWPWPPPPWWPWPWWWWWPWWPWWPWPPPPWWPPPPPDPPPWPWPWPP
400 73 47 101 PPPWWWPWWWPWPPPWPPPPPPWPWWWWPWWPPWWWWPPPPWPPWWPWDP
400 83 84 44 WPWWWPPWPWWPPWPWPWPPPPWPPWPWPPPWWPWWWWWPWPWWPDWPPW
400 74 14 72 WPWWPPWWPPWWWWWWWWPWPPPWWPWPPWPWPWWPDPPPWWPPPPWWWP
200 416245914 28 70 WPWPWPWWPWWDWPWWWPPWWPPWWWWWPPPPWWPPWWPPWPPPWPWPPP
200 405151633 83 32 WWPWPPPWWWWWWPPDWPWWWWPWWWPPPPPPWWWWWWWPWWWPPWPWPW
400 27 18 55 WWWPPWPPPPPPWPPPPPWWWWPDWPWWWPPWPPWPPPPPPPWPWWPPWW
400 39 30 124 PPPWPPDWWPWWWWPWPWPWWWPPPWWPPWPPPWPWWWWPPPPWPPWWPP
400 35 54 49 WWWPPPDPWPWPPPWWPPWPPWPWPWWWPWPPPPPWPPWPWWPWPPWPPP
400 45 60 1 PWPPPWWWPWPWWWPPPWWWPPPDWWPPPWWWPWWPPWWWPPWWWWPWPW
400 81 31 98 PWPWPWPPWPWPPWWPPWPPWPPWWWWPPWPPPPWDWWWWWWWWWPPPPW
200 743199907 99 47 PWWWWWWWWDPPPPWWWWWWWWPWWWWPPPWWPWPPPWPPPPWWPPWWWP
200 602517523 90 62 PWPWWWPWWPPWPPWPWPPWPWWPWPWPWPPWPWPWWPWPWPWPWPWDWP
400 92 87 47 PPPPPPWWPWWWWPWWPWWPPWPPWWPWPPPPPPWPPWPPWWDPWPWPWW
400 52 8 -1 PWWPWWPPWWWWWWPPWPPPWWPWWPPWWWWPPWWPPPPWWWWDPPPPPP
400 21 23 76 WPPWPWPPWWPPWPPPPPPPWWWPWPPPPWWWWPPWWPWPWWPPPWWWPD
200 913463416 86 45 PWPWPPPWPPPPPWPWWWWPWDPWPPPPPWPWWPWPPWWPPWPWPPPPPP
400 100 84 67 PPWWDPWPWPWPPWPPPWWPWWWPWWWWPWPPPPPWWWWWWWPWWPWWWW
400 83 60 49 WPPWPWPPPWWWWWWPWWPPPWWPWPPPPWWPWWPWWPPDPWWWWPPWPP
200 408990647 24 81 PPPPWPWWWPWPWPDWWWWPPPPPPWWPWWPWPPWWWPWPPWPPWPPWPW
400 7 81 23 WWWPWPPWWWWWPPWWWPPWWWPWPPWPWWPWWWPWWPWDPPPWPPWWWW
200 372243826 56 60 WWWPPWPPPPPWPPPPWPWWPPPPWPWPPPPWWWPPPPWWWWWDWPPWPP
200 287822739 29 45 WWPWPPPPPWPWPPPWWPPWWPPPWPWWDPPWWWWPWPWWPWWPWWPWPW
200 783970576 83 92 WWPWWWWWWWWPPPPWPPPPPPWPWPWPPWPPPPPPWWWPWWPPDWPWPP
200 189475801 16 63 WWWWWWPDWWWPPPPPPPPWPWWWPPPWPPPWWWWPPWPWWPPPPWPWWP
400 87 34 52 WPPPPPWWWPPPPWPPPWDWPWWWPPPWWWWWPPPWWWWPWPPWWPWPWW
200 45980204 73 91 PPWPWPPPWPPWWWWWPPWWWPPWWPWPPWPPWPWDPPPWWPWWWPWWPW
400 2 98 75 WWPWPWWWPWPWWWPPPPWPPPPPWDWPWPPWPPWPPWPWPPWWPWPWPP
400 55 21 23 WPWWWWWDWPWWPPPWWPWPWPWPWWPPWWWWPPPPPPWWWWWWWWPPPW
200 806320807 73 25 WWPPPWWWPPPPWWDWPWPPWWWWWPPWWWPPPPWPWWPWWWWWPWWPPW
200 231087428 74 16 PPWWWPPWPPPWPPWPPPWPPWWWWPPPPPDWWPWPWWPPPPPWWWWWPW
400 40 64 121 WWWDWPWWPPPWWPWWWWWPWWWPWPWPWWPPWPWWPWWPWPWWWPWPPP
200 463185739 42 24 WPWWWPWWPWPWWPPWWWPWPWWWPDWPPPPWWPWWWPPWPWWPPPWPPP
200 592219062 88 19 PWWWWPPPWWPPPWWPWWPPWWPWWWWWPWWWWPPDPWWWWWWPWPWWPP
400 49 90 74 WPPWPWPDPPWWWWPWPPWWWPWPWPPWPWWWWPPPWWPWWWPWPWWWPW
300 265088945
200 7539733 98 94 WPPPPPWPPWWWWPWPPPPWPWPDWPPPPPPPWPPWWPPPPWWPWPPWWW
200 653140119 8 56 PPPWWWPWWWWWPPPWPPWDWWPPWPWPPPWPWPPPPPPWPWWWWPWPPW
400 33 11 92 WWPPPWPPPWWWWPPPPWWWWPWWPPDPPWWPWPPPPPPPWWPPWWPPPW
400 54 55 51 PPPWPWPPWPPPPWPWPPPPWPPWPWWWPWPWWWWWWWPWWWPPDPPWPW
300 714125674
400 28 48 66 PWWPPPPWWWPPPWWDWPPWWPWPPWPWPWPWPWPPWPWPWWPPPWPPPW
400 43 32 77 WWPWPPPWWWWWWPWPPWPPWPPWWWPWPWPPPPPWDWPPWWPPWWWWPP
400 43 58 69 PWWPWWPWWPPWPPWWWWWWPPPDWPWPWWPWPWWPPWWPPPWWWWPWWW
200 668510338 20 55 WPWPPWWWPWWDWPPPWWWWWPWPPWWPWWWPWWWPPWWWPWPPPWWPPW
400 32 98 66 PWWWWPWPPWPWPPPPWWPWPWWPPPWPPWPWWWPPDWPWPPPWWPPWWP
400 77 39 73 WPPWWPPPWDPPWWWPWPWWWPWPPWPPPWWPWPWPPWPWPPPWPPWWPP
400 3 39 78 WWWWPPWDWWWWWPPWWPPPPPWWPPWWPPPWWWPPWWPPWPPPWWPWPW
400 7 91 52 WWPWPWWWWPWWPPPPWPWWPWWPPPPWWWPPPWPWWWPWWDPPWPWPWP
400 89 3 78 PWWWWWPWWPWPWWWPPPPPPWPPWPPWWPWPWPWWWWWWWPWWPWDPPW
801
100 100 50 500
539106624 30 10 PPWPWPPPWDWPWWPWWWWWWPPWWPWWPPPPWPPPPPWWPWWWPPPWWP
362798145 5 19 PWWPPPWPPPPWWWWPWPWWPPPWPPPPPWWDWWWWWPPPPWPWPWPPPW
735197897 86 14 WPWWDWWPWPPPWWWPPPWPWPWPPPPWWWWPWPPWWPPWPPPWPWPWPW
370133184 40 72 WWWWWWPWWWWPPPWPPWPWWWWWWPWWWWPDWPWWPWPWWPWWWWPPPP
587097075 77 67 PWWPWWPPPPPWPWPWPPWPPWPPWPPWWPDPPWWWWPWWWWPWWWPWPP
958429308 83 75 WWPPWPPWPWWPPPPWWPWWWWWWWPWWPWPPWDWPWPPPPWPWPPPPWW
281732093 38 69 PWWPWWWWWWWWWWPWPWDWPPWPWPWWPPWPWWWPWPWPPPPPWPWPPW
808306022 3 80 PPPWWWPPWPWPWWPWPWWPWPWPPPWWPWWPWPPWPPWWDWWPPPWWPW
522006004 17 65 PPWWPPWWWPPWWWWWWWWPPWDPPWPWWWWPWPPWWWWWWPWWWPPWPP
48738085 35 33 WPPWPWPPPPWWWWPWPWWPWPWWWPWPWPWPWWPPPDPWPPPWPPPWPP
97546225 94 9 PWWWWPPWWPWPWWWWWWWWWPWPPPWPPWWWPWPDWWWPPWPWPPWWWP
371516282 38 100 PWPWPPPPWPPWWWPWWWWWPPWPWPPPPPDWPWWWWWPPPPWPPWPWWP
243793746 51 79 WPPPPPWWWPPDPPPWPWPWWPWPPWWPWWPPWWPPWWPPPWPPPWPWWP
791171750 30 62 WWPPWWWWWWWPWPWWWPWWWWPPPWPWWWPPWPWPWWWPWWPDPPWPPW
16413737 25 49 WPWPPWWWPWWPWWPPWPPPPWWPDPPWPWWWPWPPPWPWPPWWPPPWWP
173995900 13 85 PWPWWPPWPDPWWWPWWWPWWWPWWWPWWPPPWPWWPPPWPWPPWWWPWP
366368843 85 70 PPPWWPWWWWPWWWWWPWPPWPPPPPPPPPPPPWWDPWWPPPWPPPPWPP
952466927 1 58 WWWWDPPWWPPPPWPWPWPWWWWPPWPPWPPWWPWWPWWWWWWWPWPPWW
545194698 9 69 WPWPPDPWWPPWWWPPWPPPWWPPPWWWWPPPPWPPPWWWPPPWWPPWWW
90037301 31 41 PPPPPPWWWWPWPWWWWPWWPPWWWWPWPPPWPDWWPWWPPPPWWPPPPW
78893758 13 81 WWWPPWWWWPWPPWWPPPWPDPWWPPPWPPPPPWWWWPWWPPPPWWWWPW
149164500 23 92 PWWPWWWWPPPWPWWPPWWWPPDWPPWWPWWPPPWWPPWWWWPPWPWWWP
773249190 84 4 WWWWPWWPWPPPWPPPWPWWPWPPPWWPPWPPWPPPWPWWWPWDWPWWPP
641819962 97 21 PPWPWWPWWDPPWWPWWWWWWWPPPPWWPPWWWPWPPWPWWWWPPPPPWW
924025809 87 2 WPPDPWWPPPPWPPWWPPWPPPWWWWWWWWWPWPWPPPWPPWPPWWPWPW
331248553 15 95 WPPPPWWPWPWWPPWWWPPWWWPDPPWWPWPPWPPPWPPWWPWPWPWWWW
281441670 59 28 WWWWWWWWPWWPPWPPWPPWPPPWPPDWPWWWPPWPWWPWPPPPPWPWWW
16039588 66 37 WPWWPPWWWPPWWPPPPWPWPPWPWWWWPPPWWPWPWWPWPWWWWWPWWD
755068387 76 1 WPWWPPWWPWPWPWWPWPPWWWPPPWWWWWDPWPWPWWWWWWPWPPPPPP
975882524 40 17 PPWPPWPPWWPPPWPPPPWPWWWPPWWPPWPDWPWPWPPPPWPWWPPWPW
523037879 84 12 WDWWPWPPWPPWWWWPWWPWPPPWPPWWWPWWWWWPPPWWWPWPWWPWWP
177019918 16 44 PPPPWWWPPPPPPWPWWPPWWPPPPWWPPWWPWWWWWDWWPPWWPWWPWW
300486325 78 5 PPPPPWWPWWPWWWWPPDPWPWWWPWPPWPPWPWPPPPPWPWWPWWPPWW
24404819 72 91 WPPPPPPWWWPPPPWWPWWPWWDWWWWPPPWWPWPPPWPPWPWWWWWPWP
873049047 67 23 PPPWWWDWWPPPPWWWPWWWWWPPPPWPPPWPWPPPWPWPPPPPWPWWPP
149340367 37 65 WWWPPWWPWWWWPPWWWWWWPPWPPPWPWWPPPWWPPPWPWWDWWWWPPW
775574996 18 88 PPPWDWWWWPWWPPWPWPPPPWPWWWPPPWWPWPWWWPWPPWPWWWPPPP
72077638 42 84 PWPPWPPWPPPPPWPWWWPPPPWDPPWWPPWPWWWWWPWWWPWWPPPWWW
222076386 10 59 WPPWWWPWPWPWPPWPPWWPWWPWWWPPWWWWPPWWPPWPWPDPWWWPPP
655809401 17 2 PWWWPWWWWPPPDPPPPWPWPPWWWPWWPWWWWPPPPPPWPWPPWWWWWW
936677194 79 55 PPWWPPWWPPWWWWPWWPPWPWWWWWWWWPWPWWWPWWWWWPPPDPWPPP
649890143 43 6 PPPPWWWPPPWPWPPWWWWWPWPWWDWWPPWPPWWWWPWPWWWWPWPWWP
568762488 28 39 WWPWWWPPWPWWPWWWPPPPPPWPPWPPWWWPPPWWDWWPPPWPWWPPWP
991867538 3 91 PPWWWPPPPPWWPPWWPWWWPPPPWWWPWPWPWWPPPWWPWPWPWPDPPP
180948613 2 78 WPWPPWPPWPWPWWWWWWPPPWPPWPWPPPPWWWPPWWWPWWWPDPPWPP
736391760 95 75 WPDWWPWPWPWPWWWWPWPWWWWPWWPPPWPWWPPPPPPWPPWPWPPWPP
109950833 45 5 PWPWWPWWWWWPWWPPWWPWWPWWPWPWPPPWPWWWWWPWPDWWPPPWWP
638455954 17 22 WWPWPWPWWWPWWPWPPPWWPWPPWWWPPPPPPPPPWPWWPWPPPWPPDW
891135367 10 52 WPWWWPWPPPWPWPPPPWPPWPPPWPWWWPPDWWPPWWPPWPWPWWPWPW
929941300 48 52 PWWPDPPWPWWWWWPWPPPWPWWWWPPPPPPPWWWWWPWPWWPPWPPWWP
680307364 88 82 WPWPWPPWWPPWPPWWPPWWDPWWPPPWPWWWPWPPWPWPWPPWPWPPWW
347473182 52 34 PPPPDWWPPWPWPPPPPPWPPPWWPPWWWWPPWPPPPPPWPPWWPWPWPP
695809104 23 31 PWWWWWPWWPWPWWWWWPPPPPWPPPPPPWPPPPWPWPPPPDPWPPWWWW
657196777 47 52 PPPPPWPWWPWPPPWWWWPWPWPWWPPDWPPWPPWPWWWPPPPPWWWWPW
54917619 65 8 PPWPWPWPWWWPPWPWWPPWDPPPPWPWWWPWWPPWWWPPPWPWPWPWWP
67150211 40 71 PPWPWWPWWWWWWWPPWWDWWPWWPWPWPPWPWWPWPWPWPPPPWWWPPP
642964617 2 10 PWPWWWWWWPPWWWPPPPPWPWPWWDPPPPWPWWWWWWPPPPPWPWWWWP
660469421 1 66 WPPWPWWWPWPPWWPDPWWWWPPPPWPWPWWPPWWPWWPPPPWPPPPPPW
936268699 10 86 WWPPWPWPPWWWPWWPWPWWWPPPPPWPPDPWWPPWPWWPWPPWWPWPPP
973130869 42 20 PWWWPWPWWWPWWWPWPPWWPPPPWWWDWWWPPPWWWPWWPWWWWWWPWP
33282931 50 63 PWWWWPPPWPWPPPPWPPWWWWWWWWWWWPPDWWWPPPWPPWPPPPWWPW
181286904 81 27 WWPPWWPWPWPPPWPPPWWPWPPWPWPWWWWWPWPPWPPWPPWWWWDWPW
357234875 96 10 WPPWWPWPPPPPPWWPWPWPPWWPWWWPPPWWPPWWWPDWWPPWWPWPWP
59227913 7 63 WPPWPPWWPPPPWWWPWPWWWWWWWPPPWPDWPPWWWWWWWWPPWPWPWW
200842254 30 95 PPPWPWPWPWWWWWPWPWWWWWWWPWPWWWPPPWDPPWPPPPPPWPWPWW
183678873 48 78 WWWPWWWPWWWWPWWWWWWPWWWPWPPWPPPWWWPWDWPWWPPWPWPPPW
55884834 38 82 PWPPPPPPPPWPPWWWPWPWPWWPPPPWPPPWWWDWWWPWWPWWWWWWPW
825576688 4 88 PWWWWPPWDPWWPPPPPPWWWPPPPPPWWWWWWPPPWPPWWWWWPWPPPW
60930958 35 4 WPWWPWWWWWPPPPPPDPWPWWPWWPPWPPPPWWPWWWPWWWWWWWWPPW
106410516 17 25 WPPPPPWWWPWPWPWWPDWPPPPWPWPWWWWPPPWPWWWPWWPPPWWWPP
714114910 9 71 PPWWPWPPWWPWWDWPWPWPWPPPPWPPPWPWPPWWPWWPWWWWWPWPPP
194462198 67 2 WPDPPPPPWWPWPWWPPWWPWPWPWPWWPWPWWWPWPWWWPPPPWWPWWP
734013946 8 90 WPPPWWPPWWWWWPPDWPPWWWPPPWWPWPWPPWWPPPPPPPWPWWWWWW
986073403 66 42 PPPWPPPWPWPWPWWPWPWPWWWPWWPPPPPWPPWPPWPDWWPWPWPWWP
547000834 2 7 PPWWWWPWPPPWPPWPPWWPPDWPWPWPWWWWWPWWPWWPPWPPPPWPPW
265391802 82 79 PPWPPWWPWWPWDWWWWPWWPPWWPPWPPWWWPPWWWPPPWPWPWPWPPP
571381030 20 21 PPPWPWWWPPWWWWPWPWWPWWWPWWPWPPWPWWWPWPWWWWDWPPPPPW
441837323 58 49 PWWPPPPPWWWWWWPPWWPWWWWWWWPWPPWPPWWPPWPWDPWPWPWPPP
630830903 60 55 WPWPPWWPPPPWPPWWPWWPPWPPWWWWPWPWPPPPWPWWWWWWWWWWDW
463801762 25 27 WWWPWWWPPWWWPPPWPWPWPPWPWDWPWPPWWWPWWWPWPPWWWPPPWP
352221718 81 85 WPPPWWPWWWPPWPPPWDWWWPPWPWPPPWWPWWWWWWPWPWWWWPPWWP
628667420 18 40 WWWPWWWPWWWWPPPWWWPPWWWWWPWPPPWPWPWWWPDWPPPWWPWWPP
309149779 12 23 WPPPWPWPPWWWPPPWPDWWPWPPPPWWWWWWWWWPWPPPWPWPWWPPWP
145911025 99 32 PWPPWPPPWWPPPWWPWPWWPPWWWWDPPWPPWPWPWWWWWPWPWWPPWW
608300047 1 20 PPPWPWPWPWPWWWWWWWPWPPPPPPWWPWPWWWWWPWWPWWPPWWWWDP
882403704 97 98 PPPWPWDPPWWWWWWWPWWPWPPWPPPPPWPWWWWWWPWWPPPWPWWPWW
601893274 57 48 PPWPWWWPPPPPWWPPWPPWPPPPPDPWWPPPPPPPPWWWWWPPWPWWPW
412975823 64 82 PWWWPWPWWWPWPWWPPWWPPDWWWWWWPWWWWPWPWPPPPPPWWWWPWW
128377971 83 28 WWPWPWPWWDPWWPWPWWPWWWPWPPWWWWPWPPWPWPPWPPPPWWPPPP
713541565 19 85 PPPWPPWWPPWWWWWPPPWPWWPPPPPPWWPPWWWWPDWWWWPPWWPPPP
846602349 42 24 PPPPPWPWPWWWPDPPPPWPPPPWPWWWWPPWWPWPWWWWWWPPWPWWPW
303643278 20 4 WWPPPPWPWWWPPPWPWPPPPWWPWWPPPPWWPWWPPDPPWWPWPPWWPW
501249202 88 13 PWWWWWWWPPWWWWPWPWWWPWWWPPWWPPPWPWPDWWPPWWWWWPPWPW
130828040 49 63 PWPWWWWWWPPWWPWWPPWWPWWWPWWWWWWWPPWWWPPPWDPWPPWPPP
739230115 26 1 WPWPWPWPWPPPWPPPPPDPPWWWWPPPPWWPPWPPPPWPPPWWWPWWPW
351851962 98 87 PPWWWWPWPWPPWPPPPPPPWPPWWWWWPPPWPWWWPPWPWPPDPPWPPW
938791567 63 42 WWPWPWWPPPPWDPPPWWWPWWWPPPWWWWPWWPPPPWPPPPPWWWWPWW
275083374 61 10 WPPWWWPPPWWWWWWPWPPWPPWWWPPPPWPWWPPPWWWPWPPWWWPWDW
238393508 10 95 PPPWWWPPWWWWWWWDWWWPPPPWWWWWWPPPWPPWWPWWPWWPPWWWWP
849295438 70 49 WPWPPWWWDPWPPPPPWWWWPPPWWPWPPPWWWPPPWWWWWWPPPPWWWP
593966802 86 62 PWPWPPWPWWPPWPWWPPWPPWPWWWWWPPWPPDWPWPWWPWWWWWWWWP
963542838 93 99 PPPWWPWWPPWWWWWPPWPWPWPWWWWWPPPWWWPWPPPPDPWPPWWPWW
498714053 80 70 PPPWPWWPWPPPWPWPWPPWPPWWDWPPWPWWWPPPWPWPWWWPWWWPWW
330867215 3 49 PWPWPPWWPWWDWWWWPPWWWPWWPPWPWWPWWWPWWWPWWWPWPPWWWW
14209350 25 99 WPPPWPWWPPWPPPWWWDWPWPWPPPPWPPWWPPWWPWWWPWPPPPPPWP
45381479 75 38 PPPWWWDPPWWPWPPWPPPWWWWWWPWWWPPPPWPWWPPPWWWPWPPPWW
53861138 46 42 PWWWPWPWWWPWPWWPPWPWWPWPPPPWWPWPWWWWWWPPWPWPWWWDPW
98970752 93 43 PPPPWWWWPWWWPWWDPPWWWPWPWWPPPWPPPWPWPPPWWWPWPWWWPW
848226757 38 47 WPPPPWPPPPWPPPDWWPPPPPPWPWPWPPWWWPPPPPWWPWWWPPPPWW
621720261 97 40 PPPWPPWPWWPWPPWWPDPPWWWPPPWWPPWWWWPWWWPPWPPPWWWPPW
860334979 13 59 PWPPPWPPWWPPWPWWDWWWPPWPPPWWPWPWWWWWWWPPWWWPWWPWWW
348074156 27 11 WPPWPWWPPPPWWPWPWWWPWPWWPPPPWWWPWWPWWWWWWDWWPWPPWP
234894939 40 89 WPWPPWWWPWWWPWWPPWWPPPPPPWWWPWPPPPPWWWPWPPWDWWPWWP
426165358 94 25 PWPPWDPPWPWPPPPPWWPPPPPWWPPPWWPPPPWWPWPWWWPWPWPPPW
29286551 6 61 WWPDPWWPPPPPWPPWWWPPPPPPPPWPWPPPWWWPPPPWPWWWWPWPPP
113210396 90 13 WWPPWPPPDWWPPWWWPWWPPWWPWWPPPPPWPWPPWWWWPPWPWWPPWP
411277690 75 81 PPPWWPPPWDWPPWPWPWPWPWPPWWPPWPWWPPPPPWPWWWWPPPWWWP
128090615 10 55 WWPWPWPWPPWWPWPWPWPPWPWPPPPWWWWWPPDWWPWPPWWWWPWPPP
338601756 84 91 PPPWPPWWPWPWPWPWPPPPWPWWWPPPWWDWWPPPPWWPWPWPWWPPPP
42632473 26 87 WPWPDPWPPPWWPPPPPPPWPPWPWPPWWPPPPWWWWPPPPPWWPPWPWP
417744991 30 38 PWWWWWWPDPWWPPPWWPPWWWWPPWWPWWWPWWWWPPWPWWWPWWPPPP
30351819 93 51 WWWWPWPWPWPWPPWPWPPPPWPPPWPPWPWWWWWWWPPWPPPPPPWWWD
416645690 25 55 PPPPWDPWWWPWWWPWWWPPWWPPWPWPPWPPPWPPPPWPPPPWWWPPWW
954278435 57 66 PPWWPPPWWPPDWPPWPWPWPPPWPWPPPPPWPWPPPPPWPWPPWPWPPW
6691780 78 36 PPWWPWPPWWWPWPPPWPPWPWPPPPPPPWWPPPPWWWPDPWWWPWPPWW
911311552 48 51 PWWPPWWPWPWWWPWWPPWDWPWWPPWPPPWPPPWPWPWWWWWPPWPPPP
789999815 28 81 WWPWPPPPPWPWWPPWWPWWPWWPWWDPPWWPWPPWPPWPPWPPWPWPWP
332318898 96 25 WDWWWWPWPWPWPPPWWPWWWWWWPPPWPPWPPWWPWPWPWPPPWWPWPP
725934286 63 55 PWWWWPPPPWWPWWPWWWPPPPWPPWPWPDPPPPWPWWPWWWWPWPPWPW
895533895 10 58 WWPWPWWPWWWPWPWWPWPWPWPPPWPPPWPWWWPPWWPPPPWPWPPDWW
581424617 12 7 PWPWPPWPPPPWPPWWWWWPWPDWPWWWPPPPPWWWWWPWPWPPWWWWPW
390090393 7 31 WDPWWPPWWPWWPPWPPPPPWPPPWWPPPWWPPWWWPWWWWWWPWWPPPP
906183037 38 77 WPWPPWPPPPPWWPWWWWPWPPWPPPWPPWPPPPPPPDWPWPWWWPWPWW
611974153 37 94 PWPPWWPWPPWPPPWWWPPPWPWPPWWPPWPPPPWPPWWWDPWPWWPPPP
261398733 39 46 PWPPPWWWWPPWWWWPPWPPPWWDPWWPWWWWPWWPPPPPPPWPPPPWPW
299865785 70 87 PWPPPPPWWWPWWWPWWPWWWPPWWPWWWWWPWDPPWPWWWWPWPWWPWP
933143166 47 93 WPPPPWWWPPPWPWWPPWPPWWWWWWWPWDPWPWPPWPPWWPPPWPWWWW
979608602 29 82 WPPPWPWPPWWPWPWPWPWDWPWWPWWPPPWWPWPWPPWWPPWWPPWPWP
612474899 45 57 PWWWWWWPPPWPPWWPDPPPWWPWWPPWPWWPPWPWPPPWWWPPWPPWPW
915101333 63 8 PPWWPWWWWPWPPPPPWWPPWPPWWPPPWWDWWPPPWWPWWWPWWPPPWP
212412060 88 90 WWPPWWPWWPPWPPWWPWPWWPPWWPPPPDPPWWPPWWPWPWPWPWWWWW
605012447 70 24 PPPWPPPWWPWWWPWWPPPWWPWPPPPPWPPWWWPPPWPWPPPPWWWDPP
429341954 12 51 WPWWPWWPPPPPPPWWPPWWWWWWPWWPPPPPPWWPWWWPWPWPWPWPPD
173378500 68 61 PPWPPPWPPWPWPWWPPPPPWWWWPWPWWPPWWPPWWWWWPWWPWPPPDW
466051781 96 81 PWWPPWWWPPPPDWPPPWWWPPPWPPPPWWPPPPPPPWPWWPPWWPWWPP
291388811 33 94 PPPWWPPPWPWWWPPWPWWPPWWWPWDWPWPPPWPWPPWWWWPWPPPWPW
877931520 26 83 WPPPWPPPPWPPWDPPWPPPPPWPPWPWWPPPWPWPPWPWWPWWPPPPWW
373619012 29 3 PPWWWWPPWWWPWWPWWPPWPWWPPPWWWPWPDWPPWPWWWWWPWWPWPW
988674065 69 72 PWWWWWPPWPPDWWPPPPPPPWPPWWPWWWPPWWWPPWPPPPPPPWWWPW
336853915 20 82 PWPWWPPPWWPPPWWWPPPWPWPWPPPPWWPPWPWWWWWWPDPWPWWPPP
828511804 33 62 PWWPPWPPPWPWWPWPWPPPWWPWPPPWWWPPDPWPPPWPWPWPPPPPWP
693161486 90 6 PWWWPPWWWPWPDPPWPPWPPWWWPWWWPPWWWPPWPPWWWWWPWWPPWW
804638740 64 86 PWPPWPWPPPWPPWWWWWPPPPPPWWPPWWPWWPPWWWDPPWPWPWPPPW
36758671 92 9 PWPPWPWPWPWWPDWWWPWWPPPWPWPWWWPPPPPPPWPPPWWWWPWWPP
231068573 55 21 WWPWPPPPWPPPWWWPWPPWPPWWPPPPWWPWPWWWWWWWPWPWPPPWWD
51005690 18 19 WPPPPWWWPWPWWPPWPPPPPPPPWPPWWPPPWWWWPWWPPWWWWWWPWD
244934497 27 69 WPDPWWPPPWWWWWWPPWWWPWPWWPPPPWPPWWPPPPWWWPWWPPPPWW
110541803 26 89 WPPWPWPWPPDWPWWWWWWPPWWWWPWPWPPPPPPWWWWPPPWWWPPWPP
63586538 25 1 WPPWWWPPPWWPWWWPWWPWPWWPWPPPPPPWWWWDWPWPPPPPWWPPPW
190305749 39 27 PWPDPPPPPPWWWWWPWPPPPPWPWPWWPWPWPPWPPWWWPWPPPPWPPW
824300127 21 82 PWWPWPPPPDPWWPPWPWWPPPWPWPWWPWWWWWPPWWPPPWPPPPPWWP
872310432 26 17 WWPPPPWDPPWPPPWPWWPPPWWWPPPWWWWWWPWWPPWWWWPWWPPWWW
900258243 92 30 PPPWPPPWWWWPWWWPWWPPPPPPWWPPWWWPPWWPWWWWPPDWPWPPWP
373213963 52 59 PWWWPDPPWPWPPPWPPWWPPPPWPPPWWWWWWWWWPPPWPPPPWPWWWP
832860511 8 37 WWWWWPWPWWPPWWPPWDWWWWWPWWWWWWPWWWWWPWPPPPPPPPPPWP
177532486 19 13 PWWPDPWWPWPWWWPPWWPWWPPWWPPWWPPPWPPPPWPPPWWPPPWWWP
694252598 83 23 PDPWPPWWPPPWPPPWWPWPWPWWPPPPPPWWPPWWWPWWPPPPWWPPWW
504606615 51 45 WWPWWWWWPWWWPWWPPPWWWWPWPWPPDWPPWWPWWPPPWWPWWWPWPP
404319076 51 71 PWWWPPWWPPWWPWWPWPWPWPDWPWPWPWPPWWWPPWPPPPWPWPWWPW
848690534 34 40 PPWDWPPPWWWWWWWPWWWPWWPPWWPWWWPWPPPPPPWPWPPWPWPPPP
879188407 56 78 WWWPWDPPWWPPPPWPWWPWWWPPWWWWWPWWPPWPWPWWPPWPWPPWPP
931241729 2 85 WPPWPPWWWPWWWPWPPWPPPPPPPPWWPWWDPPWPWPWPPWWWWWPWPW
594484384 82 35 WDPPPWPWWWWWPPWPPPWPWPWPPWPWPPPWWWPPPWPPWWPPPWWWPP
967653721 4 70 PWPWWWWPPWPPWWWWWPWWPWPWPWWWPWPPWPWWPPWPPPPWWWDWWW
41582431 55 1 PPPPPWPPPWWWPWPPWPPWWWWWWWPWWWDWPWPPPPWWWWWWPPPPPP
802259801 82 3 WWPPPWWWPWWPPWPPPWWWWWWDWWWWPPWPPPPPPWWPPPWPPWWWWW
601907164 1 7 PPPPWDWWPWWPPPWWWPPPWWPPPWPWPWPWPWPPPPPPWWPPPWWPPW
752110116 55 94 PWWPWWWWPWDPWWPPPPWWWPWPWWPWWPWPWWWPWPWPPPPPWWWWWW
38907909 54 93 PPWWPWWPPWPPWWWPWWPWWPWPPWPWWPPWWPPWPWWPPPPWDWWWPP
724808327 56 59 PWWWPPWPPWWWWWPPPDPPWWWWPWWPWWPPPWWPPPWWWWWWWPWPPP
11760969 63 76 WWPWWWPWWPWWPWWWWPWPPPWPWPPWWWPPPWWPPPWPPPPPPPPWPD
480914267 77 89 WWWPWPPPWPPPPWDPPPWWWWPPWPPWWPPWWWWPWPPPPPPPWWPPWW
732010740 36 56 WWPPPPPWPPPPWPWPPWWDWPWWWPWWPWWPWWPPPPWWPWPPWWPWPP
269175903 50 68 WPWPWWDPWPPWPWPWPPPWWWPPWWPPPWPPWPPWPPPWPWPWPWWPPP
123771300 4 21 PWWPWPWWWDWWPWPWPWWWPPPWWPPWPPPWPPPWWPPPWPWWPWPWPW
765592538 60 81 PPPWWPPPPWWPWWWPWPPWPPPWPWWPWWWWPWPWWWDPPPWWWPPWWW
18462747 37 67 WPWPWWWDWWPPWPPPPPWPPWWPWPPWWWWWWPPPPWWWPWPWWWWPPP
631293633 96 1 WPWPPWPWWPPWWWWWWWPWPWWDWWPPWWWPPPPWWPWPPPWWWWWPPP
335136584 53 46 WPWWPPWPPPPPWWPPPWPPPPWPWWPWDWPWWWPPPWPPPPWPWWWWWP
367538460 56 99 WPPPPWPPPPPWPPWWPDWPWPWWWPWPWWPWPWWPWWPPWPPPPPPWWP
216931724 41 93 PPPWWWPPWWWPWWWPWPPPWPWPPWPWDPWWPPWPPPPPPPWWPWPWWW
701413253 11 92 PPWPPPWPPPWPPWWWWPWPPPPWPPPPWWPPWWWWPWPWWWDWPWWPWW
777945540 17 49 WWWPPPWWWWWWWWWPWWWWWPWPPWWWWWPPPWWPPPPWWPPDPPWPWP
245922763 10 35 PWPPWPPWWWPWPWPWWWPPWPWWPWWWWWWDWWPPPWWPPWWPWWWWWW
863005467 64 59 PPWPPPPWWWPPWPWWPWPPWWPWPWDWWWPPWPWPWPPWWWWPWWWPWW
553169760 73 7 WPWPWWWWPPWPPWPWPWPWPPWWPPWPDWWPWWWPWWPWWPWPPWPWPP
427500844 49 20 PPWWPWPWPPPWPPWWPWDPPPPWWWPWPPWWPWWWPWPPPPWWWPPWPP
953571681 86 82 PPPPWWDPWWPPPPWPWWWWWWWPPWWPPWPWWPWPPWWPPPPPPPPWPW
466001443 34 95 PPPWWWPPWWWPPPWWWPWPPPWPDPWWWPWPPPPPWPPWWWPPWWPPWW
273536856 94 32 WPWPWPWPPWWWWPPWWWPPPPPPWWWWPWPPWWWPPPDPWWWPPWPPWW
1652440 28 47 WPWWPWWWWWPWWPPWWDWWWWWPPPWWPPWPWPWWPWWWWPPPPWWPWW
142913334 83 5 WWWWPWWDWWWPPWWWWPPPWWPWPWWWPPWWWPPPPPPPPWPPWPPPPP
551979471 29 20 PPWPPWPPWPPPWPWPPPWWWPWWWPWWPPDPPPWPPPPPPWWWWWPWWP
752325507 84 81 WWPWPDWPPPWWPPPPWPWWPWPWWWPPPPPPWPPPWPWPPWWWPPWWPW
636083799 13 20 WPPWWWWPWPDPPWPWPPPWWWPPPWWWPPPPPPWPPWPPPWWWWPPPWW
5318241 29 46 PPPWPPPPPWPWDPWWPWWPPPPPPPPWPWWWWPPWPWWPWPWWWWPWPP
61787107 77 33 PPWWPWWPWPPPPPPWPPWPWPPPWWPWPPPPWDWWWWWPPPWPWWWWPW
771452181 50 72 WWPWWWWWWPWPWWPPPWPWPPPWWWPPWWWWPWWWPWWPDPPPPPPPWW
689401241 38 5 PPWPPPWWPPPPWWWWWWWPPWPPWPWPPPPWPPPPWPPWPWWPPWWWDP
349710985 3 48 PWWWPPWPPDPWWPPPWWPPWPWPPPPPPWPPWWPPPWWWWPPPPWPWWP
234794519 54 24 PPPPWPWPPPPWPWWPPWPPPPPPWWWPPPWWPPPPWPWWWPPDWPWPPW
968193727 75 90 PPWWWPPPWPWPWWWWPWPPWPPWPPPPPPPWPWWPWWPWPWWWWPWPDW
71480405 94 2 WPWWPPPWPPPPWWWWWWWWPPWPPPPPPWWPPWWWPPWPPWWPWPPPDP
413538520 71 84 WDWWPWWWWWPPWPPPPPPWWPWPWPPPPWPPPWPPPWPWWPPPWWPWWP
397934771 4 42 PPPPPWWPPPPWWPWPWPWPPPWWPPPWWWWWPPPWWWPPPPWPPPDPPP
44290714 14 40 WWPPPWWPPWPWWWWWPWPPPWWPWDPWPPPWWWPPWWPWPPWWWPWWWW
150941504 45 79 PDWWPPWWWPWWWPWPPPWPPPWPWWPPPPWWPWWPWPPWWPPWPWWWPP
260138189 100 6 PPPWPPWWPWWPWPWPPWPWWPWWWWWPPPPWWPWWPWWWWWDPWWWPWP
43496705 77 59 WPPPWWPWWWPPWWPWWWWPWPPPPWPPWPPPPPPWWPWWWPWWWWPDWP
18531160 79 20 PPPWPWWWPPPPWPWPPPPWPPPDPWPPPWWWPWPWPPWPPWPPWWWWPP
587500774 75 78 PWPPPPPWWWPPPPDPPPWWPWWPPWPWPPWWPWPWWWPWPPWWPPPPPP
702243691 44 51 WPWPPPWPPWPPPPPWPPWPWWPPWPPWPWPPDPWPPWWPWPPPPPPWPP
289357309 83 6 WPWPWPWWPPWWWPPPPWPPWWWWWWDWPWPPWWPWPWPWPWPPPWPWWP
665495887 18 49 PWPWPWWWPWWPWPWWWWWPDWPPWWWWWPWWWWPPWWPPPPPPWPWWWW
234676543 80 73 PWPPDWPPWWPPPWWWPWPPPPPPWPPPWWPPPWPPWPWPPPWWPWWPWP
38724793 14 5 WPPPPPPWPWWPWPPWPWPWWPWPWWPWPPWPDWPPWWPWWWWWPPPWPW
691050444 43 71 WPPPPPPPWPPWDPWPWPWWWPWWPWPWPWPWWPPPWWPPWPWPPWPWWP
424812209 67 92 WWWPPWDWWWPWPWPPWPWPWWWWWPPWPWWPWPPPPWWPPWWWPWPWWW
991462562 36 12 PWPWPPWPPPWDWWWPPPPPPWPWPWWWPPWPWPPWWPPPPPWPWWPPPW
861565912 39 37 WWWPWWWWWWWWWWPWWWWPWWWPWWPPPPPPWWDPWWPPPWPPPWPPPW
45234504 51 6 WPWWDWWPPPWWWPPWWPWWWWWPPPPPWWWWWPPWWPPPWPWWPPWPPP
534092766 42 82 PWWPWPWWWPPPWWPWPWPWPWWWPWWPWPWWPWWPWWWPPPPWPPWWPD
759511224 83 51 PWPPWWPWPPPPPPWPWPPWPWPPWDWPWPPWWPPWPWWWPPWWWWPWWP
762191893 51 72 WPWWWPWWWWWWWPPPWPWPWWWWPWPPWWWWWPWWPWWWPWDPPWWWWP
169708075 49 26 PPPPWPPWPWPPWWWPWWWPWWPWPPPWWDPWWWWPWWWPPWPWWWWWWP
424374745 38 73 PWPPWWPPPPPWPPPWPWPWWPPWPWWWWPPPPWPWPPPWPWDPPPWPWP
742475943 8 61 WPWPPWWPWWWPWWWPPPPWPWPWWWWWWWWWPPWPWWPDWPWPWWPPWW
654837015 58 80 WPWPWPWPPPPWWPWPPWPWWPPWPPWWPPWPWPWWPWWPDPPPWWWWWP
749485541 89 72 PWPPPPPWPPPWPWWPPWWPPWWWWWPPPWWWWWPWWWWWWWWDWPPPWW
435962535 31 62 DPWWWPWPWWPPPPPPPWWWWPWPPWWWPWPPWWPWWWPWWPPPPPPWPW
799809065 64 75 PPPPPWWDPWWPPWWPWPPPPPWPWPWPWPWWPWPPPPPPPWPWWWWWPW
58937717 4 92 PPPWWPPPPPPPWPPWWWWPPPWPPWWWPWWWWWDWWPPPWPPWWWPPWW
244034844 63 99 WWWPPPPWWWWWPPPPWPPWPWPPWPPPPPPWPPWWPWPWPPPWWDPPWW
92975378 11 23 PPWPWPWPWWPPWWWWPWPPPPPWDWPPPWPWPWWWPWWWWPWPPWPPPW
767858255 96 47 WPPWWPPPPPWPPWWPWWWPWWPPPWWWWPWWWPPPPDWWPWPPPWWPWW
320764860 60 66 PPWPPWDWWWWPPPWWWPPWPPPWPWPWPWPPPPPWWPWPPWPWWWPPWP
194817509 19 26 PWPDWPWPWPPWWPWWPPPWPWPPWWPWWWPPPPPWPPWWWWPPWPPWPP
44708622 24 28 WWPWWWWWWPWWWPWPWWPWWPPDWWWPWPWPWPWPWPPPWPPPPWWPPW
51792179 3 7 PPPWPWPWWDPWWWWWWPWPPPWWPPPWWWWPPPWPPWPWPPWPPPWWWP
251445960 87 3 PWWPWPPPWPWPPWWWWPWPPWWWPWPWWPPWWPDWPPWPWWWPWWPPWP
268707613 81 74 PWWWPWPWPPWWWWPWWPPPWWPPWWPWWPPWWPWPPPPPWWPPPPDWPW
108066155 6 76 WWPWWWPWPWPPPWWWWDWPWPWWWWWPPWPPPWWPPWWPWWPPPWPWPW
171560416 45 89 PPPWPWWPPWWPWWWPWWWPPPPWWWWPPPWWPPPPPDPPWWWWWWPWWW
745121642 97 79 WWWDWPWWPPWPWWWPWPWWWWPPPPWPWWPWWWWWWPWWPPPPWWWPPW
152673527 47 94 WPWWWPWPDWWWWPWWPPPWWWWWPPPPWPPPPWPWWPWWPWWPPPWPWP
38575545 39 61 WWWWPPPDPPPPWWWWPPWPPWWWWWWPWPWPWWWPPWPPWPWWPWPWPP
413567447 55 28 WWPPPWDWPPPWWPPPWWWPWWWPPPWWPWWPWWPWWPPPWWPWWPWWWP
326406898 63 9 PPPWWWPPWPPPWWWWPPPWPWWPPWWWPPPPWPWPPWWPPWPWWWDPWP
364691892 38 1 PWWPWPPPPPWWWPDWWWWPWWWPWWPPPPPWWPWWWWWWWPPPWWPPWP
670047286 9 2 PWPDPPWPPPWWPWPWWWPPWWPWPWPPWPWWWPWPWPPPPWPPWWPWPP
46903350 35 24 PPPPWWWPDPWPWWPWWWWWPWPWPWWWWPWPPPWWWPPPWWWWWPWWPW
719150617 44 48 PPPWDWPWPPPPWPWPWWPPWWWWWWWWPWWPPPWWPPWWWPPWPWWPPW
88779624 92 40 WWWWPWPPWWWDPWWPPWWPWPWWPWWPPWWWWWWPPWWWWWPPPWWPPW
638466863 21 35 WPWWPWWPWPPPPPWWWPPWWPPWDPPWWPWPWPPWWWWPWPPWWWPWWW
611599178 21 65 WWWPWWWWPPPPPWWWPWPWPPWWPPDPWWPPPPPPWPWWWPPPPPWWPW
153508127 28 45 DPWWPPPWWWPWPWPWPPPPWPPWWPWPWWPPPWPPWWWWPPWPPPPWWP
346750920 1 9 PPWPWPWPWPWWWWWWWWWPWWWWWPPDWPWWWPWPPWPWPPPPPPPWWP
238398015 3 9 WWWPPPPPWWPPPPPPPPPPPWPPWPWWPPPWPPPPWPWWWPWDWPPPWW
726974979 49 97 PPPWPPPPPPPPWPPPPPDWWPPPWPPWPWWPWPWPWWWPPWPPWPPWPP
633248040 17 23 WPPPPPPPPPWPWPPPWPPPWWWPPWPWWWDWPWWPPWWWPWPWWWWWWW
101389878 6 65 PWPPPPWWPPPPDPWPPWPPWWPPPWPPWWPPWPPPWWPPPWWPWPWPPW
681791177 8 23 WWPWWWWPPWWPPWPWPPPPPPPWWWWPPPPWPPWPPWPPWPPWPWPPDW
145824152 20 91 WPWWPPWWPPWWPPPWWWPPPPPPWWWPPWPWWDPWPPWWPPWWWWPPPP
756385496 75 26 PPWPPWWWPWPWPWWWPPPPPWPPWWPWPPWWWWPWWWPWWPPWWWDWWW
167328779 13 61 WPPWWWWWWPPWWWWPWPPWPWPPWWWDWWPPPWWPWPPPPWPWPWPPWW
661030839 83 1 PPWPPPWWPPPWWWWWPWWPPWWWPWWPPWWWPPWWWPPWWWWWWDWPWW
68921207 39 5 PPPWPWPWPPWWWPWWPWPPDWPPPPPPPWWWPWWWPWPPWPPWPPPWPP
240642604 42 10 DPPPPWPPWPPWPWPPPWPPWWWPPPPWWWPPPWPWWWPWPPWWPWPWWW
364545828 64 92 PWWPWWPPPPPWPWWPPPPWPWPPWWWWPWPPWPPWWWWWWPPPDPPWWW
2060404 96 2 PWPPWWWPPPWPWWWWWPPPWWWWWWWDPPPPPWPWWWPPWPWWPPWWWW
821135654 68 54 PPWPPWPWWPPWPWWWWPWWPWWWPWWPPPWPWPDWWWPWWWPPWWWWWW
5716969 16 37 PWPWPPPWPPWWWWPWWWPPPWWWWWPWPPWPWPPWPPWWWPWPDWWPWP
132931363 60 67 PWPPPPPWPPWPPPWPWWWWWWDWPWWWWWPPPPWWWWPPWPPWPPWPPP
750894967 18 37 PPPPPPWPWWWWPWPWWWPPPWPPPWPWPWWPPWPWWPWDPWPPPPWPPW
562525811 95 16 PPPPWWWPWWWWWPWWWPWWPWPWDWPPPWPPWWWWPPWWWPWWWWPPPP
41762771 48 40 PPPPPPPPWPPPPPWPWWWPWPPPWPWWPPPWPWPWPPWPWPPDWPPWPP
417590828 12 70 PWWWPWPWPWPWPWWPWPWPWWPPWWPPPDWWWPWPWWWWPWWPPPWWPP
564944410 93 8 WWWWPPWPPPWPPPWWPPPPPPWWPDWWPWWWPPPPPWPPWWWWPPPPWW
91685718 82 71 PPWWPPWPPWWWPPWWWPPPPPPWWDWWPWPWPPPPPPWWWPWWWWPPPW
979313693 19 15 PWPPPWWPWPPPWWWWPPWPWPWPDWWPWPPPPPPWPPWPWWWPPPWWPW
795692048 65 70 PWWPPWWWPDPPPWWWWPPPPPPWPPPPWPPWPPPWPPWPWWPWPWWWWW
331800548 13 100 PWWPWPWWWWWWPPPPWPPPPWPPPPWPPPPWPPWWPWPWPWDPPWPWPP
745260132 83 29 DWPPPPPPWPWPPPPPWWWPWPPWPWWPPWWPPWPPWWPWWWWWPWPPWW
256864711 68 96 WPPPPWPWPWPPPWPPWWWPWPWWWWWWWWPPPWPWWWWPPDWWPPPWWW
286881129 4 28 PPWWWWWPWPWWWPPPWWWPWWWWDWWPWPPWPWWWPWPWWWWPWWPPWW
533321478 75 74 WWPWWWPPWWWWPPWPWWWPPPPPWWPWPWPWWWWPPWPWPPPPPWPWWD
746211462 75 47 WPPPPPWPPWPPPPPPPPDWPPPWWWWPWWPWWPWWWPPPPPWWPWPPPW
7716022 5 13 PWWWPWPWPWWPPPPWWPPPWWPWWWPWPWPPPPWPPWPPPDWWPWPWWP
739062102 61 4 PPPWPWPWPPWPWWDWWPPPPWPPWWWPPPWWPPPPPPPPWWWWWWPWWP
90941783 97 90 WWWWPWWWPPPPPWWWPWWPPPWPWPPWWPDPWPWWWWPWWWWWPWWWPP
536849216 80 95 PPPPPWWPWPWWPWWWWWPWWPPPPPPWWWWWPWWWWPWWWPPWDWPPWP
837585140 97 74 WWWPPWPPWWDPPPWWPWPWPPPWPPPPPPWWPWWPPWPWPPWWWWWWWW
877501603 86 54 WPPPPPWWWWPPWPPWWWWWWPPPWWPWWWWPWWWPWWWDPWPPWWPWPW
159908820 97 38 WPPPPWWWWWWWPWWPPPWWPWPWWPWWWPWWWPWWPPWPWWPPPPDWPW
172044959 31 27 WPWPPPWWWPWPDPPPPWWWWPWWPPWWPPPPPWWPPPWWWPPPPPPPPP
367381537 59 23 PWDWWWWPWWPWWWWPWPPWWPPWWWPPWWWPWPPWWWWWPWWPPPPPPP
900848843 78 96 PWPPWWPPPWWPWPPPWWWWWPWWWWWPWPWPPWWWPWPDWPPWWWWPWP
255891599 69 95 WPWWWPWWWPPWPWPWPWPPWPPWPDPWPPPPWWPWPWPPPWPWPWWWPW
421919905 82 34 PPWWWWWWWWWWDPWPWPPWPWPWPPWWPPPWPPWWWPPPWPPPPWPPPP
247344441 10 12 WWPPPPPPWWWWPPWPPPPPWPWWPWPPPPWWWPPDWWPWPPPPWWWWWP
341554170 52 16 WPPPWWWWPPPWWWPPPWPWPDWPPWPPWPPWPWPWPPPPWWWPPWWPPP
786577528 71 98 WPWDWWWWWWWWPWPWWPPPPWWPPWPWWWWPPWWWWWPPWPPPWPWPWP
297623732 75 55 WWPPPPDPPWPWWWPWPWWPWPPPPPPWPWWWWWWWWPWWPWPWWWWWPW
42272789 24 96 WWWPPPWPWPWPWPPPWWPWDPPPPPWPWPWPWWWPPPPPWPPWPPWPWP
223823391 99 8 WWWWWWWPWWPPWPPWWPWPWPWWPPWPPPPWWWDWPWPWPPWPWWWPWP
565271535 1 63 WWWPWPPPPWPPPWPWPPPPWPPPPPPPPPDPWPWPWPWWWWPPPWWWPP
307535389 87 76 WWPWWDWWPWWWPPPWPWWWPWWPPWWWWWWWPWPWPPPPWPPWWPPWWP
300036717 91 8 WPPPWWWWPWWPWWPWWWWPPWWPPPPPPWWWWPDPWPPWWWPWWWPPPP
698039346 9 12 WWPWPWPWWWPWWWPWWWPPPPPWDPWPPWPWWPPWPPWPPPPWWPWPWW
822364247 68 72 WWWWPWWWPWWPWPWPWWWWDWPPPWPWWPWWWWWPWWWPPWWPWWPPPW
57866630 66 55 WPPPWWDWWWWPPWWPPPWWWPWPPPWWPWPWWPWWWPWWWWWPWPPWPW
793770257 3 15 PPWWWWPWPWWPPWPPWDPPPWWWPPWWWWWWPWWWPPPPPWPPWPWPWP
505916921 60 69 WPWPWWPWPWWWWPPWWWPPPWWPPPPWWWPWPWWPPPPPWDWPPPWPWP
313820368 19 65 PPPPWWPWPWPWPWPWWWWWPPWPDPWPWWWPWPPPWPPWPWWWPPWWPP
738606565 92 90 PPPWPPWPWPWWWPWPPPWPPPPPPPWPPPWWPWWWPPWPPPWWDPPWPW
580425726 56 64 WPPWWWPWWPWPPPWPWWWWWPPPWWWPPWPWPPPPWPPPPPWPDWWWWW
132880653 2 32 WPPWPWWWPWPWPPWWWWPWPWPWWWWWPPPWPWPWWPWWPPWPDPPWPP
697700923 4 66 PPPPWWWWWWWWWPWWWWPWPPWWWPWWPWWWWPWPWWWDWPPWWWWPWW
664017069 16 72 WPPWWWWPPWPWPPPPPWPWWPPWWWWWWPWWWPPPWPWPDWPPWWWWWP
22316710 11 88 PPPPPPPPPWWWWWPWDPWWWWWWWPPPWWPWPWWPPWPPWWWPPWWWPP
631911086 20 16 WPWWWWPWWWPWPWWPPPPWWPWWWWWPPPPWPPWPDPWWPWWWPPWPWP
179719821 91 62 PWPWPPPWWWPDPPWWPWPPWPPWPPPPWPWPPWPWWWPWPWWPWPWWPP
876061825 25 13 PPPWPPPWPPWWWWWDWWPPPWWWWPWWWPWPPWPPWWPPPPWPWPWWPW
803330818 46 5 WPPWWPPWWDPWWWWWPWPPWPPWPPWWPPWPPPPWPWPPPWWWWWWWPP
573923438 23 47 WWWPPPPPWPWPPWPWPWWWWWWWWWPPPWPPPPPPWPPPDWWWPPPWWW
720693474 78 63 WWWWPPPWPPWPWWPPWPPWPPPPWDWPWPPPWWPPWWWWPWWPWWPPPP
440124305 45 100 PWPPWWWPPPWDWPWPWPWPPWWPWPPWPWWWPPPPPPWPWWPPWWWPWW
49710046 99 44 PPWWPWPPPPWPWWWWWPWWWDPWWWWWWWPWWPPPWPWWPWPPWPPWWW
493054847 70 29 PWWWWPPPPPPWWWWWWPWPPWWPPPWWPPPWWPPDPWWPWPPWWPPPPP
709207426 62 34 WPWWPPDWWWWPWWPPPPPPPWPWWPPPWWWWPPWPWWWWPPWPPWWPWW
187767352 25 71 WWPPPPWWPWPPWWWWWWPWPPWPPWPWPWWWWWPWWPWDPWWPPWWPPP
832923731 91 4 PPWWDPWPPWWWWWWWPPWPWWWPWWPPWWPPPPPWWPPWWPWPWWPPWW
973505455 29 94 PPDPWPWWPPWWPWWWWPPPPPWPWPWPWWWPWPWPPPPWPWPWPPPPPW
856071486 78 14 PPWWWWPPWPPPWPWPPWPWWWWPPPPWPWPPPWPWWWDPWWWWWWWWWP
972984637 2 69 PWWWPPWPWPPWWPPWPWWWPPPWPWPWPPWDWPWWWWWWWPWWWPWWPW
18286529 27 94 PPWWPWWPWPPWWPPPPWWWWWPWWWWWPWPPPWPPPPPWWPPWWPPPWD
83793615 76 15 WWPPPWWPPDPWPPPWWWPWPPPPPWWWPPWWWPPWPPWWWWPWPWPPWP
602901653 95 97 PPWWPWWPPPPPWPPWWWPWPWPPWDWWWWPWWPPPWWWWWPPWPPPPPP
408933432 76 75 PPDWPWPWWWPPWWPPWWWPPWPPPWPWWWWPWPPPPPWWWWPWPPWPWP
362635606 17 74 PWPPWWPPPPPWPPPPPWPWWPPPWWPWWPDWPWPPPWWPPWPPWWPPPP
299134702 8 19 WWPWWWWPPPWWWWPWPPPWWPWPWPDPWPWPPPWWWPWPWPPWPPPWWW
331434443 36 74 WWPWWWPDWPWWWPWWWWPWPPPWWWPPPPPPWPPWPPWPPWPPWPPPWP
37173624 55 19 PPWPPPPWWWPWWWWPPWWWWWDWWWPWWPWPPPPPWPWWWPPPPWWWPW
480558031 14 63 PWPPPPWPWWWPPPWWWWPWPPPPDPWPPPPWPPPWWWPWPWPWWPPWPP
164804244 11 24 PPPWPPWWPWPWPWWPWWWWPPPPWPWPWPWWWPWPPPDWWWPWWPWPWW
485611195 12 98 PPWWWPPDWWWPPPPPPWPPPPPPPWPWPWPPPPWWWPPPWWWPWWWPWP
613969947 71 65 PWPWPPWWPWPWWWPPWPPPPWWWPPPWPPDPWWWWWPPPWPWWPWWWWP
126071962 24 82 WWWWPPPWWWWWPDPPPPWPPWWPWWWPPPWWPWWWWWWPPPPWPPPPWW
746805712 75 89 DPPWWPPWPPWPPPWPWWPPWPPWPWWWPPWPWWPWWPWWPPWWPPWWPP
893667519 47 36 WPWPWWPPPPWDWWWWPWPWPPWWWWWWWWPPWPWPWPPPPPWWPWPPWW
112241313 15 99 PWWPWWPWWWPPDWWPPPWWWWWPPWWWPPPWWPPPWWWWPWPPWWPPWP
910338204 61 58 PPWWPPPPWPPPPWWPWPPPPWPWPWWPPWWPDWPWWWPWPPPPWPPWPW
599081728 74 40 WWWPWDWWWPPPPWWWPPPWWWWWPPWPWWPPWWPPWWWWWWPWPPWPWW
494409293 57 4 WPPPPPPWWPPPWWWWPPWWPWPWPDPWPWPWWWWPWPWPPPWPPWWPPP
59798349 27 55 WWWPWWPPWWWWPPWPDPPWWWPPWWWWPPWWPPWPPWPWWPWWWPPPPP
264105921 53 88 WPWPWPWPWWWWPWPPWPDPWPWPWPPWWWWWWPPWWWPPPWWWPPPPWW
962720925 90 78 PPWWPPWPPPPPWWWWWPWPPPPWWWWPPPPPWPWWWWPWPWPPPPDPWW
864447518 56 95 WWPPWPPDWWWWPWWWPPPPWPWPPWPWWPPWWPWWPWWPPWWPPPPPWW
999676267 60 85 WWPPWWWPDPWWWWPPPPPWPPPWWWWWWPWWWWPWWPWPWWPWPPPWPW
55563081 98 10 WWWPPPPPPPWWWPWWWWWPPPPWWWPPPWWPWWPPWPDWWWPPPWWWPP
706255718 14 84 PWWWWPWPWPPPWWPWWPPPWWWPWPWWWWPPWPPDPPPPWPPWWWPWWP
659461491 32 100 PPWWWWWWWPWPWWWWPPPWWWDWWWWPWWPWPPWPPWPPPPWWWPPPWP
326914522 23 86 WWWWWWPPPPPWWWWWWWWPWPPWPPWPPWWWPWPPWWWWWPWWPWPPDW
257932219 84 62 WPWWWWPWPPWPWPPWPPPWPPPPWWWWWPPPDWPWWPWPPPWWWPPPWP
724204243 29 67 WPWPPWWWWWWPPWWPPPPWWWPWWPWDWWWPWWWWWWPPWPWWWWPPWP
272346297 5 40 PPWPWWPPPWPPWPPPWWPWWWWWWPPWWWWPPWPWDPWPWPPPWPWPPW
231097340 15 83 PPWWPPPPWWWPWPWPWPWWPPWWPPWWWPWWPWWPWPDPPPPWPPPPWP
457430153 22 79 WPWPPPWPPWPPWPWWWPWWWPWWWWPWPPWPPWPWPPDWPPPWWPWWWW
95175542 16 73 PWWWPWWWPWWPWWPWPPPWPWPPWPPWPWPWWPWWPPPPPPPPPWDPPW
588178436 27 29 PPPWPPPWWPWDPPWPPPPPPPPPPPWWWWWWWPPWPWWWWPWWPWWWWW
384624019 4 10 WWWPPWWWWPWWPPWWWPPWPPPDWPWPPWWPPWWWPPWPPPPPWWWPWW
434363894 89 10 PPPPPWWWWPWWPWWPDWPPPWPPPWWPPPPWPPPWPPPPWPPPWWPPPP
241131788 42 98 PWWWWPPWPWWWWWPPPWWPPDWPWWWPPPPPWWWWWPPWWWWPPPPWPP
417341864 37 1 PPPWWPWPWPPWDPPWWPPPPWWWWWWWWWWWPWPWWWWPPPWPWWPPWP
568384603 8 32 WPPPPPPPPPPPPPWWPPPPWPPPWPWPPPPWPWPPWWWPPPWPPPPDWP
552423448 89 6 WWWWPPWWPPWWPPWWPPPPPWPWPPWPWWDWWWWPPPPWWWWPWWPWWW
163736640 66 17 WWWPWWPWWPWPPPWWWWWWWPPPDWPWPWWWPPWWWWWPWWWPPPPWWP
934607235 27 51 PWPWWPPPPWWPWWWWDPWPPPPPWPPWWWPWWPWWPWPPPWPPWPWWWW
12430267 56 77 PPPPWPWPWPPWPWPPWWPPPPPWWWWPWPPPWWDWPPPPWPPWWPWWWP
743432065 29 45 PPWWPWWWPPWPWPWWPPWWWPWWWWPPPPPPWWWPWWPWWPPWDWWPPW
31750420 36 3 WPPPPPWWPWWPPWPWWWPWPPWPWWPWPWPWWPWWPDWPPWPPPPPWWP
455531716 45 86 WPPWWPWPPPPWPWPWWWWPWPPWPWPPPPWPPWWPPPPWPPWWWPPWDP
800367589 34 97 WPPPPWPWWWPPWWPWPWWWPPWWPWPWPWWWPWPPWWWPDPPPWWWWWP
495283 35 79 WWWPPPWPWPWPWWWWPPPPWPPWPPWPWPPPPPWDWPPWWWWWPWPPPW
170497485 32 51 PWWWPWWWPPPPPPWWPPWWWPWWWWPPPWWWWPPPPWWWDWPWWWWWPW
727837746 35 92 WWPWWPPPWPPWWWWWWWWWPDWPPWPWWPWPWWWPWWWPPWWWPWWWPP
23937418 32 39 WPPPPWWWPWPPWPWWWPWPPWPPPWWDWWWPWPPWPPPWWPPPPWWWPP
319324414 88 5 PPPWWWPWPPPPWWWWDPWWWWWPWPWWWWPPPWPPWPPPWPWPPWWPPW
138839679 43 22 PPWWPPPWPPWWPWPWPPWWPPWPPWPPWPWPPWWPWPWPWWDWPPWWPP
654346 61 96 WWPWPPPWPWWWPWPPPPWWPWPPWDPPPWWPPWPPPWWPWPWPWPWWWW
285759903 88 69 WPWPWWDPPPWWWPPPWPWPWPPPPPWPWWWWPWPWPPWPWPPPPPWPWW
12971645 2 52 PPPPPWPPWWPPWPWWPPPWWPWWWWWPWPWWWWPPWPWWPPPDWWWWPW
648761226 99 6 WWWPWWPDWPWWWPPWPPWWPWPPWPPPPWWPWWPPWPWPPWWPPWWWWP
554269784 49 51 PWWWPPPPPWPWPPPPPWPDWWPWWPWWPWPPPWPPPPPPWPPPWWPPWP
507425690 44 80 PPDWPPWPWWWPPPWPWPWPWPPPPWWWPPWPPPWWPWWPPPPWWWWWPW
418606019 13 55 PPPPPWPPWPWPPWPDWPPWPPWWPPPPWWPPPWWPPWWPWWPWPWWPWW
435042665 11 6 WWWPWWPWWPWPPPPWWWPWWPWPPPWDPPWPPPWWPWPWWWPPPPPPWW
360371350 29 50 PWPWWPPWPPPWPPWWWWWWWPPPPPPWWPPPWPDPPWPPPPPPWWPPPP
145402302 51 24 WWWWWDPPWWPWPWPPPPPWWPPPWPWWPPWPPWWWWPPWPWPWWPPPPP
476360619 44 13 WPPWPWWPPPWPWWPPPWWPPPPPPPWWPDWPWPWWWPPWPWPWPWPWPW
588990024 41 38 PWWPWWDWPWPWWPWPPPWWPPWWPPWPPWWPWWWPPWWPPPWWWWWPPW
178877624 37 71 PPWPPPWWWWWPWWWPWWPDPPPPPPPPPWPWWWPPPWWWWWWPWPWPPP
392635072 55 81 PWWWWPWPWPPPPPWWWWPPWDWPWWWWPWPWWPWWPWPPWPPWPWWWPP
44930138 21 90 WPPWDPWWPWPPWPPWWWPPPWPWWWPWWPPPWWPWWWPWPPPWPPWPWP
675029934 66 59 PWPWWPPWWPWPWWPPPWWWPPWWWWPWPWWPWWWWPPWPWPPPWDWWWP
661127411 10 46 PPPWWWWPPDWWPPWPWPPPWWWPPWWPPWWPWWPPWWWWWPPWWPPWWP
720445182 47 80 PPWWPWWPPWPPPPPWPWWPWPPPPPWWWPPPWPPPDPPWWWPWPWPPWP
867054065 12 31 PPPPWWPPWWPWWWWPWWWPDWWPPPWPPPWWWWPPWWWPPPWPPWPWPW
668889719 80 98 PPWWWWWWWWDWPWPWWWPPPPWPPWPPWPWWWWWWWPWWPWPPWPWPPW
241934389 7 14 PWPWWWPPWPPPPWDPPPPPPPWPWWWWPWWPPPPWPWWWWPPPPWPWWW
306318120 64 67 WPPPWWPWPPPWWPPPPPWPPWWPWWPPWPPWWDPPPWPWWPPWPWWWPW
854061442 43 67 PPPWPDPPPPPWPWWWPWWWWPPPPWWWWPWPPPWWPPPWPWPPWWPPPP
924770001 84 43 WWPWDWPPPWWPWWPPWPWPWPWWPPPWPWWPPPWPPPWPWWWWPWWPWW
522146223 63 67 PPPPWWPWPWWPPDPWPWWWPPPPPPWPWPWPPWPWPPWPWWWWWPPPWW
893517068 27 3 PWPPWWWWPPWPWPPPWPWPWPWWWPPWPPPPPPWWWWWPWPPPDWWWWP
348061962 17 32 PPPWPWPPPPWDWPWWPPWPWPWWPWPWPWPPWPWPPPWWPPWPWWPWWW
405627396 45 30 WPWWWPWPPPPPPWDPPPWWPWWPWPWPPPPPWPPPPPWPPPWWWPPPPW
985954012 50 6 DPPWWWPPWPPWWPWPPWWWPWPWPPPPPPPWWWWWPPPWPWWWPWPWWP
713041565 34 23 WWWPWWWPWPWWWWWWWWWWWWWPPPWPWWWPWWWPPWPWWDWPWWPWWW
839532176 28 99 PPPWPWPPWPWWWPWPPWWWPWPWWWPWWWWPPWPPDPWPPWWWWWWPWW
801737291 48 26 WWPPPWWWPPPPWWWWPPPPPPWWPWPWDWWWWPPPPPPWPPWWPWWWWW
279587416 15 47 WPWWWWWWWPPWPWWPPPWWPWPPWWWWPPPPWWPPWPPPWPDWPPWPPW
891100032 7 55 WPWWWPWWWWPPPWPPWPPWWWWWPWPDWWWWWWPPWPWWPPPWWPPWPP
683552858 38 3 WWPPWWPPPPPWWWPPPPWPPPWPWWPWWPDPPWWWPWWWWWWWWPWWPW
310220481 97 78 WWPWPWPPWPWPPPWPPDWPPPPWPWWPWWPPPWWPPPPWWPWWWWWPWW
482511133 49 89 WWPWDWWPPWPPWPPPPWWPPPWPPPWWWWPWPWPWWWWPPWWPWPPPWP
720614902 72 35 WPPWWWPWPPWWPPWPPWDWPPWWPWWPPPWPPWPPWPWPWPPPWWWPPW
285680401 55 59 PWWPWPWWWWWPWPPWPWWWWPPWWWPDPPPPPPWPPWPWPWWWWWPPPW
565000788 18 12 WDWWWPPWWPWWPPPPPWWPWPPPPWWPPWWWWWPPWPPPPPWPPWWPWP
935833735 13 47 PPWWWWWWPPWWPWWWPWPPWPWWWWPPWPDWWWPWPPWWPWPWWPWPPP
530433909 20 43 WPPWPPWPPPWPWWWWPWPPPPWWWPWPPWPPPPPWPPWPPWWWDWPPWW
75216356 66 84 WPWWDWWPWPPPPPWWPPWPWPPPPPWPPWWWPWPPWWPWWWPWWWPWWP
71866182 100 77 PWPPWPPPWPPPPWWPWPWPWPWDPPWWPPPWWWPWWPPPWPPWWPPWWP
74957972 26 2 WPWPPPPPPWPWPWPWWPPPDPPWWWWPWPPWPWPWWPWWWPWWWWPPWW
72193558 86 92 WWWWPPPPPPPPPWPPPPPPWPPPPWWWWWPWWPWWPPPPPWPPPDWPPP
650768845 10 94 WPWWWWPWWPWWWPPPWWWWPDWPWWWPPWWPWPWPPWWWPPWPPPPWWW
407310120 30 16 PWWPWPPPWWPPWPWPPPWWWWWPPDPWWWPWPWWWWPPPPPPWWWWWPW
26779256 36 9 WWPWPWPWPWPWWWWPWPWWPWWPWWPPWWPWPPPWPPWWPPWPDPPPPP
638536123 62 77 WWPPPWWWPWPWWWWWWPWWPPWWWPWPDWPWWWPPWWPPWPPWWPWWPP
962121391 2 64 PPPWPPWWWPPWWPWPWWPWPPWPPWWWWWWPWPWWPWPWPWWWWWDPPW
71549123 99 12 WPWPPPPWWWWPPWWPWPPPWPWPPPWWWPPDPPWWPWWWPPWWPWWPWP
730405980 30 60 WWWWPPPPPPWPPWPWWWWPWPWPWDWWPWPPWWPWWPWWWPWWPPWWPP
787743187 58 63 WPWWPPPWWWPWWWWPPPPPWPWPPPWWWPPWPPPWWPWPWWPWDPPWWW
925479894 85 51 WWPWWPWWWWWWWPWPPWPWPPWWWPPWPPPPWPWWDWWPPPWWPWWWPP
393505756 12 1 WWPDPPPPPWPWPPWPWPWWPWWWPPWPPWWWWWWWWPPWPPPWWPWPPP
935072405 80 48 PPPWWPPWPWDPWWPPWWPWWWWPWWWWWPWPWPWPWWPWPWPPWPWWPW
554973391 20 46 WWWPPWWPWPPPWWPPPPWPWWPPPWPPPPWPPPPWWWWWWWPWPDPWPP
283590479 1 62 PWWPWWPPWWPPPWPPPWDWPPWPWPPWPPWPWPWWWPWWPWWWPPWWPW
138739527 68 84 PDWPWPPWWPPWPPPPPPPWWPPWWPWPWPPWWWPWPWWWPPWWWWPWWW
6371360 98 67 PPPWPWWWWPWPPDPWWPPPWPPWWPWPPPWPPPPPPWWPWWWWPPPWPP
685766088 95 6 PPWPPPWPPWPWPPWWDWWWWPWPPWPPWWPWPPWWPWWPWWPPWWPPWP
701771400 15 53 PPPWPPPWPWPPPPWPWWPPWWPWWPPWPPPWWWWDPWPWWWPWPPWPWW
85470511 61 76 PWPWWWPPPPWWWWPPPWWWPWWPPPWWWWWPPWPPPPPWPWPWPWDWPP
989801057 14 11 PWWPPWPWWPPWPWPPWWWPWPPDWWPWWWPWWWPWPPWWPPPPPWPWPP
265431662 21 74 WPPWWWWWPWPPPWPWPPPPWPWWPWPPWPWWPWPDPPWWPWWPPPWPPP
547660840 31 39 WWPPWWDWPPPWWPPWPWWPPWPWPWWWPWWWPPWWWPWPPWPWPWWPWW
200560036 43 58 WWWPPWWPWPWPWPPWWWPWWPPWWPPWWWPWPWWPWWPPPPPWWDWWPW
1500189 21 86 WWWPPPWPWWWWPPPWWWWPPWPPPPWPPWWPWWPWWWWWWPWDPWWWWP
5896500 61 38 WPPWPWPWWWPPPWWWWWPWPWWDPWWWWWPWPWPPPWWWPPWWPWPPWP
838289200 43 92 PPPPPWPPPWPDWPPWWPWWWPPWPPPWPPWWPWPWPPPPPWWPWWPWWP
615159654 14 35 WWPPPPPWWWPWWWWPPPWPPWPPWDWWWPPPWPWWWWWPWPPPWWPWPW
960119734 63 52 WPPPPPPPWPWWWWWWWWWPWPPPWPPWPWPWWWWWWPWPDPWWWWPWWP
250314682 98 99 WDPWWPPPPPWWWWWWPWWPPPPWPPWWPPPPPWWWPWWPWWPWPWPWWP
686487379 37 90 WWPWPWPWWWWWPWPPPWPPPWPWWWPPPPPPWWPPPWWWWPWWWPPDPP
274601201 85 16 WWPWWWWWWWWPPWWWPPWWWPPPPWWPWPPWPWPWPWPPWPWDWPPWPW
32617126 28 51 PPWWPWWPPWPPPWWPWPPWPPWWWWPWDPWPPWPPWPPPWPWWPWPPWP
511647611 44 75 WPPPPWWPWPWPPPWWWWWWPPWPWPPWWDWWWPPWPWWPWPPPWPPWPW
577835666 54 51 PWPPPWPWPPPPWWPPWPPPPPPWWPPPWWDPPWPPWPPPPPWWPPPPWP
68307914 89 82 WWWPPWWPWPWWWWWPPPPPDWWWPPWWWPPPWPPPPWWPWWPPPPWWWP
363630654 71 90 WPPPPWPWPPPPWWWPPPWWDPPPWPWPWPWPPPPPWPWPPPWWPPWPWP
19705527 99 55 PPWPWPPPWWPWPPPPWWPPPPWWDPWWPPPPWWPWPWWWPPPWWWPWPW
582715420 41 100 WPPWPWWPWPWWWWWPWWWPWWWPPPWWWPPPPPPDPPWPPPPPWPWPPW
49035272 32 4 PPWPWPWWWWPWWPPPWPWWPPPPWWPPPWPPWDPWWPPWWWPPWPWPWW
114239903 20 68 PWPPPPPPPPPWPPWPPWPWPWWWPWWPPPPWPDPWPWWPWPWWPWPWWP
606093028 41 37 PWPPPPDWWWWPWPWPWWPPWWWWWWWWPPWWPPWWPWWPPPPWWWWWWW
587908392 70 41 WPWWPPPWPPWPPPPWWPWPWPWPWWPPWPPPWWWPWPWPPPWWDWPWPP
961255225 13 82 PPPPPPWWWPPPWPPWWWWWWWWPPWWPWPWWDWWPWWPWPPWPWPPWWW
195071425 25 14 WPWPWWPPPWWPPWWWWPWPPPPWPWWWWWPWWDWPPPWWWWWWPWPPWW
48821769 93 50 PWPPPWPPWWPWWWPPWPPWDPPPPPWPWPWWWWPPPPWWPPPWWWWPPP
31431343 28 50 WPPPPPDWWPPPPWPWPWPWPWWPPPWPPPWPWWWPPWWPWWWWPWPWPP
915353545 12 24 PPWWWWPWPPWWWPPPWPPPPPPWPWPPWPPPPPWPPPWPPPPPPPWDPW
240437744 62 13 PWPWPPWPWPWPPWPWWPPWWPPWWPWPWPWPWWPWWWWPPPPWPDWPPW
429406959 95 9 PPPWPPWWPWPWPWWPPWWWPPPWPDWWPWWPWWPPWPWPPPWWPPWPWP
529512505 75 33 PWPPWPWPWWWWPPPWWPPWWWWPWPWPPWWWPWPWPWWPPWDPPWPPWP
49706642 92 49 PWWPPWPPPPWWWPWPWPWWWDWWPWWWPWPWPWPPWPPWWPWWWPWWPP
802272851 59 29 PPWPPPPWWPPWWPWWWPPPPPPPWPPWPWPWPWPPPPWWPDWWWPPWPW
256078068 2 70 DPPWPPPWPPWPPPPWPPPWPWPPPPPPWWPWWPWPPWPWWPWWWPWWPW
898284177 58 7 WWWWPWWPWWWWWWWPPPWPWWWWWWPWWWWWWWPWWWWPPWWPWDWPWW
753187035 21 87 WPPPWPWWPPWPPWWPPPWPWPWPWPPPPWPPPWPWWWWPWPWWDWWPWP
446641582 46 95 WDWWWWWWWWWWPWPWWWWWWWPPPWWWWPWPWPWPPPPPPPWWPWPPPW
400 14 35 1 WPWWWPWPPWWWPPPPPPWPDWPWPPPWPWPPWWPPWPPWWPWWWWWPPW
200 512971578 16 35 PWWPWWWWPPWPWPPWWWWWWWPPPPWPWPWPPPWDWWWWPPWWWWPPWW
200 865562514 8 18 WPPPPPPWWWWPWWWWWPWWWWPWPPPPWPPPWPWDWWPPPWPPPWWPWW
200 428427043 94 95 WPWWPWWPWWPPWPWWPWPWPWPPWPWPWPWWWWPWPWPWWPPDWWWWPW
400 69 32 25 WWWPWPPWWWPWPPWWPWPPWPPPPWPWWPWPPWWPPWWPWPWPPWPWPD
200 127412634 81 83 PPWPWDWPWPPPWPPWWPPPPPWPPWPWPWWWPWPWPWWWWWPPWPWWWW
400 40 52 27 WPPWWWWPPWWWWWWWWPPPPWWPWPPPWWPPPPPWDWPWPWWPWWWWWW
300 961255225
200 903056342 4 41 PWPWWWPWWWPPWWWPWWPPPPWWPWPPPWWWPWWWPWWWPPPWPPDPWP
200 775252412 63 33 WWPPWWWWWPWDPPPPWWPWPWPWWWWWWPWPPPPPPPPWWPPWWPWWPW
200 496713284 71 7 PPPPPPWWPPWPPPWWPWWPWWPPPPPPPWWPWWWWWWWPPWPWPPPWDP
400 83 10 39 PPWPWPWPPDPPWWPWPPPPPPPWPPPWWWPPPPPPWPPPWPWWPPWPPP
200 525371760 45 73 WWPPWPWPPWDPPPPWPPWWWPWWPWPWWWPWWWWPWPWWWPWPWWPPWW
300 41582431
200 680286380 99 92 PWPPPDWPWPPWPWPPPPWWPWPWWWWPWPWPWWPPWWPPPPWWWWWPPW
200 950637045 21 41 PPPWDPWWPPWPWPPPWWPWPPPPWPWPPWWPPWWWPPWWPPPPWPPPWP
200 787211380 79 61 WPPPWWWPPPWPPPPWWWWPWPDWPPWPWWPWPWPWPPWWWWWWWPPPWP
200 498063980 82 18 WWWPWWWWWPWPPPPPWPPPWPPWPDWWPWPWWWWPPPWWPWPWPPPPPW
200 40006258 27 21 PPWWWPPWPPWPPPPPWPWPWPWWWWPWWPPWPPWWPPPPPPDPPWPWWW
200 817028898 3 34 WWPWPWPWWPPWPPPWPPPPPPPPWWPPWWPWWWWPWWWPWPWPWPDPPP
200 855447237 21 85 PPPWWPWPWWWPWPWPWWWPWWPPWWPWPDWWPPPWWPWWWWPWPPPPWP
400 46 44 44 PWDWPPPWPPWWWPWWWWPWPPWPWWPWWPPPWPWPWWPWPWWWPPWWWP
400 27 3 1 PWWWWWPWWPPPPWPPPPWPPWPDPPWPWWWWWWPPPWWPWPWWPWWWPW
200 801758877 25 60 WPWWPPWWPWWPWWPPWWPDWWPPPPWPPWPWPPPPPPPWPWWPWPPWWP
200 973432345 48 65 WPWPPPPPPPPWPPPWWDPPPPWWWWWPWPWPPWWWPWPPPWWPPWPPWP
200 811272062 21 95 WPPPPWPPPPWWPWWPPWWPPWWPPPWWDWWWWWWPPWPPWPWPWWWPWW
200 274099671 92 8 WWWWWPPWPWWWPPWWPPWPPPPPWWPWWPWPPWWPPWWWWWWWDPWPPW
200 65319296 64 62 PWPPPWWWWWPWPPWWWWWWPPPWPPPWPPPPWPPWPPDWPPPWWPWWPW
400 1 91 23 PWWWPPWPPWWWWWWWWWWWWPWWPPPWWPPWPWPWPWPPWPPWWWDPWW
200 113683483 68 42 PPPWPWPPPWPWPWWPWPWPPPWPWPWPPWPPWPPPWWPPWWWWWPWWWD
200 604264612 65 18 PPPPWWPWWWPWPPPPDWWWWWWWWPWWPPPPPPWWWPWWPPWWPWWPPP
200 485129588 22 53 PPPPPWWPPPWPWWWWWPPPPWPPWPWDWPPWWPPWPPWWPWWWWWPPPP
200 565947044 73 51 PPPPPWWPWPWPDWWWWPWWWWPWPPWPWWWWPPWPWPPWWPPPWWWWWW
300 177532486
200 416109465 31 48 PPWPWPWWPPWPWPWWWWWWPPPPWWPPWWWPPDWWPWPPWPWWPWWPWW
200 772748657 81 71 PWPWWWPPPWPWPPDWWWPPWPWPPWWPWWWWPWWPPPWPPWPPPPWWPW
200 697674338 3 53 WWWWWPWPWPWPWPPPWWWWWWPWWPPPPPWWWPWWPDWWPPPPPWPPWP
200 19582349 54 32 WPWPWPPPDPWWWPWPPWPPPPPWWPPWPWPPPWWWPWWWPWPPWPWPPW
200 178474179 47 85 WWWPWPWPPWPWWWWWPPPPPWWPPWWWWPWPPWPWWWWPPWDPWPPWWW
200 937181811 66 12 PWWWWPPPPWWWWWWWWPWWWWPWPPWWPPWWWWPWPWWWWWPDWPPWWP
300 57866630
400 60 47 18 WPPPWWWPPPWWPWWWPDPWPWWPPWWWPPWWWWPPWPWPWPWWPWWWWW
200 986969087 37 99 WWWWPPWPWPWWPPWWPPWWPPPPPPWWPWPWWWPPDPPPPPPPPWWWPP
400 49 94 27 PPWPPWPWWPPWPPPWPPWPPPPWWWPPWWDWWWPPPPPWPPPPWWWWWP
200 155210827 54 1 PPWWWPWPPPWWWWWWWPPWWWPWWPWPWWPPWWPWWPWPPDPWPPPWPP
200 99762881 47 64 WWWPPPPWPPWWWDWPPPPWPPWPWPWPWPWWPWWWPPWPWPWPWPWPPW
200 222299310 54 50 WWWWPPWWPPWWPWWPPWPPWPPWWWPPPWPWPWPWPWWPPWDWWWWWWW
200 206152084 41 52 WWPWPWWWWWPPWWPPWDWWWWPPPPPWPWPPWWPWPWPWWPWWWPWPWW
200 358972694 41 59 WWPPWPWPWPWPPWPPPPWPWWPPPPPWWPDWWPWWPPPPPPWWPWWPPW
200 635997961 57 62 WPPWWPWWWPWPPPWPWWPPPWPPPWPWPWPPPPPPWDWWWPPPPWWPWW
200 282511653 78 98 PPWPWWPPPPPPWPPWPPPWWWPPDPWWWWWWWPWWPPWPPPWWWPPWPW
400 6 28 20 WWWPPWPPPWPPPPWPPPPWDPPPWWPWWPPWPPPWPPPWWPWPPPWWWP
300 762191893
400 16 18 23 PWPPWPPPDWWPWPWWWWWWPWWWPWPPWPPPPWWWWPWWPPPPPWPWPP
400 59 66 1 WPPWWPWWWDWWPWPPWWWWPPWPPWPPWWWWPPPPPWPWWWPPPPWWWP
200 69097567 91 7 PPWPPDPWPWPWWPWWWPPWPPPWWPWWPPPPWWWWWWPWWWWPWPPPPW
200 913384553 99 17 PWPWWDWWWWWPWPPWPPWPWWWWPPWPPWWPPWPWWPWPWPPPWPPPWW
200 717426320 66 48 PWWWPPWWWPWDPPWWPPPPWWPWWWPPPPWWWWPWPWPPPPPWWPPWPW
200 235410234 77 66 PPPWPWWPWPWWWDPPPWWWPPPWPWPWPPWWPWWWWWWPPPWWWWPWWP
200 436204665 20 78 PPPWPPWPPWWPDWPPWPPWWWWWPPPWWWWPWWWPPWPPPPWPWWWWPW
400 14 95 44 PWPWWPPWWPWPPWDWPWPPPWWWPWWPPWPPWPPWPWPPPWWPWWWPPW
400 28 35 23 PWWPPWWWWPWPPPPWPPPPPWPPWPWWPWPPWWDWWPWPWWPPWWWPWP
200 613638859 90 67 PWPPWWPWPWPPPPPWPPWWPPPWWPWWWPWWWPPPPWPDWWPPWWWPWP
200 644213888 32 63 WPPPDWPWPWPPWWPWPPWWWPPPPPPWWPPPWPPWWWPWPWWPPPWPWW
200 834142394 78 49 PPWWWPPWWPPWPPWWWDWPPPWPWPPPPPWPWPPWPPWPPPWPWPPWPP
200 122655328 24 9 PPPWPPWWPPPPPPWWPPPWPWDPWPWPPWPWPWPWWWWWPWWPPPWPWP
200 556071726 37 59 WPPPPWWPPWPPWWPPWPWWWPWPWWPPPPWPWPPPPWDPWWWPWPWPPP
200 500202451 66 29 WPWPDWWPWWWPPPPPPWWPWPPWPPPWWWWPPWWWWPWPPPWPPWPWWW
200 483913839 34 61 WPPPPWWWWPDPWWWWWPWWPWWPPWPPWPPPPPPPPPPPWPPPPPWWPW
400 35 6 37 PWWPPWWPPPWPWWPPWPPWPPPPPPWPWPPWWWWWWPPWDWWWPPWPWP
200 981925290 36 5 PWWPWPWWPWWWPPWPPWPDWPPWPPWPWWPPPPPWWPPWPWPPPPWPPP
200 750683244 55 38 DWPWWWWPPWWWWWWPPPPWWWPWWPPWWPPPPWWPPPPPPWPWPWWPPW
200 608462060 39 87 WWPPPPWWWWPWPDWPPPWPWPWPWPPPWWWWWWPPWWPWPPWPPPWPPW
200 769439571 61 37 PWPWWPWPPWDPWPWPPWWWPPPPPWPWWWWWWPWWWPWPWWPWPWPWPP
200 56743601 23 14 WWWWWWWWWWWWPPPWWWPPPPWPWPPWWPPPWWPWDWWPWWWPPPPPPW
200 139725295 18 98 WWWPPWWWWPWPWWWPPDPPPWWPPWPWWWWPPPPPWWPPPPWPWWPWWP
300 357234875
300 38724793
200 694558587 81 43 WPPWPPPWWWPPPWWPWPPPPWPWWPWWWPWWPWPWWWPDPPPPPWWPPW
300 587097075
200 391617275 50 60 WWPWPWWDWPWPPPWPWPPPWPWWPWWWPWPWPWWWWWPPPPPWWPWWWP
200 10890137 33 90 WPPWPWPPPWWPWWWWWWWPWWDWPWPWWWPWWPWPWWPWWWWWPWWPPW
400 68 84 1 WPWWWWPPPWWPPPWWDWPPWWPPPPPPWPWWPWPPPPPWWPWWPWPPPW
200 575939266 33 45 WWPWWPDWWPPWWPWPPWPPWWWWWWPPWPPPPPWWPPWPWPWPPPPWPW
200 706322957 85 3 PWWPPWWWPWWWPDPWWWWWWWPWWPWWWPWWWPPWPWWPWPPWWPWWWW
400 82 47 22 WPWWWWPWPPPPPPPWPWPPPWPPWPWDWWWWWWWWWPPPWPPPWWWWWW
200 977363662 98 55 WPPPPPPPWWPPWPPWWPPPPWPWWPWPPWWWPWWPWWWPPWPWWWPDPW
200 874841867 66 63 PWPPWPWWWPPWPWWWWPPPWPPPPWWPPWWWWPPPWDPPPWWWPWPWPW
300 167328779
400 70 45 25 WWWPWWWWWWWDWPPWPPWWWPWWPWWPPPWPWPPPWPWPWPPWWPPPPW
200 905983036 38 86 PPWPPWWDPPWWPWWWPWWWWWWWPPPWPPPPWPWWWPWWPWWWWWWPPP
200 26590024 48 29 PWWWWWPPPWWPWWPPPPWWPWWDPWPWPPPWWPPWPPPWWWWWPWWPWW
200 671920286 14 46 WWPDWPWPWWPWPPWPWPPPPPPPPPPPPWWWPWWWWPWPWPWWWPPWPW
300 979313693
400 56 30 26 PPPPWWWWWPWPWDWWWPWPPPPWPPWPPWPPPWWWPWPWPWPPPPWPWP
300 872310432
200 614214057 31 26 PPPWPWPWWPWWWPPWWWPPPPPPPDPPWPPPWWWPPWWWPWPWWWWPWP
200 588548100 22 38 PWPPPWPPPWWWWPWWPPWWPPWPPWWPWWPPWPPWWPPPPPWPPPDPPP
300 153508127
300 397934771
200 100505823 88 57 PPPPPWWPWWWPWPWPWPPWWWPPWWWWDWWWPPPWWPPWWPWPPWPPWW
300 51792179
400 43 41 26 PPPPWPPPWPPPWWWPPWPWWWWDPWWWWWWPWPWWWWPPWPWWWPWWPW
300 879188407
400 80 9 25 PWPPWWPPPWPPPWPPDWPPWWPPPWWPWPPWPPWWPWPPWPPPPPWPPP
200 427989591 5 76 PWPWWWPWWWPWPWWPPWWPWDWWWWWPPWWPWPWWPWWWPWPPPWPPWW
200 803394907 100 67 PWWPWWWWPPPPPDPPPPPPPPPPPPPWWPPWPPWWPWPWPPPPPPPPWW
200 908681830 31 99 PWWPWPWWWWPWWPWPPWWWPWPWWPPPDWWWPWPPPPPPPPPPPWPWWP
400 15 16 23 WWPPPWWWPWPWWWWWPDWWPPPWPPWPWPWPWWPWPPWWWWWWPPPPWP
400 8 49 25 WWPPPPWPPPPPWPWPWPPWPPPPPWPWWWPPWWPPPWWPWPDWPPWWWP
400 12 35 23 WWPWPWWWWWPPWWWPWWPPWPPPWWPWWPWWPPPPPWWWWWWWWWPWWD
300 466001443
300 691050444
200 5438788 63 86 WWWPWWWWDWPPWPPPWPWPPPWWPPPPWPPWPWPWWWWPPWPWWWWPPP
200 907769623 60 93 PWPPPWPWWPPPPPPPWPWWWPWPPWWPPWWWWWWPWWPWPWWWDWWPPW
300 247344441
200 239187425 16 33 PWPPPPPPWPPWPPPPWWWDWWPWWWPPPWPPWPPPPWWPPPPWWPWWWW
400 17 7 23 WWPWWPPWPPWPPPWPWPWWPPPPPWWWWWWWPWWWWPWPWPPPWPPDWW
400 79 62 43 WWWWPWPPWPPWWWPPWPPWWPPWPPWPPPWWWWWPPWPDPPPPPPPWPP
200 175712215 100 17 WWPPPPPWWWWWWPPPPWWPPPWPPPWPPWWWPPWWPWWPDWPWPPWPWP
200 739522494 18 60 PPWPPWWPWWWWWWWPPPWWPPPPWPPPWPDWWWPPPWPWWWWPWWPPWW
300 924025809
200 512116569 56 8 PPPPWPPPPWPWWPPWPPWPWWWWWPPPWWWPWPWPWWPPPPWWWDWWWP
200 216907116 92 85 PPPPPWPPPDPPWWPWPWWPPPWPPPPWWPPPPWPWPWWPWWPPWPWWPW
200 479977863 4 45 WPWPPPPWPPPWWWWPPPWPWPPPPPWWPWPWPPPPWPPPDWPPWWPWWP
200 694162038 98 13 PPWWWPWWPPWPPPPPPPPWWWPPPWDPPPWWWWWPPPWWPWPPWWWPPP
200 429627202 48 47 PPWWPWPPWWWDWWWPPPWPPWWPWPPWPWWPWWWPPWPPWPWPWPWPPP
200 822776260 66 8 WWWPWPPPPWWPPWPWPWPPWPPWWPWPPDPPPPWWPPPWPWWWPPPWPW
200 35634647 22 35 PWPPWPPWWPWWWPPWWPPPWWPPWWDWPWWPPWPPWWPPWWPWPWPWWW
400 19 62 45 WPWWWWWPWWWPWWWPWWPWPWPWPPWDWPWPWWPWWWPPWPPPPWPPWW
200 110755194 62 26 WWPPWPWWWWWPWWWWPPPWWWPPPPWWPWDWWPWPPWPPWPWWPPPPPW
200 179673314 76 68 PPWPPPPWPWPPWPPPPWWWPWPWWWPWPWWPDWWPPWPPPWWPPPPPWW
200 988698147 78 92 WPPWWWWPWPPPPPWPPWPWWWPWPDPWPPPWPWWWPPWWPWWWWWPPWW
200 985735138 26 20 PWPWPPWWPPPPWWPPWPWWPWPPWPPWPWDPWPPWPPWPPWPWWPPWPW
400 26 50 45 PWWWPWPWWWWPWWWPWWWPPWPWWPPPWPPWPWPPWPPWPWDWPWPWPW
200 752917655 21 52 WWWWPWWWWWPPWWPPPWWWWPWWWPPWPWPPPPPWWPPPPWPPWWWWWD
200 840935990 100 53 PWPPWPWWPPWWPWWPPPPDWPWWWPPPPWWWWWWPWWPPWWWPPWPWWW
200 173444556 69 66 WPPWWWPPWWWPPPPWWPPPWWWWWPPPWWWPWWWPPWPWWWWWPWDPPW
400 78 19 24 PWPWPWWWPPPPPPWWWPWWPWWWPPPWPPWWDPPPWPPWWWWWPWPPPW
300 739230115
200 13834328 35 13 PPPWPWPWWWWWPWWWWDPPWWWPPPPPPWWWPWWWPWWWPWPPPWPWPP
200 311968928 59 49 PWWPPWWWPPWPPWPPPPWPPWWWWWWPWPPPWPPWDWWWPWPPWWPPPW
200 624545582 26 32 DPPPWWWPWWWWWWWWPWPWPWPPWWPWWPPPPWWPWWPWPWPWWPWWWP
200 956796258 1 90 PWWWPPWPWWPPWPPWPPWWWWWPWPPPWPPWPPWWDPPPPWWWWPPWPW
200 484381735 83 24 WWWWWWPPWPPWPWWPPWWPWWPPWWPWWWPWWWWWWWPPDPPWPWWPPP
200 276507591 51 31 WPWPWPWWPWWPWPWWWPPPPWPWWPPWWWPWWWWDPPWPWWPPWWWPPW
200 104058108 22 2 WWPWWPWPWWPPPWWPWPPPPPWWPWWPWPPPWWPWWPPWWWWPPDPWWW
400 87 58 47 PWPPWWPWPWWWWWWWWWPWPPPDPWWWPPPPPWWPWWWPPPPPWWWWPW
300 929941300
200 479661899 60 77 WPPPWWWPPPPWWWPWPWWPWWWWWWWWPPWPPWPWPWWWPPDPWWPWWW
200 626908320 78 99 WWPWWWPWPWPPWPPPWWPPPPPPPPWWWWWWWWWPWWWPWWWWPPDPPW
200 827921317 43 24 PWWWWWWPWPPPPPWWWPPWDPWWWPWPWWPWPPWPPWPWWWPWWPPWPP
200 158994208 28 82 WPPWPPPPWPWWWWPWPWWPWPWWPPPWWPPPWPWWPWPDPPPPWWWPPW
200 789053199 61 44 PPPPWPWPWWWWPWPPPWPWWWPPPWPPWPPPWPWPPPPWPWPPDWPPPW
200 354828648 56 60 PWPWDWWWPWWPPWPWPPPWPPPWWPPPWPWPPWWPWPPWWWWPPPPPWP
200 527475061 50 35 PWPWPWWWPPWPPPWPPWPPWWWWPWWWPPPWDPWWPPWWWPWPPPWPPW
400 74 11 43 PPWPWWPWPWPPWPWWWWPPWPPPWPPWWPWPPPPWWPPDPPWPPWPPWP
200 503144158 14 70 PWWPWPPWWWWWPWPWPWPPPPPPWWWWWWDPWWWPPPWPWPWPWWWPWW
300 867054065
200 70590149 8 74 PWWWWPWPWPWWPPWWWPWWWPWWPPWDPPPPWWPWWPPPPPPPWWPPPP
200 266881389 71 1 PPPWPWWPWWPWPPPPPPDPPWPWWWPPPPWWPWPWPPPPPWPPWWWWPW
200 78289886 35 67 PPWWPPWPPPWWPWPDPPPWPPPWPPWPPPWPWPWPPPPWWWWWPPPWPP
200 105463795 4 47 WPPWDWPWWPWPWWWWWWPWWWWWWPWPWWWWPPWPWWWPPWPPPPPPPW
400 42 44 42 WWPPWWWWPPWWPWWPWPWPWWPWWPWPPPPPPWWWPWPPWWDWWPWWPP
300 614214057
200 123341535 2 44 PWWPWPPWPWPPWWPPDWWWPWWPPPPPPPWWPWPWPPWPPPPPPWWPWP
200 739087615 10 26 PWPWPWPPPPWPPWWPPPPPWWWWPPPWWWPPPPWDPPWPPPWPWPWPWP
200 866061239 68 90 PPWPWPWWPPPWWWWWWDWWPPPPWPWWPPPPPWPPPWPWPPWWPPPPPP
400 21 100 26 PWPWPPWPWWPPWPWPWWWPWPWPWWPWPWPDPPPPWWWWPPPWPWWWPP
400 45 49 25 PPWPWWWWWPWWWWWWPPPPWPPWDPPPWPPWPWWWWWWPPWWPPPWPWW
400 85 90 22 PWWPWPWPPWPWPWPPWPWPWDPPPPPPPPWWPPPWPWPPWWWPWPPWWW
200 998286698 59 88 WWPPWWWWPPWPWWWPWDWPPWPPWPWPPWPWWPPPWPPPPPPPWWWPWW
200 28345130 14 19 PPWPPPWWPWPPWWWWWPWPPWPWWPWWWWPWPWWDPWPPPPWPWWWPPP
200 584133580 48 89 PWPWPPWPDWPWPWPWWPWWWWPWWPWPWWWWPWWWPWPPPPPPPWWWWW
200 400285443 80 34 WWWWPPPWWPWPPWPWPWWPPWWWWWWPWPWPPWPPWPPPWWDWWPPPWW
400 94 55 1 PWWWWPWWPPWPWPPPPPWWPWPWWWWWWWWWPWWWPWPWPPPWPPDWPW
200 173923038 7 11 WWPWWWDWPWWPWPWWWWPWWWWWPWWPWWPPPWWPPWWWWPPPPWWPWW
200 786053466 32 3 WWWPWPPPPWWWWWPWWPWWPWPPWWPPPPPWWWPPWPWWWWPWPWWWDW
200 831156200 79 14 PPWPWWPWWPWPPPPWWPWWPPWPPWPWPWDWPWWPWPWPWPWWWWPPWP
400 77 23 26 PWPWWPPWWDWPPPWWWWWPWWWPPWWPPPWWWWPWPPPPWPPWPWWPWW
200 466154560 31 100 PPPPWWPWPPWWWWPWWPPDWPPPWWWPWPWPPPPWPPWPPPWPWPPWPW
200 221977710 59 32 WWPWWWPWWWPWPWPPPPWWPPPPWPWWWPWDPPPPPPWPPPPWPPWPPW
400 20 1 1 WPWPWPWPWPPPWPWPWPPPDWPPWWWWWWPWWPPWWWPPPWWPWWWWWW
300 16039588
200 707390229 40 53 WWWPWWWWPWPWPPWPPPPWPPPPPPWWPWWWWPWWWDPWPWPPWWPWWW
200 33972276 55 2 WPWWWPWPWWWWPPWPWPPWWPPPPPWWWPWPWPWWPPWPPPDPPWWWPW
200 801346546 35 9 WPPPWPPPPWPWPWPDPPPWPPPWPPWPPWPWPPWWPPPPWPPWWWPWPP
200 526988312 48 56 PWWPPPPWPWWWWWWWPWPWWPPWPPPWPPPPPWPWPPWPPDPPPWWWWW
300 855447237
200 733926107 18 57 WWWWPPPPWPPPDWWPPPWWPPPWWPPWPWPWWPWWPPWWWPPPPPWWWW
200 880844814 14 71 PPWPPPWWWWWPWPWPWPPPWWWWDWWPWPPWPPPPPPWWPPPWPPPPWP
200 622727164 16 61 PPPDPWPWPWWPPPWWWPPPWPWPPWPPPWWWPPPPPWWPPWWPPWPPWP
200 120570025 91 55 WDWPPWWPWPPPWWPPPWPWWPPWWWPPPPWPWPPPPPWPWPPPPPWWWP
200 293613498 99 34 PWWWWPPWPPPPWWWPPPPPWPPPPWPDWWPWWPPWWWWPWWPWWPPPWW
200 497909705 70 63 WWDPWWWWWPPPPWPWPWPPWPWWPWWPPWPWWWPPPWPPWPPPPWWWWP
200 539258249 60 31 WPWDWWWWWWPPPWWWPPPPWWPWPPPPPWPWPWWPWPPWPWPWWPWWPW
200 419723740 32 46 PPWWPWPWPPWPWPPPWWWPWPPWWWWWWPWWWDPWWPWWWWPPPPPWWW
200 487864941 37 48 WPPPPPPWPDWWPWPWWPPPWWPPPPPWWPPWWPPWWPWWWPWWWWWWWP
200 1345347 23 45 WWPPWPPWPPPWPWWWPWWWPWPWWWWPWPPWWPWPWWPPPPPWWWWWDP
300 739062102
200 771932521 44 37 PWPPPWPPWPWPPWPPWWPWPPWPWWWPPPWWPPPPPPPWDWWPWWWPWW
300 556071726
200 872626703 45 87 WPPPWWPWWPWWPWWPWPPPPPPDPWWPWWPPPWWWPWPPPWPWWPWPWW
200 154238066 58 100 DWPPWPPWWWWWWWWWWPPPPPWWWPWWPPPWWPWWWWWWWWWWPWPPWW
400 65 7 23 PWPWPWWWDPPPWPWWWWWWPWWPPPPWPWWWWWWPPWWPPPWPPPWWWW
200 784095768 78 86 WWWWPWWWPPPPWWWPWPPPWPPWPPPPWPPPPDPWWPPWPWPPWPPWWW
400 10 83 27 PPPPPPWPPWPPWWPWPPWWWPWPPPWWPWPWPDWPWPWWWWPPWWWPPW
200 32619318 98 59 PPPWPWPWWPPPWWWWPWWPPPWWWPWWWWPWWDWWPPWWPPPWWPPPPW
400 50 16 26 WPWWWPWPWWPWWWPWWPPWWWWPWWWWWWWPWWPWWWPPPPDWPPPPPP
200 821826847 64 68 WWPPWPPWPPWPWWPWPPPWWPWWWPWWPWPPPWPWPPWWPDPWPPWWWW
200 501594496 55 86 WWPWWPWWWWPPWWWPDWWPWPPWWPWWPPPPWWPPWWWWPWWPWWPWWW
400 63 88 44 WPDPPWPPPPPWPPWPPWWPWWPPPWWWPWWPWPWWPWPWWPWWPWWWWW
200 182987550 41 33 WPPPPWWWPWPWPWWPPWPPPDWWPWWPPWPPPPPPWWWWWWPPWPPPPW
300 973432345
400 50 93 1 PWWWPPWWWPWPDPPPWPPWWPPPPWPPPPPPPPWWPWWPPWPPWWWWPW
200 300667791 70 94 WPWWDWWPPPWPPWWWPWPPWWPPWWWWWPWWPWPPWPPPWWWWPWPPWP
200 908357524 19 88 WWWPPPWWWWPWPWWPPPWWPPWDPPWPWWPPWWWWWPPPPWWWPPPPPW
200 544729350 80 51 PWPPPWPPPWPWPWPWPPWPWWWWWPPWDPWWWWPPPWWWWWWPWWWWWP
400 81 63 25 PWPWWPPWPPWPWPWWDPPPWWWPPPWPWPWPPPPPPPPWPPWPWWPPWW
200 803755259 2 81 WWWPPPWPPWPPPPWWPPPPPPPWWPPPWDPPPWPWPWWWPPPPWPWPWP
200 252039444 79 77 PPPWPWWPPPWWWPWWPPWDPWPWWPWWPPWPWWWWPPPWPPPWPWWPWW
200 436805129 94 21 WWWPWWPPPPWPPWPPPWPWWPPPWWPWPPPWWPWPPDPPWWPWWWPWWP
300 240642604
200 409635504 90 22 PWPPWPWWWPPPWPPWPWPWWPPPWDPWWPPWPWPWPPPWPWPWWWPWPW
400 69 60 1 WWWPPWWWPWWWWWWPWWPPWWPWPWPWWWWPWWWDPWPWWPPWPWWWPP
400 39 51 18 WPPWPPPWWWPPPWPWWPPPWWWPWPPDPPWWPWPPPPPPPPWPWPPPPP
200 427709147 98 85 PPPPWWPWPPPDWWPWWWWPPPPWPWWWPPPWPWPWWPPPPPWPWWPWPP
200 29857749 53 35 WWWPWWPPPPPWWPPWPPPPPWWPPWWPPPWPDPWPWWPWWPPWWWPWWW
200 557365596 88 10 WPWWDPWPPPPPPWPPPWWPWPPWWPWPWWWWPPPPWPPPWWPWPWWWPW
200 461769575 78 59 PPWPWWWPPWPWPWWWWWWPWPPPPWWWWPPPWWWWPWWPWPDWPPPPWW
200 992816237 67 38 PWWWWDPPWWPWPPWWWWPWWWPWPWPPWPWPPPWPPWWPPPWPPPPPPP
200 845855010 74 83 WPWPWPPWWWPPWPPWDWWPWWPPPWWPPWWWPWPWWPWPPWPPPPPWPW
200 49206827 35 39 PWPPWWWWPDPPPWPPPPPPPWWPPWPWPWPWPPWPWPWPWPPPWPWWPP
400 43 20 1 WPPWWWPPPPPWDPPWWPWWWPWWPWWWPWWWPWPWPWPPPWPWPWWPWP
200 228480712 42 41 PPPWWWPWWWWPWPWWWWPPPPWWPWWWWDWWPWWWWWPWWWPPWPWPWW
400 91 47 24 PPWWPPWWPPPPWWPPPPPWPWDWWWWPPPWWWPPWWWPWWPPPWPWPPW
400 88 25 20 WPPWPWPPWPPPPWWWDPWPWPPWPPWPWWWPPWPWWPPWPWWPWWWWPP
400 57 88 1 WPWWPWWWPPPPPPWPWPWWPPPPPPWWWPPWWWPWDPPPPPWPWPPWPW
300 707390229
200 504262119 6 46 PWWPWWWPPPPWPPPWDWWWWPPWWWPWPPPPWWPPPPWPPWPWWPPWPW
200 805036632 8 44 PPWPWWPWPDPPPPPPPPWWPPPWPPWPWPPPWWPPWWWWPPPWWWWPPP
200 160695270 18 75 WWWWPPPWPWWPPWWPWPPPWWPPWWWPWPPPWWWWWPWPPDWPPPWWPW
200 604855385 89 39 PWPWPPPWWWWPWWPWWWDPPWWPWWPWWPWWPPWWPWPWPWWWPWWWPW
200 732964400 82 52 WPWPWPWWDWWWPPWWWWWWWWPPWPPWPWPWWPWWWWPWPPPWPWWWWP
200 387803251 80 46 WPWWWWWPWWPPWPPWPPWPWPWWWWPWWWPWPWWWPWPPWPPPWDPPWP
200 213215694 28 23 WWWPPWPPWWPPWPWWPPWPPPWPWPWPWWPWPWWWDWPPWPWPWPPWPP
400 43 49 23 PWPPPPWPPPPPPWPPWPPWDWWWWPPWPPPWWPPPWWWWPPWPWWPWPP
200 798753880 59 94 WPPWPWPPPPPPPWWPWWPPPWPWWWWPWWWWWWWDPWWPPPPWWWWWWW
400 100 16 42 WPPWPPWWPPWWPWPPPPDWPWWWWWWWPPWWPWWWWPWPPPPWPPWWWW
200 362135559 56 15 PPWPWWWWWPPWWPDWWWPPWWPWPPWWWWWPWPWWPWWPPPPWWWWPWP
400 76 56 25 PPWWWDWWWWPPWWPWWPWWWPWPPPPPWWPWPWPWPPWWWWPPWPPPWW
200 437461156 8 72 PWPWWWWWPWPPPPWWWWPPWPWPWPPPPPPPPDWWWPWWWWWWPWWWPW
400 73 80 1 PPPWPPPPPPDPWPPPPWWPPWPPPPWWWPWPWPWWPWPPPPWPWWPWWP
200 208903014 44 97 WWWWWWWWWWWPPWWPPPPPPWWPPPWDPPPWWPWPPWWPPWWWPPPWPW
300 417341864
300 55884834
200 365721767 12 50 PWWWWPWPPPPPPWPWWWWWPWWPWPWWPPWWPWWPWDWPWPPPPWWWPP
200 257287803 27 78 WPPWPWPWWWPPWWPPPWPWWPWWPPPWPPWWPPWWPWWWWWPPPWWWDW
200 525127427 61 65 WPWWWWWWPWPPWWWWWPWWPPPWWPWPPWWWPWWPDPWWWPPPPPPPPW
200 557536500 5 65 PWDWPWPWWWPWPWWPWWPPPPWPPPWPPWPWPWPWPPPWPPWWPWWPPP
200 989853744 92 88 WWPPWPPWWWPPWPWPWPWPPPPWWPPWWPWWWWPWWPPPWPWWPPDPWW
200 59006632 81 15 WPWPWWPPWWPWPWWWWWPPPPPPPWPDPPPPPWPWPPWWWWPPPPWPWP
200 569385415 37 13 PPWWPWDPPWPPWWWWPWWPPPWWPWPPWWWWWWWPWWWPPWWWPWWWPP
300 281441670
200 37822348 44 31 WPPWWPWWPWPWWPPWWWPWWWWWPWWPWWWPPPWWPWWPPWDPPPPWPW
200 321552287 99 61 PWWDPWPWWWWWPPPWPPWPWPPWWWPWPPPPWWPPWWWWWWPWWWPPWW
200 379951641 55 44 DPPPWPWWWWWWPPPWPPWPWWPWWPWPPPPPPWWWWWWPWPPPPWPPPP
200 27369545 45 82 PWPWWWWWWPPWWWPPWPWPPPWWPWPWPPWPWPDWWPWPPPWPPWPPWP
200 430323606 51 62 PWWPWPWPPPWPWPPPPPWPWWPWPPPWWWPPPWWPPWWDWWPPPPPWPP
200 267813590 37 62 WPPWPPWPWPWPDWWWPWWPWPPPPPPPPWPPPPPPPWWPPPPPPPPPWP
200 484999403 19 47 PPPPWWWPPWWWPPWPWWWPPPPWWPWWWDWPPWPPWPPWPWPPPPPWWW
200 536403216 70 10 WPWPPWPWPWDPPWWPPWPWPPPPWPPPPPPPWPPWWPWWWWWPPWWPWP
200 240567676 47 41 WWWPPWWPWPPWWWWWPPWWPPWWWPPWPPDPPPPWWWWWWWWPWPPWWW
200 119860329 60 78 PPPWWPWWPPWWPWWPWPPPPWWPWWPPPPPPWPWPWWWPDPPPWPWPPP
400 72 36 41 PPWPDWPPWWPWPPPWPPWWWWWWWWPWWWWPPWPWPPWWPPPWPWPPPW
400 12 19 32 PPWWPWPPPPWPPWPWWPPDWWWWPWWWPPPPPWWPPWWWWWPWPPPWWW
200 446659066 82 19 WWWWPWPWWWWPPPPWPWWPWPWPPWWWWWWWWPPWWPPPPPPPDWPWPW
400 50 35 1 WPPWPPPPPPPPPWWWWPWWPPPWWPWPWWWPPWWWWPDPPPWWPPPPWW
200 930461295 74 59 WPWWPWWWWPWWPPWPWPWPWPWWPWWPWPPPPPPPWWPPWPWPWWWPDW
200 831865944 99 42 PWWPPPDWWPWPPWWWPPPPPWPWPPWPPWWPPPPPWWPPPWPWPPPWPW
200 927412881 58 48 WPPPWPWWPWPPWPWPWWPPPPWWWPWPPWWPWWWWPWWPWPPDPPPPWW
200 2050163 7 72 DWWPWPWWPWWWPWWWWWPPPPWPPPPWWPWPPWWWWWPWWPWWPWPWPW
400 88 96 42 DPWWWPWWWPPWWPWPWWWPPWWPWWPWWWPPPPWPPPWPPPWWPPWWWP
200 485120580 49 55 PPWPPPPWWWWWWWPPPPWPWWWWWPPPPWWPDPPWPPPPWPPPWWWPWW
400 78 34 21 WDPPWWPWWWPWPWPWWWWPPPWPWWPWPWPWPWWPPPPPPWPPWWPWWP
200 946599785 87 11 PWPPWWPWPWPWPWPPWPWPPDPWWPWPPWWWWWWWWWPWPWPWPPPWPP
200 915248065 68 65 WWWDPWPPWPWPPWPPWWWWWPWPWPWPWPPWPWWWPPPPWWWPWWWWWW
200 934557026 64 6 WPPPPWPPPPWPWPWWWPWPPPPPPPPWWDPWPWWPPWPWWWWWPPWPWP
200 887059184 38 50 WWWWWWPDWPWWPPWWPPWWPWWWPWPWWPPPPWWWPWPWWWWWWWPWWW
200 381919297 17 43 PPPPWWPWPWWPWPWWWWPPPWPWWDWPPPWPWPPPWWWWWPPWPPPWPP
200 969686760 85 50 WWWWPWPPWPPPDWWPPPPWWWWPWWPWPPWPWPWPWWPPPWWPWPWWPP
400 44 6 24 PPPWWPPPWWWWWWWPDWWPWWWWWPWWPWPPWWPPPPPPWPWPWWPWPW
200 312360396 45 93 WWWWWWPWPPWWPPPWPPWWWPWWWWPPPWPWPDWWPWPWPPWPWWWWPP
200 29650742 79 31 PPDWPPPPWWPWPPPWWPWPWWPWPWWPWPWWPWPPWWPWWWWPWPWPWW
200 169751754 69 40 PPWPPDWPPWPWPPWPPPWPWWWWWWWPPWPWPWPPPWPWPWPPWWPPPP
200 685258325 83 80 PPPWPWPWWWPWWWWWWPWWWWPPWPWWPWPWPPPWWWPPWPWPPPWWDW
200 831380280 90 36 WPWPWPWPPPPWWPDWWPWPWPPPWWPWWWWPPWPWPPPPPPPPPPPWPW
400 94 43 42 PPPPPWWPWWPPPPWWWPPWWDWPPPWPWPPPPWPPPWWPPWPPPPWWWW
200 195391514 25 65 PPWWPPWPWWWPPPPWPWWWWWWPPPPPWPWPPPPPPPPDWPWWPWPWPP
200 1289162 100 98 WWPPWPPPPWPPWPPPWWPWWPPPPWWWWPDWPWPWPWPPPPWWWWWWWP
300 501249202
200 37461124 81 69 WPWWPPWPPWPWPPPPWPPWPPWPWWPWPPPPWWPWPPPPWDPPPPPWPP
300 874841867
400 43 24 1 PWWWWWWWWPPWPPWWWPWPDWPPWPPPWPPPPWWPPPPWPPPPWWWPWP
300 72193558
300 900848843
200 391551232 45 91 WWWWPPPPPWWWWPWPPWWPPWPPWWPWPWWWPPWDWWPPPWWWWWWWWW
200 566493900 53 79 WWPWWPWWWPWWPWWWWWPWWPPWPPPWPPPWWPPWPWWPWWDWPWPWPP
200 646589898 45 96 DPPWWWPWPWWWPPPWWWPPPPPPPPWWWPWWWWPWPWWPWWWPWWWPPW
200 304050919 80 82 WPWWWPWWWWWWPPPWPWWWWWWWWWWWPPPWPPWWPWPPWWDWWWWPPW
200 841239224 89 61 WWPWPPWPPPWWPPWWPPWWPPWWWWWPWWPPPWWWPPWPPWWWWWDPPP
300 584133580
200 183971877 67 87 WWWWWPPPPWPDWPPPPPWWPPWWPWPPWWPWPPPWPWPPPWPPPPPPWW
300 602901653
200 15572229 13 65 WWWPPWWPWPPWWPWPPWWPWPPPWPWPWDPPPPPWPWPPWWPPWWPPWP
400 92 94 25 PPPWWWWWWWPWPPPPWPPWWWPPWWDWPWWWPPWWWWWPPWPWWWWPWW
200 344191218 89 34 PWPPPWWPWPPWWWDWPWWPPWPWPPPWWPPWWWWPPWPPWWWWWPWWPW
200 566832409 39 88 PPWPWPPWWWWPPWPWWWWWPPPWDWWPPWPWPPWWPPPPPWWWWPWWPP
200 322699846 57 43 DWWWWWPPWWWPWWWPPPWWPWWPPPPPWWWWWWWWWPWWPWPPPPPPPP
200 256611398 69 12 PPPPWWPPPWWPPWPWPWWPWWWPWWDPPWPPPWPWPPPWWWPWPWWWPP
300 228480712
400 63 96 29 WPWPPPPWWPPPWWWPPPPWPPWWPWWWPDWPPPPPPWWWPWPWWPPWWW
200 237759729 44 45 PWPPWWWWWWWPWPWPPPPPWWPWPPWPWPWPWWPWPPPPDPPPPWWPWP
200 254314492 75 80 WWPWWPPPWPPWPPDPWWWPWWWWPWPWPWWPPWPWWPWPWPPWWPPWWP
200 96328358 75 6 WWPPPPWWPPPWPWPWWWWPWPPPPWPWWPWDWPPPPWWWPWPPWPPWPP
200 688238647 66 14 WWWPPWPWWPPPPPWWPWPPWWPWPWPPPDWWPWWPPWPPPWWPWWWPWP
200 32961509 91 66 PWPPWPPWWWWWWPWWPWPWDWWWPPWWPWWPWPPWWWWWPPWWPPPPPP
200 55205282 56 38 PPPWPPWWPWWWPPWWWPPWWDWWWPPPPPWPPPWWWWPWWWPWPWWWPW
200 795011045 90 81 PPPWWWWPWPWPPWPWWWWWPPPWWWPPWPWPWPPPWWPPWPPPDPWWWP
200 738027002 95 61 PPWPWWPPWPPWPWPWPWPWPWPWPWPWPPPPWPWWPPPPPPPDWPPPWW
400 52 60 44 PPWPPPPWPWPWWWWPPWPPPPWWPWWPWPPPDWPPPPPWPWWWPPPPWW
200 214397463 85 34 PWPPPPWWPPWPWWPPPWWWPWPPPWWWPDWPPPPPWPPWWPPPPPPPWW
300 338601756
200 45818802 29 87 PPPPWPWWPWPPPWPPWWWPPPPWWWWWPPPPWWPWWPWPPWPPDWWPPP
400 34 97 1 WWWPPPWWPWPWWWPPWWPPPPWWPPPWWPWPWPWWDWWWWWWPPWWWWP
200 43645719 4 54 WPWWPPDPPWPPWWWWPPWWPWPWPWPWWPPPWWWWWPPPWWPWPPWWPP
400 80 55 24 WWWPPWDPWWWWPPPPPWPPWPWWWPPWPWPPPPPWPPPWPWWWWPPWPW
300 724204243
200 537455579 47 91 WPPPWWPWPWPDWPWPWWPWWPPWPWWPWPWWWPPWWWWWWPWPWPPPPW
200 589772341 42 97 PPPPPWWWPPPWPWPPPWWWPWPPWWWWPWWWWDWPPPPPPPPPPWPWPP
400 74 31 42 WWPPWPPPPPPWWPPWWPWPWPPWPWPPPDWWPPWPWPPWPPWWWWWWWP
300 5438788
200 263056163 69 3 WPWWWDPPWPPPWPWWWPPPWWWPWPPWWWPPWPPPWPPWPPWPPWPWPW
400 37 99 1 PPPPPWWWPWPWPWPPPPPPWWPWPWPWPWPPWWPPDWPWPWPWWPWWWP
200 501598309 89 78 WPPPPPPPWWPPPWWWWWPPDPWPPWWWPPWPPPWWPWWWWWWPPWPPWP
200 115163335 37 55 WPPWPWWWPWPWPPPPPWPWPDWWPWWPPWPWWWPWPWPWWWPWPPWPWW
200 67980979 72 10 PWWPWPWWPWPWPPWWWWPWWWPPPPPWPWPPWWWDPPPWWWPPPPWPPP
200 455269100 41 56 PWPPPPPPPPWPPPWPWWWPPWPPPWWWDPPPPWWWPWPPPPPWWPPWPW
300 612474899
400 79 81 27 PPPWPWPWPWWPPPPWPPWPWPPWWWPWWPWWPDPPPWPWWPPWWWPWWP
300 701413253
200 180881994 20 5 PWPPWPWWPWPPPPWWPWPPPWWPPWWPWPWWPPWPPWWPPWPPDPPPWW
200 789432033 45 42 WWWPWWPWWPPPWWWWWWWPWWPPWWWWWPPPWPPWPWPPWWPWPWPDWP
400 88 70 24 PPWPWWPWWPPWWPWWPWPPWPPWWWWPWWWWPPWPPWWWDWPPWPWWPW
400 51 46 24 WWPWPWPWPPWPPPPWPWWPPPDWWWWWPPPWPWWPWWWWPPWPPWWPPP
200 165092939 99 52 PPWWWWWWWWPWWWWPWPWPWWWWPPDPPPWWPWWPWPPPPPWWPWWWPW
200 62508970 30 26 WWWWPPPWPPWPWPWWWWPPPPWWWPWPWWWWPWWDWWPWWWWWPWPWWW
300 801737291
400 90 3 24 WPPWPPWWWPPWWPWPWWPWPPPPPWPWWWPWWWWPWWPPWPPWDPPPPW
400 66 29 1 PPPWWPWWPPWWWPPPPWPWWWPPWPPWPWPWPPPPPWPWWDPPPWPWWW
200 501812042 82 38 WWWWDWPWPWPWWWWWPPWWWWPPWPPPWPWWPWPPPPWPWWPWPWWPPP
200 190888982 29 78 WPPPWPPWWWPPWPWWPWPWPWWWPWPPWPWWPPWWPWWWPWWWDPPPPW
200 533413616 89 53 PPWPPWWWPWPWWWWWWPWWPPDPPPPPPWPWPPWPWWWPPPPWWPWWWP
400 98 7 24 WPWWWWPPWPPWWWPWPPWPWPWPWPPDWPWPPPPWPPPPWWPWPPPPWW
200 41182138 52 9 WWWWPWWPWWPWPPPPPPPPPPWWWPPPWPWPPPPWPPDPPPWPPPWWWW
300 536849216
400 29 76 27 WWPPWWWWWPPPPWWWWWWPWPWPWPPDPWPPPPWPWWWWWWPWWWPWPW
400 70 96 23 PWPWWPPWPPWWWPWPWWWPWPPWPPPPWWWWWWWPPPPPPDPWPWPPWW
200 538063356 47 55 PWPPWWPPPWPPWWWWWPPPWPPPPPPPDWPWPPWPWPWPWPPWPWPWPW
400 12 49 23 WWPWWPPPPWWPWPWWPWPPPWWPPWDWPWWPPPWWPWPPWWWWWPWPWP
200 24501373 33 86 PWPPPPWPWPPWWWPPWWPPWPWPWPPWPPWPWPWPWWPWWPPPWPWPDW
400 47 97 26 PPPWPPWPPWWPWPPPPPWWPWWWPWPWPWPPPPWPPPPWWDWWWPWWPP
200 444474877 29 10 WWPPPPWPWWPPPPWWWPPWWWDPWPPPWPWPPWPWPWPWPPPPPPWPWP
400 71 35 25 PPWWWPWPWWPWPWPWPWWWWDWWPPWWPWWPWPWPPWWPWWWWPPPWWW
200 640468780 96 91 DPPWWPWWWPPPPPWWPWWWPPPPWPWPWPWWPWPWWWWWWPPPPWWWWW
200 64842957 95 73 PPWPWWWWWPPPWPWPPWWPPPWWDWPWWWWPWPPWPWPWWWPPWPPWWW
200 975667841 28 15 PWPWWPPWWWWPWWWWPPPWPPWPPWWPWPWWPPPWPWWPPWWPPWWPDP
200 525704588 40 26 PWPWWPWWWWPWPPPWWPPWPWWWWDPPPWWWPWPWPPPPWPWPPPWPWP
200 562047116 29 79 WPPPPWPWWPWDWPPPWPWPWWWWPWPPWWPWWWWPWPPPWPPPWPWPWW
400 35 95 22 WPWPPPPPPWPWWWPWPWPWPPWWPPPWPPWPWPWWPWWPPWWPDPWPWW
200 468003360 71 54 WPWDPPPWWWPWWWWPPWPWPPWPWWWWWWWWWWWPWPPWPWWWWPWWPP
200 251848892 97 26 WPPPPPWWWPWPWPPWWWPWWDWPPWPWWWPPPPWPWWWWPPWPPWPPPW
300 872626703
400 98 3 23 PWPWWPWWPWWPPWPPPDWPPWPPPWPWWWPWPWPWWWWWPWPWPPWPWP
200 576952372 33 49 WPPWWWWPPWWWWWPWDPPPPPPPWPWPWWWWPWPPWWPPWPPWPPPPWP
400 68 24 22 PWPWPPPWWPWPPDPWWWPWPPWWPWPPPWWWWWWWWPWWPWWPWPPWWP
200 817347157 29 17 WPWPPWWDWPWWWWPWPWPWPWWWPPPPWPWWWWPPWWPWWWWWPWWPWW
200 72585278 33 7 WPWWWWPPWWWWPPWPPWPPWPWWPWPDWPWWWPWPWWPPPWWWWWPPWP
400 67 22 22 PWPPWWPPWWPPWWWPPWPWWPWWDPPWPWPWPPPPWWPPPWPPPWPWWW
200 743193774 47 90 PPWPWWWDPWPPPWWPWPPPPPPPWPWWPPWWWPWWPWPWWPWPPWWWPW
200 803861464 1 39 WWPWPWWPPPWWWPPPPWDPPWWPPPPWPPPPWPWWWWWPWPWWWPPPPW
200 661887361 68 31 PWWPPWPPPWWWWWPWPWPWWWWPWWPWWWWPPPWPWWPDPPWWWWWWWW
200 139436870 26 17 WPWPWWPPWWWWPPWPWWWPPPPWPPWWPWWPWWWWWPPPPWWPWPDWPW
200 913343795 4 58 WPWWPPPWWWPWWWWWPWPPWDPPPWWPPPWWWPWPPWWWWPWWPPPPWP
300 753187035
400 35 12 22 WWWWPWWWPPWPWWWPWWPPPPPPWWWWWWWPDWWPWPPPWWPWPPPPWW
200 708225667 100 51 PPPWPWWPWDWWPPPWWWPWPWPWPPWWPWWPPPPPPPWPPWPPWWPPWP
200 642475394 66 15 PPPPPDPWWWWPWPPPWWPPPPWPWWWWWPWPWPPPPPWPWWPPPPPPPW
400 54 12 25 PWPPPPPPPPWWPPWPPWDWWPWWPPWWWPWPWPWWWPWWPWWWPPPPPW
300 306318120
200 610362530 2 49 PWWPPWPWWWPPDPPPPWWWPPWWPPWWWPWWPWPWWWWPPPPWPWPPWW
200 785533901 97 43 WWPWWWPPWWWWDPWWPPPWPWPWWPWPWWWPWPWWWPWWWWWPPPPWPW
200 958766968 84 16 PWPPWWPPPDWWPWPPPWWPPWPWPPWPPWPWWPPPWWWWPWWWWPWPPP
300 208903014
400 55 15 24 WPPPPPPPPPWWWPWWWPPWWPWPWPPWWWWWWDPWWWWPWWWPWWWWPW
400 89 48 22 WWWPPPWPWPPWWWPWPPWDPPPPPPWWWPWPPPWPWPWPWPPPPWPPWP
200 174304680 17 44 PPWWWWWWWPWPPPWPPWWPPWWWWPWPPWPWWPWWPPWDWWPPPWPPWW
200 879349528 75 42 PPWPWWWPDWWPWWWWPPPPPPWWPWPWPPWWWPPPWPWPWWWWPWPWWW
200 639265168 45 95 PPPPWWWWPWPWPWPWWWWWPWWWPPPPWPPWWWPPWWWDPWWWPPPWWW
400 32 94 1 WWWPWPWPWWPWPWWWPWPWWPPWPPWPWWPPWPPPWWPPPWPPPDWWWP
200 653581932 99 70 PWPPWWWWWWDPWWWWWWPWWWWWPWPPPPPWWPWWWWWPWPPPWWPPPP
200 621738417 23 46 PPPWWPPPWWDPPWPWWWPWPPPWWWPWPPPWWPPPPWPPWPPWPWWPPP
200 377819266 19 10 PWPWPWPPWPWWWPWPPPPWWWPWDWPPWWWPWPWWPPPPWPPWWWPWPP
400 77 21 44 PWWPPPWWPWWPWWWDPPPPWPWPPWWPPPWWPPWWPPWWWPPPPWPPPW
200 962844257 85 76 WPWWDPPPPWWPPPWWWPWWPWPWPPPPWWPPWPPWWPPWWWPWPPWPPP
400 63 10 23 PWWWPWPPPPPWPPWWWPWPPPWPWWWPWWPPPPPWDPWPPWWWWPWWWW
200 468969874 19 70 WWPPWPPPWWPPWWDPWWWWPWPWPWWWPWPPWWWWWWWWWWPPPWWPPP
200 17793230 40 61 PPWWPPPWPPWWPPPPWPPPPPPPWPWWWPPWWWWDWPPWPPPWPPWWWP
400 84 32 21 PPWWWWPWPWWDPPWPWPWPWWPWPPPPWWWPPPPWWWWPPWPWWWWPPW
200 64876315 13 50 PWPPWPPWWWPWPWWWWPWPWPWWPWWWPPPPPWPWPDPWWPPPWWWPPP
200 886884366 79 100 PPPWPWWWPWPWWPPWWDPWPWPPPPWWWPWPWPPPPPPPPWWPWWWPWW
400 72 42 24 WWWWDWPPWWWPWWWWPPWWPWPPPWWWWPWWWPPPWWPWWPPPPPWWWP
200 800134323 70 45 PWWPWPPPWWWWWWWWPWPWPPPWWPPWPPWPPWWDPPWWWWPWWPPWWP
200 150621957 34 54 WPPWPWWWWWPPWWWWWWPWWPWPWPWWWWWWPDPPPWWPPPWPPPPWPP
200 953573395 54 82 WPWWWPPPWPWWWWWWPPPWPPPWWPDWWPPPWPWWPPWPPWWWWPWWWP
200 321039833 38 29 PWWWWPWWPPPWPPPWPWWWPWDPWWWPWPWWWWWPWWPPWWPWWWWWPP
200 274839881 30 48 WPPPWPPPDPWWPWPPWPWWPWPWWPPWPWWPWPWPPWWPWWWWWWPPPW
200 961145550 18 84 PPWWPPWWWPPPWWPWWPWPPPDWPPWWPWWWPPPPPWWWWWWWWPWPWW
200 128211053 18 5 WPWWWWWWPPPPPWWWPPWPWWPPWPPPWPWWPWPWPWWPWPWPWDPWWW
200 545849465 83 30 WPWWWWPWPPWWWWWPWWWPPWPWWPWPPDWWWPPPPPPPWWWWPPWPWP
400 51 45 1 WPWPWWPWPWPWWWWWPPPPWPWPPWPPWWPWWPPWPWPWWPWPPPPPDP
200 26648309 81 33 WWPPWWPPPWPPPWWWPPPWDWWPWWPPWWWPPWWWWWPWWPPPWPPWWP
200 87850794 63 92 WPWWPWPPPPPWPWWPPPWPWPPPPWPPWPPPDWWPWWPPWPWWWWPWWW
200 386260818 38 28 WPPWWWPPWWPWPPWPPWWPPWPPWPPPWPPWWPPPWPPPDWPPPWWPPP
300 817028898
200 978159809 76 47 WDPPPPPWPPPWPPPPPPWPPPWPPWWWPWWPWPWWPPPWWWPPWWPPPW
400 31 18 23 WPPPWWWPWWWWPPWWPPWWPPDWWPWWWWWWPPPWWPWWPWPPWPWWWW
200 106393533 34 25 PWWWPDPPPPPWWPPPWPWPWWWPWWPWPWPPPWPWWPWPWPWWWWPPWW
200 19476134 91 99 WPPWPWPPPPPPWPWWWPWWPPWWPWPPWWWWPPWPWPWWWWPWWPDWPP
200 314868958 5 43 WPWPWWWPPWWWPWWWWPWPPWPWPPWWPPPPWPWPWWPWWDWPWWPPWP
200 988887425 20 50 WWWWWWPPWWPWPWWWWDPWPPWWPWWPWPPWWPPPWPWPWPWWPWPPWP
200 724725057 87 93 PPWWWWWWPPPWPWPWWWPPWWWPWPWWWWWWWWWPWPWDPPPPWPWWWW
200 318397278 26 92 PPPPWPWPWPPWWWWPWWPPWWWPPWWPPWPPWWWPWWWWWPWPPPWPWD
200 89136911 82 75 WPWWWPPPPPPWWWPWWPPWWPWWWDWWWWPWPWPPPPPPPPWPWWPWWW
200 800213424 87 55 PWWWPPPPWWPPWPWWWWPPWWDWPWPPWWWWWWPPPPPWPWWWWPWWWP
400 95 22 42 PWPPWWPWPPWWPWWWPWWPPWWPPPPPDWWPWWWWWPWWPPWPPPWPWP
200 523771067 99 13 PWPPWWWPPWWWPPWWPWPPPPPPWWPPWWPPWPPWWPWWWWPWWWPWWD
200 464641025 3 70 PWPWPPWWWPPPWWPWWWWPWPPPWPPWWPWPPWWPPWPWWWPWPWDWWW
200 63953469 26 34 WWWPWWWWWPWPWPWWWPPPWPPWPPWPPWPWPPPWPWDWPWWWWWWWPP
200 504227445 33 43 PWPPPPWPPWDWWPPWWWPPPWWPWPWWWWWWPPPPPWWWPWWPWPPWWW
400 70 79 21 WWPWWPWWWWWPDWPWPWWWPWPPPPPWPWPWPWPWPPPPWWPWWPWWWP
200 143822883 45 81 PWWDWPPPPPWWPPPPWPPPPPWWPWPPPPWWPPPWWWPPWPPPWPWPWW
200 926750559 48 59 WPPPPWPWWWPPWPWWPPWPPPWWWPPPPPPPWDWWPWWPPPWPWPWWWP
200 194967811 26 35 PPWWWWWPPWPPPPPWWWPPPWPWWPPWWWPWWWPWWWWWWWPWWPWWDW
200 508224164 65 74 PWPWWWPWWPWWPPWPPPWWWPPPPWDWWPWPWPPPPWPPWWWPWWPWWP
200 177172714 71 68 WPWWPPPPWPWWPPWPDWWWPWPWPPWPWWPPPPWPWPWWWPWWWWPWPP
400 22 41 22 WWPPPPWWWWWWWPPPPPPWWWWPPWPWPPWWPPPWPPWWWWPWPDWPWP
200 138330188 58 77 PWPPWPWWWWWPPWDWWPPWPPPPWPPWPWWWWPPPWPPPWWWPPPWWWP
200 476447787 44 65 WWWPWPWWPPPPWWWWPPPWPWPPPPPWPPPPPPPWWPPWWDPWWPWWWW
200 550253865 82 22 PWDWWWWPWWWPPWWWPPWWPWPPWPPPWPWWWWWPPPPWWWWWWWWPPW
200 228104792 23 54 WWWWWWWPWPWWWPWPWPPWWPPWWPWWWWWWPWWPDPPPPPWPPPPPPW
300 605012447
300 526988312
200 365820911 96 26 WWPPWPWPWWWWWWWWWWWPPPWPWWWWWWPWWWPPWPWPPPDWWWWPPW
200 913295350 89 95 WPWWPPPWPPPDWPWWWPPPWWPWPPPPPPWWPPPPPWPWPPWWWWPPWW
400 96 72 22 WWDWWWWPWWWWPPPPWPWWPPPWWPPPPWPPWPPWPPWPPPWWWPWPPW
200 367490375 87 14 PWWPPWWPPWPWWWPPWPWPWWDPPWPWWWPPPWWPWWPWWPPPWPWWWW
200 118002824 54 65 WWPPPWPPPWWPPWPPWWWPWPWPWPWPWPWPWPDWWWPPPPPPWPWPWW
200 284160591 69 98 WWWPWPWWWPWWWWPDPPWPPWPWWWWPWPPWWWPPPWPWWPPWWPPWWP
200 365853211 10 68 WWPPWWPWPWWWPWWWWPPWWWWPPDWPWPWPWWPPWPPWWWWPPPWPWW
400 60 80 44 WWWPWPWPPWWWDPPWPWWPWWPPPWWPPWWPWPWPPWPPPWPPWWWWWP
400 74 29 22 WPPWWPPPPPWWWPPWPPPWWPPWPWPPWPWWPPWPPWWPWDWWPPPPPW
200 627646598 32 61 PPWPPPWPPDPWPWPPPWPPPWWPPPWPWPWWWPWPWPPPWWWWPPPWWW
200 117891319 14 74 PPPWPPPPWPPWPWPPWPPWPWPPWPWWWWPDPWPWWWPPWPWPPWWPWP
200 900822937 68 8 DPPWWWWPPPWWWPWWWPPWWPWWWPWPWWWPWPPPWWPWWWWPWPWWWW
200 130927740 25 73 PDPWPPPWPPWWWPPWPPWPPPWWWPPWWWPWPPPWPPWPWPWPWPWWPW
300 237759729
200 191974253 12 20 WWPPWPWWWPPWPPWWWWPWWWPPWPPWWPPWPPWWPPPWWPWDWWPWWW
200 345423794 27 87 PWPPWWWPPWPPWPWWPWWPWPPWPWPPDWPPPPWWPPPWWPPWWPPWPW
200 201335469 65 10 WWPWWWWWWWPPPPWWPPPWWPWDWPWPPPWWWWWPPPPWPPPWPPPPWW
400 6 59 20 WWWPPWDPPPWPWWWWWPPWWWPWPWWWWPPWPWWWWWWPWWPWPPPPPP
400 99 72 26 PWWPWWWPPWWPPWWWWWDPPWPWPWPWPWPPWPPPWWWWPPWPPWWWPP
200 48544854 99 53 WPPWWWWWWDWWWPWWWWPPWWPWPPWWWWPWWWPWWWPPPWWPWWWPWW
200 741081014 76 71 PWPPPPWWWWPPPPPPPPWPPWWPPWPWPPPWWWWWWWPWWDPPWPPWWW
400 72 74 24 PWPWPPPPPPWWPDWPWPPPWPWWWPPPWWWWPPPPWWPWPPPPPPWWWP
200 286751383 70 51 WWDWWWPPWPWWWWPPWWWPPPPPPPPWPWWWWPPPPWWPPWWWWWWWWW
400 98 27 23 WWWWPDPWPWWWPWWPWPWWPPPWWPPPWWWPPPWPPWWPWPWWPWPWWP
400 85 70 1 WWWWWPPPWPWWWPWDPPPWWPPPWWPPPWPWWPPPPPPWPWPPWWPWPP
300 732964400
200 956983825 60 10 WPPPPWWPWPPPWPWWPWWPWWWWWPPPWPWPPPWWWWPDWWPPWPPWPP
400 27 15 25 WWPWPWPWPWWPPWWWWWWWWWWWWWWWPPWPWPWPWWPWPPPWWPPPDP
200 20745423 31 82 PPPPWDPPPPWPWPPPPPPPWWWPPWPPPWPPWPPPWWWPPPPWWWWWWP
200 468985418 95 63 PPWPWWPWWWWWWPPPPPWWPWWPWPWWWDPWPPPPWWWWPPWPPWPWPP
200 633409908 77 91 PPPWWPWWPWPPWPPWPPPWPPPWWDWWWPWWWPPPWWWWWWPWPPPPPP
300 139436870
200 752228192 85 97 PWPWWPPWPPWPWPPWPWWWWWPWPWWWPWPWPPWWWDPWPWPWWWPWPW
400 88 67 23 WPPPWWPWPWPPPWPWWWDPPWPWPPWPWWPPWPWPWWPWWWPWWPPWPP
200 958141636 78 77 WWWPPWWWWPWWPWWPWPPWPWWPPWWWPWPPWPPWPPWWPDPPPWPPWW
200 968158565 12 58 WWPDPPWPWPPWWWPWWPPPPWPPPWWWPWWPWPWPPWPPWPWPWPWWWW
200 131957705 24 48 PWPPPPWPPPPPWPWWPWWPPWWPWWWPWPPPPPDWWPWPPWWWPWWPWP
400 18 84 1 WWWWPDPWPPWPWWPPWWPWWPPPPWPPWPPPWPWWPPWWWPPPPWWWWP
300 36758671
400 77 55 21 WWWPPWPPPWPPWDPWPPPWPWWWPWPPPWPPWPWPPPWPWWPPPWWPPW
400 60 34 24 PWPWWWWWWPWPPDPPPWWPWPWWWPWWWPWPWPWWPWWWWPPPWWWWWW
200 694796659 45 14 WPWWWWPWPPWPPWWPWPPPWWDPWWWPWWPPPWWPPWPWPWWPWPWWWP
300 701771400
400 99 54 26 WPWPPWPWWPWPPWWWWWDWPPWWPPWPPPWWPPPWPWWPPWWWPWPPPW
200 687952017 88 52 WWWPWPPPDWWPWPPPWPWPWPPWPWWPWWPPWWPPPPWPPPPPPWPWWP
300 373213963
200 223354656 89 93 PPWWPWPPPWPDPWWPPPPWPWWPPWWWPWPWWWPWPWPPPWWPWWWPWP
400 91 1 25 WWWPWWPPPPWPWWWPWPWPPPPWPPPPWPWPWPWPDWWWPPPPWWWPPW
200 384011955 11 76 WPPPPPWWWWPWWWWWWWWWWPPPPWWWPPWWWWPWPPWDPPWPWWPWWW
200 538115571 7 8 DWWPWPPPPWPPPPPWWWWWPWWPPPWPPWPWPPPPWWWPWPWWPPPWPP
300 234794519
400 99 65 21 PPWWPPPPPPWPWPPWWWPPPWPWWWWWPWWPPWPPPWWWPWWWWDWPWP
400 38 96 19 PPPPWDPPPWPPPWWWPWPPWPWPPWPPPPWPWWWWPPPWWWWPWPPWWW
200 710085929 45 64 PWPPWWPPWPWWPWPPWPWWDWWWWWWPPPWPPWWWPPWWPWPWWWWWWW
200 257947018 36 20 PPWPPPWPPPWWPWWWWWWPPWPPPWWWWPWDWPPPWPWWPPWWWPPPPP
300 434363894
200 281026843 94 68 WWPWWPWPWPWWWPWPPWPPWPWWWPWPPWPPWWWPWDWPPWWWWPWWPW
400 27 60 23 WWWWPWPPWWWPWPDWWWWWPWPWWWPWWPWWPWPPPPPPWWPWWWWWPW
300 545849465
400 97 55 22 WWPWWPWWWWPPPPWWPWWPDWPPPPPPWPWPWWPPPWPWWPPPWPWPPW
200 672292928 98 84 WWPWPPWWPPWWWPWPPPWPWPWDWPWWWWPPWWWWPPPPPWPPWWPWWP
200 770761850 99 69 PPPPWWWWPPWPPPWPPWPWWWPPPWWPPPPWPWPWPPWPPWPPWPDWPP
200 751807952 61 28 WPWWWWWWPPPPPWWPPWPPPPWPDPWPWPPWPWWPWPWWWPPPPPWPWW
200 6743827 74 94 PPPWPPWPWWPWWWWPPWWWPWWWWPPPPPWWDPWWPPWWPPWPWWPPWW
200 665740960 46 36 PPPPPPPWWPPWPWPPDPWPWWWPPWPPWWWPPPWPWWWWPWWWPWPWWP
200 846543661 26 11 WPPWPWWWPPPWPPWWWPWWPWPWWPWPPPPPWWWWPWWPPWPPPWWDPW
300 589772341
200 4029000 80 63 DPWPWWPPPPPWWPPWPWWWWPPPPWPWPPWPPWWWWPPPWPPWWPPPWW
200 20901703 38 80 WWPWWWWWPPWWPPWWPPPPPPPPPWPWPWWPPWPPPPWWWWWWPWDPWW
300 713541565
200 865668163 97 86 WWWWPPWPPWDWWPPPWWWWPWWPPWPWPWPPPPWWWWPPWPPPWPPPWW
400 9 32 24 WWPPDPPWPWPWPPPPWPPWWWWPWWPPWWWWPPWPPWPPWPPWWPWWPW
300 988698147
200 791962616 93 85 WPWPPWWWWPWWWPWWWWWPPPWPPPPDPWPWPWPPPPPPWPPPWPWPWW
300 573923438
300 924770001
400 46 66 26 DPWWWPPPWWWWPWWWWWWPPWWWPWPPWPWWPWPWWPWPPWPPPPPPWP
400 22 47 22 WPWPWDPPPWWWWWWWWWPPPPPWPWPPWWPPPPPWPWPPWPWWPWPPPW
400 64 56 1 PWWWPWWWPWPWPPWPPPPWPWPWPWWPPPWWPPWWDWWWPWPPPWPWPW
300 354828648
200 664903043 99 97 WWWPWPPPWWPWPWWWPPWWPPPWPWWWDPPWPPPWPWWPWWWWWPPPPP
200 890334404 84 90 WWPWPPPPPWWWPWWPPPWWPWPWWWWPPWPWPWWWWPPWPPPPPDWPWP
200 882447212 94 45 WPWPPPWPWWWPPPWWWPWPWWWDWPPWWWWWWWWPPPWPWPWWPPPWWW
200 90660326 85 80 PPWWWWPPPWWWDPWPPPWPPPWPPWPWPWWWWPWWPWPPWWPPPWWWWP
400 9 30 23 WWPWPPWPWWPWWWWWWPPPWPWWWPWWPWPPPPWWPPWWPDWPWPWWWW
200 425512124 9 84 WPPWPWWWWPPDPPWWPPWPPPWPWWWPWWPWPWWWWWWWWWPWPPPPWP
400 16 64 39 WPPPPPWWWWWDWPWWPPWPPWPWPWPPWWWWPWPPWWWPPWPPPPWWPW
300 733926107
200 533471035 47 98 DPWWPPPPWWWWWPWWPWPPPWPWWPPWWWWWPWWWPWPPWWPWWPWPWP
300 78893758
400 71 8 24 WWWWPWPWWPWWWPWWPDPWPPPWWWWWPWWPPWPWPPWPPPPWPWPWPW
200 343801998 39 81 PPWPPWWPPWPPPWWPWPWWPWDWPPWPPPPWPWPWWWPWWWWWWPWPWW
200 565257226 79 63 WWDWPWPWWPWWPWPWWWWWPWWPWWPPWWWPPWPPWWWPPPPPWWWPPP
400 74 78 18 WWWWPWPPWPWPWPPWPPWPWPWWWPPDWPWWPWPPWPWWPWWPPWPWWW
200 216989758 10 80 PWWPPPPWDPWWWPWPPWPPPWWPWWWWPPPPPWWWWWWPWPPPWPPPPW
300 163736640
200 484126900 47 62 PDWWPPPPPPWPPWWWWPPWPWWWPPPPWWPPWWWPWPWPWPPWWWWWPW
200 574202417 72 95 PPWWPPPWWWWWWWWPWPPWWWWPPPPPPPWPWPDPPPPWPWWPPWWWPP
300 145911025
200 433148187 27 77 PPPWWWWWPPWWPPPPPPWPPWWWWPWWWPPWWPWPWPPWWWPPPPWPDP
200 651182306 62 7 PDPPWWPPWWWWWPWWPWWPWPPPWWPWPPPWWWWWPWWWWWWWPWPWWW
300 979608602
200 63474115 53 76 WWWWWPWPWPPPPPWPPPWPPPPPWPPWDWWWPPWWPPWPPWWPPPWWPW
300 811272062
200 995631300 84 1 WWWWWPWPPPWPWWPWWWPWPPPWWPPPWPWPPDPPWPPPPPPPPPWWWW
400 85 31 25 PPPWWPWPPWPWDWPPPWPPWPWPPWPWWWPPWPWPPWPWPPPWWWPWWW
200 66985156 31 75 WPPWWPDPWPPPWPPWPPPWPWPWPPWWWPPWPPWPPWPPPWWPPPPWPW
200 840588698 5 25 PPPWWWWWWPWPWPWWPWPPPWWWWWWPWPDPWPWPWPPPPPPWWWWWWP
300 43496705
200 385623722 63 89 WWWWWPWPWWWWWPWWPPWPPWWDPWPWWPWPWWPPWWPWWPWPPPWWWP
200 785414989 8 84 WWWWPPPPWPWWWPWPWPPWPPWWPPWPPWPWWDWPPWPWWPPWPWPWPP
200 553841327 6 42 PPPPWPWPWWPWWWWPWDWPPPWWPPPPPPWWPWPWWPWPPWPPPWWPWP
200 714726148 23 29 WWWWPWPWWPPWPPWPWPWPPWPPDPPWWPWWWWPWPPWPPWWPWWPWWW
200 241054256 75 29 WWPWPWWPWPWWPWWPPWWWWPWWWPWPWPPPWWWWPPPWWWWPPWDWWP
300 554973391
400 84 75 23 WWPPPWPWPPPWWPWDWPWPWPWPPPWPPWWPPWWPWWWPPWWWWWWWWW
200 711115682 53 61 WPWWPPPWPWWWPWPWPPPWWWPPPWPPDPPPPWPPPPPPWPWWWWWWPP
200 795826559 55 41 WPWPPPPWWPPWWPWPWPWWDPPWPPWWPWPPPPWWPPWPPPWPWWPWPP
300 130828040
300 752228192
200 423191405 18 13 PWPPWWPPWWWPWWWWWPPWPPWPWPPPWWWWWWWDPPWPPWPWPPPWWP
300 181286904
200 607600944 3 63 PPPPPDWWPPWPPWWWPWWWPWPWPPWWWPWPPWWPPWWPWWPWPWPWPW
400 6 53 24 PWPWWPWDWWWPPWPWPWPWPWWWPPPWPPWPWPWPPPWWPWPPPWPWWP
200 795279735 22 76 WWWWWWPWWPWPWPDPPWPWWWPWWPWWPWWWPWPPWWWPWWWWPPWWPW
200 215855588 88 42 WWWWWWDPWWWPPPWPWWWWWPPPPWPWPWPPPPWWWWPWPWWWPWWPWW
200 693571756 86 51 PPWWWWPPWPPWPDWWWPWPWPWWWPWWPPPWPPPPWWPPWPWWPWWPPW
200 20464369 26 37 WPPPWPWWWPPPWWPPWWWWPPPPPWWWWPPWPPWPWWPPWWWDWWPPWP
200 731756878 12 48 WWPWWDPWPWWWPPPWWWWWWWPWPPWPPWWWWPWWWPWPWWPPWWWWPW
400 6 65 1 WWWPPPWWWWPPWPPPWWPWPWPWWPWWPPWPWPWPWWWPWPWDWPPPPP
400 54 41 20 DPWWWPWPWWWWWWWPWWPPPPWWWWPWPWPWWWPPWWWWPWWWWWPPPW
200 779563557 43 32 WWPWWPPPWPWPPPWPWPPPPWPPWPDPPWPWPPPWPPPPPWWWPWWWPP
400 70 42 20 PWDWWPWPPPPPPWPWWPWWWWWWWWWPWWPPWWPWPWPWWPPWPPWWPP
200 351887656 89 12 PDWWPWWPWPPPPWWPPPWPWPPPWWWWPWWPWWPPWWPPWPWWPWPWPP
400 86 98 22 PWWWPPWPWWWPPPWWPWWPWPPWPWWPWPPWWPWPPPWDPWWPWWWWPW
200 169463383 29 43 WWWWWPWPPPWWPWWWPWPWPWPPWPWWPWPPWWWPWPPWWWWWWPWWDP
200 653486899 7 54 WPPWWWWWPWWWPWPPWWPPPWPPWWPWPPPPDPWPWWWPPPPPWPWPPP
200 991109203 15 36 PWPWWWPPPWWWWPPWPPWWPWPWWWWPPPWPWWPWWPPWWWPPPPPPDW
400 42 81 24 PWPWWPPWWPPWPWWWPPWWWPPWPPPWWWPWWWWWWPPWWWPWDWPWPP
400 57 98 38 WPPWDWWWWWWPPPWPPWPPPWPWWWPWPPWWPWWWWPWPPWWPWPPPPW
400 81 84 1 WPWWWWPPWPPPWWWWWPWPPWPPWPPWPWPPWWWPWWPPDPPPPPWWWP
200 713759039 21 99 WPWWWPWWPPWPWWWWPWWWPWPPWWPPWPPPWWPWDWWPPPWWWWWWPW
400 46 39 1 WWWWWWPWWWPWWPPWWPPPWPPPWWPPPWPPPDPPWPPPPPWPPPPWWP
200 894553219 18 2 WPWWWPWPPPWPPDWPWPWWWPWPWPPPPWWWPPWWWPWWWWPPPWPWWP
400 18 31 27 WPDPPPWWPPPWPWWWWWPWPPPWWPWPPPPPPPPPWPPWPPWWPWPPPW
400 15 13 23 PPPWPWPWWPWWWPWPPPPWWWPPWPPWWPDPWWPPPWWPWWPWWWPPWP
200 491282329 88 87 WPWWPPPPWPWPWWPWWWPWWWPWWPPWWPPWWPWWWPPWPPWWDPPWPP
400 53 6 23 WPPWPPWPPPPWWPPPPPWWWWPPWPWDPPPPPPWWWWWWPWWWPPPWWW
200 52904498 49 1 PPWWPPPWPPWWPPPWPDWPWPWPPPWWWWPPWWPPWWWPWPWPWPWPPW
200 45429311 87 77 WWPPWPWPWPWWPWWPPWDPPWWPWWWWPPPWPPWWWWWPPWWPPWWPPW
200 586797571 83 55 PPPPDWPWPPPPWWPPPWPPPWPPPWWWPWPWWWPWPWWWPPWPPPWPPP
400 73 26 38 PPPPPPPPWWWPWPWPWPPPWPPWPPWPWWPPPWWPWWPPWWPDPWPWPP
400 10 60 1 WPPPPPWPPPPPPWWPPWWPPWWWWWDWWPWPPPWPPWPWWWPWWWPWWP
400 59 45 23 WPWWPPWWWWPPWWPWWWPPWPPPPWWPWPPPWWPWPPWWPPDPWPPWWW
200 248109770 33 27 PWWWPPWPWWWWPPPWPWWPPPWWPPWDPWPPPWPPPWWWWPWPWPWWPP
200 577695210 30 59 WWPPWWPPPPWWWPWWPPPPWPWWWWPWPPPWPWWPPWPWWPWDWPWPPP
400 31 65 23 WWPPWPWPDWWWPPWWWWPPWPWWWPPWPWWPPWWWPWPPWWWWPPWPWW
200 707651946 49 57 PPPPWWWPPPWPWWPWPPWPWPPWWPPWWWWWDWWWWWWPWWPPWPPPWW
200 460243373 67 7 PPWPPPPPWPPPPWWWPPWPPWPWDWWWPWWPPPPPPWPPWPPWWWWWPW
400 8 62 24 PPWPWPWPWWPWWWPPWPPPWWWWPPWWPWWWWPPWWWWWWDPPWWPWWW
400 81 98 23 PWWPWPPPWWPWPPDPPPWWPPPWWPPPWWPPPWPPPWWPWPWWPPPPPP
400 19 85 24 PWPPPPPPPPWWWWPPPWWWWPWPWPDPWWPWPWPWPWPWWPPPPWPPPW
200 624233896 86 27 PWWWWPPPPWWPWPWPWWPPPPWPWWPPWPPWWPPWPWPPWWWDPPWWPP
200 209133402 45 72 PWWWPPPWPWWPWWPPWWPWWPPPWWWWWPPWWWWPPPWPWPPPDWPWPP
200 196920696 87 6 WPPPPWPWWWWPPWPWWWWWWPWPPPWWWWWPWPWWWPWWPPPPWPWPDW
400 73 24 28 PWWPWWWPWPWWPWPWPPPWPWWWWWWWWPPPPPPWWWPPPPWPWPPPDP
400 54 73 24 PPPWWWPWWWPPPDWPWWPPWPWPWWPWWWWPWPPPPWWWWWPPWWPPWW
300 364545828
400 64 38 25 DWPWWWWWWWWPPPWPPWPPPWPWPWWWPWPPWPPPPPWWPWWWPPPWPP
300 538063356
400 53 16 20 WPPWWPPPPPPPPPWWPWPPWWPWPWWPWWWPWDPPWWWWPWPPPWPPPW
200 309693318 97 32 WPPPWWWWPPWPWWPDWPPWWWWWPWPPWPWWWPWPPPPWWPWPPWWWWW
200 22649358 31 76 WWPWPPPDWPPWPPWPWPPWWPWWPWPWPWWWPWWPWPPPWPWPPPPWPW
400 100 49 18 WWPPWPWWPWPPWWWPWPWPPPWWWPPPWWWWPWPWWWPWPPPWDWWPPP
300 638536123
200 833562393 42 71 PPPWPPPWPWWWPPPWWPWWWPWPPWWPWPDWPWPPWPWWPPPWWPPPWP
200 63018284 89 97 PWWWPPWWPWPWWPPDPWPWPWWPWPWPPPPPWPPPPPWWWWWWPPWPWW
200 328011182 39 63 WWWPWWPPPPPPPPPWPWPDPPPPPWWWWPWWWWWWPWPWWPWPWWWPWW
400 28 27 26 PPWPPPWDWPWWPWPPPWPWPPWPPWPPWPWWPPPPPPPWWWPPPPWWPP
300 62508970
200 710042022 100 69 WPWWPPPPWWWPPWWWPWPWPWWPWPWPWPPWPPDPPPPPWPPPWPPWPW
200 509327947 20 77 PPWPPWWWPWWPPPWWPWWWWWDWPWWPWWPWPPPPWWPPPPPPPWWWWP
200 15238412 74 62 PWPWWPPPWPPWWPPWWWPWWPPPWPPWPWWPWWPPDWWWPPPWWWWPWW
300 498063980
200 71019997 42 78 WPWWWPPWPWWPPPWWWWPPWWPPPWWPPWWPWPPPWPWWWPDWPWPWWW
200 566645032 74 70 WWWWPPWWPPWWPPPPWWPWWPWPWWPPWWWWWPWWWWWWDWPWPWWPPW
400 3 65 23 PWPPWPPWWPPPPPWPPPWWWPWPWPWPWWPPPWPDWPPPWWWPWWPPWP
300 525704588
200 829932160 73 87 DPWPPPPWWPPPWPWWWWPPWPWWPPWPWWPPWWPWWPPPPPPWWPPWPP
400 17 50 27 WWPPPPPPWWWPPWPPPPPPWWWWWPWPPWPWWWPPPPWPWWWWWPPPDP
200 4791280 100 82 WPWWWWPWPWWPWWPPPPWWPWWWPPWWWPWWPPDPWPPWPWWWWPWWWP
400 54 93 1 DPPWWPWWPWPWWPPWPWWPWWWPPPPWPWWPPPPPPWWWWPPPWWWWPW
200 915877778 15 63 PPWPWDWWWWPPPWWPPPWWWPPWWWWPWPWWPPWPWWPWPWWWWWPPPW
200 860565607 27 58 PWPPWWPWPWPWWWPPPPPWPPWWWPWWPWWPWPDPWWWWPWPPWPPWWP
300 12430267
200 874035934 32 47 WPWPPPWPDWWPWPWPPPWWPPPWPPWPPPPWWPPWWPPWPWWWWWPPWP
300 644213888
200 300750559 57 77 PWPPWPPPPPPWPDWWWPPWWWWWPWPPPWWWWPWPWPWWWWPPWPWPWP
400 79 72 25 WWWPWWPWWPWPPWPPPWDWWPPPWWWPWWWPPWPPPWPPPWPWPPWWPP
200 11952128 82 49 WPWWPWPPWPPPWWPWWWWWWPPPPDWWWWPPPWPPWWPWWPWWWWPWPP
400 51 54 1 WWWPWPWPPWPPWPWPPPPPWPPWPWPPWWPWPPWPWWPPWWWWWDWPPW
300 373619012
200 930685270 87 31 WWPPWPWWPWPPWWWPWWPPPPPWWPPPPWWPPWPWPPPWDWWPWPWPWP
200 625122000 85 42 PPPPWWPPWWWPPWPWPWWPPWPPWWPWPPPPWPWWWWDPWWPPPWPPWP
200 57318865 86 44 DPWWPPPPPWPWWPPWWPPWPPWPPPWPWPWPWPWPPPPPPPWWPPPWWP
400 32 65 26 PWPWPWWPWPWPWWWWPPWWPWPPWWWPWPWPPPWPPWPPWWWPDWWWWP
400 57 21 24 WPPPWPWWPWPPWPWWWPWPWWWPPPWWPPWPWPWPWPWPWPPPWPDPWW
200 294637285 10 38 WPPWWWPWWPWDWWPWPWWWWWPWWWPWPWWPWWWPWPPPPPPPPWWPPW
400 23 78 22 WWWWWPWPWWPWWWPWPPPPPPPPPWPWWPWWPPPPPWPWPWPPPDPWPW
200 332459951 100 60 PPWPPWPPPPPWWPWDPWWPPPPWWWWWWPWPWWPWWWPPPWPWWWPWWP
200 664384070 73 97 WPWWPWWWWWPPWWWWWDWWPPWWPPWPWPPWPWPWPPPWWPWPWWPWWP
400 48 24 1 PWWWWPPWWPPPPPPPWWPPWDPWWPPWWWPPWPPWPWWWPPPWWWPPPW
300 275083374
400 37 21 22 WPWWPWPDWPPPPWWPPWWWPWWWWWWWPPWWPWWWWPWWWWPWWWWPPP
200 807840729 32 21 WWPWPDWWWPPPPPPPWWWPWWPWWWPPPPPWWPWPPPPPPPPPPPWPPP
400 60 87 20 PWPPPPPPWWWPPPWPWPWPPPWPDPWPWWWPWWPPWWWPWWPWWWWWPP
200 918091199 34 22 WPWWWPPPPWWWWPWWWPWPWDWWWPWPPWPPWPWWWPWPWWWPPPPWWW
400 12 17 25 PWPPWWWPWPWWWWWPWPWPWWPPPPPPWWPWWWPWDPPPPPPPPWWPWW
400 83 20 23 PWWWPWPWWWPPPWPPPDWPPPPWPPPWWPPPWWWPPPPPPWPWWWPWWP
200 981630712 63 35 WPWWPPWWPPPWPPPWWPWWWWPWPPPWPPWPPWPPWPWWDPPWPWPWPW
400 33 8 22 PPPPWPPWPWWWPWDWPWWPWWPPPWPPPPPPWWWPPWWWWWWPPPWPPP
200 945519379 54 35 PPWWWWWWWWPWWPWWPPWPPWPPWWWPPPWPWWPPWPPWPWDPPWPWPW
300 71866182
300 95175542
200 181210959 62 14 PPWWWWPWWPPWWPPWPPPPWWPPWPWPPWPWWWPPWDWPPWPPWWWPWP
200 680181251 19 78 PWWPWWPWPPWWWWPPPWPWPWPWPPPWPWWWPPWWWPWWWPPDWWWPPW
400 81 86 22 PPWWPWWPWPWWWPPPWWPPPPWWPPPWWPPPPWPWWWWWDPPWPPWPPP
400 88 52 1 WWPWPWPPWPWPWPPPPWPPWPWWWDPPWPPWWWPPPPWWPWWWWPPPPP
400 23 94 27 WPWWPPPWPWWPPWWPWPPWWWWPWPWWPPPDPWWPPWPPPPWWPWWPWW
200 181864013 13 67 PPPPPWPWPWWPWPWWWPPWWWDPWPPPWWWWWWPWWWPPWPPPWPWPWW
300 37461124
200 188171500 65 15 PPWWPPPWPWPPWPWPWWWPWWPPPDWWPPPWPWWPWPPWWPPPWPWWWW
200 872347113 6 41 PWPPWPPPPWWPPDWPPPWWWWWPWPPPWWPWPPWWWWPWPPPPWWPWWP
400 75 71 21 WPPPPWPWWPWPPPWPPPPWWWWPPPWPPPPPPWPWWWPDPWPWWPPPPP
200 893630802 8 1 WPWPWWPWWPPPPWPPWPWWPWWDPWWWPWWWPPPWPPWWPPPPPWPPWW
200 36794167 91 100 WPPPWWPPPPWPPWWWWWPPWWWWWPPPWPPWPPPWPWPPPWDPPPPPPP
200 184827186 86 59 PPPPPPWPPWPWPWWPPWPWPWWWPPWWWPPWWPPWPDPPPWWWPWWWPP
200 334694604 55 11 WWPWWPPPPWWWPPPWWWPPWWWWWWPWWPPPWPWPWWPPPDPPWWWPWP
200 806229835 17 3 WPPPWPWWWWPWWWPWPWWWWPPPPWPPPPWPWWWWDWPWWPPPPPPWWP
400 32 91 21 WPWPPDPWPWWPPPPWPWWWPPWWPWWWWWPPPWWWPWWWPPWWPPPWWW
300 671920286
200 489698986 92 1 PWWWPPWPPWPWPWPWWPWPPPWWWPPPPPPPPPWWPPWPPWDPPWPPWP
200 203325104 41 68 PPPWWWPWWWPWPWPWPWPPWWDWPWPPWWWWWPWWWWPWWPPPWPWWPP
200 63253946 40 23 PPPWWPWPWWPPWPPPPWWDWPWPPWWPWWPWWWWWWPPPPWWWPWWWPW
200 138039 42 83 PPPPWWWPPPPWWDPWWPWPWWWPPPWWWPPWPWWWPWPPPPPWPWPPPW
200 530755408 86 80 WWPPWWPWWPPWWWPWPPWWWWPPPPWPWPPPDWWPWPWPPPPWPWWWWW
200 775110510 53 71 PPWWPWPWWWPDWWPPPWPPWWWWPWWWWWWWWWPWPPWWWPWWPPWWPW
200 462150790 51 53 WWPWWWPWPWWPWWWPWPPWWPWWPWWPDWPWPWWWPPPPWPWPPPPWWP
200 236002697 42 48 WWWPPWWWPWWWWPPWPWPWPWWPPWWPWPWPPDWPWPPPPPPPWWPWPW
200 716021345 35 41 WWPPWWWWWWWWWPWWPPWWWWWDPWPPPWPWWWPWWPWWPPPPPWPPPP
200 586761102 27 98 WWWPPWPWWPPPPWWWPPPPPWWWPPWWWPWWWPPWWPWPDPPPPPWPWP
200 991844347 22 71 PPPPPWPPWWPWWPWPPPWPWWWWPPWWWWWPWPWPWWPWDWWPPPWWPP
200 487339071 59 14 WPPWPWWWWWPWWPDWPPPPWWPWWPPPPWPWWWPWPPPPWPPWWPWWPP
200 907044898 84 97 PWWWWPWWPWPWWPWPWWWWWWWPPDPPWWPWWWWPWPWPPPPPWWPWPW
200 174940969 69 37 WWPWPPWWPWPWWPWWPPWWPWPPWWPPPPWWPDWPWWWPWPWPWPPWWW
200 742114576 33 99 WWPWWWPWWWPWPDPPWPWWWWPPWWWWPWPWPPPWPPPWWPPWWWPWPW
200 28664829 4 1 WWWWWWPWWWPWWPPPPWPPWWWWWPWPPPWPWPPDPWWPWWWWPPPPWW
200 633418273 15 52 WPWPWWPWPWWPWWWPWWPWWWPPPWPWPPPPPPPWWPDPWPPWPPWWPW
200 627762448 22 89 PWDPPPPWWPPWPPWPWWWPPWPWWPPWWPWPWPWWPPPPWWWPWWWPWW
200 413495786 12 43 WWWPPPPPWPPPWPPWPWWWPWWPPPPWWDWPWWWPPPWWWWPWPPPWPP
400 88 39 1 WPWPWWPWWWPPPWPPWPPWPDWPWPPPPWWWPPPPWWPPWWWWPWWPWP
200 642511920 99 77 WPPDWPWWPPPPWPPWWPWPWWPPPWWWWWPPPWPPPPWPWPPWWWWPWW
400 86 31 19 WWWWPWWWWWWWPWWWWWPWPPPWWPWPPWWWDWPPWWWPPWPWPPPPPW
200 285019523 14 10 PWPWWPPWWWPPPPWPPWPWPWPPWPWWWPPWWPWDPPWWWWPPWWWWPP
400 47 21 22 PPWWPWPPPPPWPWWWPWWWDWWWWWWWPWWPPWPPWPPPWPWWPPPWWW
200 195543830 29 33 PPWWWPWWPWWWWWPWPPWPWPWDWPPPWWWPWWPPWWWPPPPPWPWPWW
200 582729457 90 38 PDPWWWWPWPPPWWPPWPPPWWWWPPWWWPWPPWWPPWWWWWWWPPPPPP
400 39 47 26 PWDWWPWPPWPPPWWWWPPPWPWPWPWWWPWPWWPWWWWWPWPWPWWWPW
200 357301968 59 7 PPWWWWWPPPWWWPPWPWPPWPWDPPPPWPWWPPWPPPPPWPWWWWWWWP
200 151546941 46 21 PWPPPPWWWWPWWPWWPWWWPPPWPWWPPWPPWPWPWPWWWWPPWPPPDP
400 64 15 26 PWPWWPPPPWWPPPPDPPPWWPWWPPWPPWPWPPWWPWPPWWPWWWPWPP
200 373161496 34 45 PPPPPPWPWPPWPWPPDPPPPWPWPPWWWWPWWWPWPPPWWPPPWPPPWW
200 297812763 82 7 PWWWDWPPWPPPWWPPPWWPWPPPPWWPPWPPPWPPWWWPPWWWWPPPPW
300 384011955
300 795826559
200 358239227 87 86 WPPPWPWPPWWWWPWPWWPWWPWPPPPWDWPPWWWPWPPPWPWWPWPPWP
400 61 33 24 PWWPDPPWPPWPWPWPWPPPWPWWWPWWPWWPPPPWWPPPWPPWPWPWWP
200 62408933 14 8 PWPPWWPPWPPPDPPWPWPPPPWWPPWWPPPWWPWPPWWWWWPWWPPPPW
400 74 91 22 PWWWWPWWWPWPPWWPPPWPWPPPPPWPWWWPWDPWPPWWPWWWWPPPWP
400 26 66 40 PWWWWPPPPPPPPPPPWWPWWPPWPWWWPWWPPWPPPWWWWWPWWPDPPW
200 455814370 52 7 PWWPWPPWWPWWWWWPPPWWWWPPDWWWPWPPWWPWWPPPPPPWPWWWWW
400 27 58 1 WWPPPPPWWPWWWWWPPWPWWWWPPWWPPWWWWWWWWWPDWPPWPWPPWP
200 733823210 82 43 PPWWPWWWPWWPPPPPWWPWPWWPWWWPPPWWPPDPWWWWWPPPWWPWWP
200 433019765 38 74 PWWPDPPPPPPPPPWWPWWWWPPPPWWPWPPPPWPPWPWWWWWPWPPPWP
200 188893625 22 40 PPPWPPWPWWPPWPPWWPWPWPWPPDPWWPPWWPWWWWPWWWWWWPWPPW
400 24 93 23 WPPWWWPPPWPWPPPWPPPPWDPPWWPPWPPWPWPPWPPWWWWPWWWPPW
200 22501894 41 30 WWPWPPWWPPPWPWWPWPPWPWWWWPPPPPWPWWWWPPWWPPPWPWPWDW
400 27 71 22 PPPPWWWWPPWPWWPWPPPWWWPPPWWWDPWWWPWPWPPPWPWWPWPPPP
200 201133196 56 30 PWPPPPWWWWPPWDPPWPWWPPWWWPWWWPPPWPPWWPPWPPWPPPWWWW
200 19296040 94 15 WPWPWPPPPPPWPWWWWPWWWPWPPWWWWWWPPPPPPWPWPWPDWPWPWP
200 77965809 63 74 WWWPWPDWPPWPWPPPWPPPPPPPPPWPWWWPWPWWWPWWPWWWPWWPPW
200 591841865 65 40 PPPWPWWWWPPWPWWPWPPPPPPWWPPPPWPWWWPWPDPPPWPPPPPPWP
400 27 95 23 PPPPPPWWWPPPWWPDWWPPPPPPWWPWPPPWWWPWWPPWWPWWWPPPPP
400 31 5 23 WPPPPWPPPPPWPPPDWPPWWPWPWWWWPPWWWWPWPPPWPPPWWWWWPW
200 247204804 46 3 PPWWWPWPPWPPWPPWPPPPPWWPPPPWWWWPPPWWWPWDWWWPWWPPPW
200 607190167 85 78 WWWWWPWPWPWPPWPPWPPPPPWPWPPWWPPPWDWPPWPPPPWWWPPPWP
300 773249190
400 47 78 22 PDWWWPPPPPWWWPPPPPPWPPPWWWWPPWPPWWPPPWPWWWPWWWPWPW
400 49 20 1 WPPWPWPPPDPWPPWWPPWPPWPPPWWPWWPWPWPPWPPWWPWWPWWPPW
300 466051781
200 660451092 69 19 WWWPPWPPPPPPPWWPPPWPPPWPWPWWPPWPPPDPWPWPPWPPPPPWWP
200 853112449 9 13 PWWPPWPPPWPWWPDWPWWWWWPWPPWPPPPWWPPPPPWWPPWWPWPPWP
400 40 100 22 PPPWPPPPWWPPWPWWWWWPPWWPPPWPWDPPWPWPWWWPWPPPWPWWPP
400 36 72 43 PPWWPPWWPPWPPWWWPPWPPWWWPWPWWWPPDPWWPPPWWWPWPWPPPW
200 596459861 7 17 WWWWWPPPWWWWPWWPWPWWWPWWPWWPWWWDWPPPPWWPWPWWPPWWPW
200 377168506 80 33 WPPPPPWPPPPPWWPWPPPPDWPPPWPWWWWWWPPPWPPPWWWPPPWPWW
200 593149619 35 77 PPWPWWPWWWWPPPWPPWPPWPPPPWPWWPWPDWPPPWPPPWWWWPPPWP
400 98 96 21 PPWPPPWWWWPWWPWDPPWWWWWWPPPWWPWPPWWPWPPWWWWWWPWWWP
400 21 73 23 WWWWWWPWPWWPWWPPPWPWPPPPPWWWWWWWWPWPWPPWDPPWWPPPPW
200 54865733 24 10 WPPPWWWWWPPPDWPPWWWWPWWPPPWPWPPPPWPPWWPWWPWWPPWPWP
400 10 83 22 PPWWPWWWWPPPWPPWPWPWWWPPPWPWWWWWWWWPWPWPPWPPWPWPDW
200 542486945 2 41 WPWWPPWWDWPWPWWWWPPWWPPPPWWPPWWWPPPWPWWWWWPWPPPPWW
200 553742570 81 97 PPPWWWWPWPWWWPPWWWWPPWWWPWPWPPWPDWWPWPWWPWWWWWWPWW
200 979423353 92 54 WPWWPWWWPWPPPPPPWPPWPPPWPDWWWWPPWPWPPWWPWPWWPPWPPW
200 236589432 45 53 WPPWPPPPPWWWPWPWWWPWPWWPPWWPPWWWPPWWWPWWWPWWWWPPWD
400 37 32 19 WPPPWPWPWPPWWPWPWWPWPPPWWWPPWPPWWPWPPWPPPWWDPPPWPW
400 1 20 1 PWWWPPWPPWWPDWPWWPPPWWPWPWWPWWWPPPPWPWWPWWWWWPWPPW
200 723763160 73 44 PPWWPWWPPWPWWWPWPWPPPWPPPPWPPWPPPPDWWWPWPWWWWPPWPW
200 566939973 33 19 PWWPWWPWWWPWPWWWWWPPWDWWWWPPWWPPPPPPWWWPPWWWWPPPWW
400 54 7 1 WPPPPPPDWPPPPPWPPWWPWPWPWPWPPWPWWWWPWWWPWPPPPWPPPP
200 32309631 73 22 PPWWWPWWPPPPWWWWPWWPPPDWPPWPPPPPPWWWPWWWWWWPWWWWPP
400 54 45 21 WPPWPWPPPPPPWPPWPPWWWPWDWPPWWPPPPWPPWPPPWPPWPWPWWW
200 822606620 64 7 WPPWWPWWPPWWPWPWPWPWPWWWPWWWPPWWWPWWPPWPWPWPWWDPPP
200 36979127 95 52 WPWWPPWPPPWPPWPWWWPPWWPPPWPWPWPPWWDPPPWPWPPWPWWWPP
200 909335195 45 62 PWWWWPPPPPWWPPPPPWWPWWPPPPWPPWWWWPPWWWWWWDWPPWWWPW
300 31750420
200 32563742 14 94 PPPWWPPDPWPWWWPPWPPPPPWWWWWWWWPWWWPWWWWWPPPPWPPWPW
400 35 1 22 WWPWWWPWWWWWWPWWPWPPWWWWPPWPPWPPPWPWPDPWWPPPWPPWWW
200 713922197 24 50 WWPPPWWWWPWWWPPWWPWPPPWPPPPWWPPWWPPPPDPPWWWPPPPPWW
200 671219231 34 32 PWPPPWPPPPWPWWPWPPWWDWPPWWWWWPPWWWWWWWWWPWPWWWPWWW
400 91 84 24 WPPPWPPWWWPPWPWWPPPWPWPPWWPWPPWWPPWWDPPWPWPPPPWWWP
200 623778188 33 4 PWPWWPWPWWPWWWPPPWPPWWWPWDPPPWWPPPWWPWWWWPPPWWPPPW
200 63031571 76 38 PWPWPPWWWWWPPWWPPPPWWPWPPWPWWPPPPWPPWPPPWPWWPPWPDP
400 33 5 20 PWPWWPPPWWPPWPPPWWPDWWWWWPWWWPWPWPWPWPWWWWWWWWPWWW
300 908357524
400 68 61 1 PWPDPWWPWWPPWWPPWPPPWPWWPPPPPPPPWPWPWPWPWPWWWPWPWP
400 5 94 28 WWPPPWWWPWPWPWPWPPPWPPPPDPWPWPPPPWWWPPWPWWPPWPWWWW
